card_id,atk,def,level_rank,linkval,scale,link_marker_count,price_cardmarket_eur,price_tcgplayer_usd,is_extra_deck,is_pendulum,is_fusion,is_ritual,is_synchro,is_xyz,is_link,is_effect,is_normal,card_category
149694341,,,,,,0,0.0,0.0,0,0,0,0,0,0,0,0,0,1
80181649,,,,,,0,0.16,0.17,0,0,0,0,0,0,0,0,0,1
34541863,,,,,,0,0.06,0.21,0,0,0,0,0,0,0,0,0,1
64163367,,,,,,0,0.14,0.18,0,0,0,0,0,0,0,0,0,1
91231901,,,,,,0,0.05,0.11,0,0,0,0,0,0,0,0,0,1
73262676,,,,,,0,0.15,0.19,0,0,0,0,0,0,0,0,0,1
98319530,,,,,,0,0.47,0.62,0,0,0,0,0,0,0,0,0,1
37478723,,,,,,0,0.14,0.23,0,0,0,0,0,0,0,0,0,1
64867422,,,,,,0,0.05,0.09,0,0,0,0,0,0,0,0,0,1
90861137,,,,,,0,0.12,0.23,0,0,0,0,0,0,0,0,0,1
72978038,,,,,,0,0.0,0.0,0,0,0,0,0,0,0,0,0,1
44256816,,,,,,0,0.02,0.58,0,0,0,0,0,0,0,0,0,1
86988864,500.0,1500.0,3.0,,,0,0.15,0.16,0,0,0,0,0,0,0,1,0,0
11714098,1250.0,2100.0,5.0,,,0,0.0,0.0,0,0,0,0,0,0,0,0,1,0
83994646,800.0,1200.0,3.0,,,0,0.02,0.09,0,0,0,0,0,0,0,1,0,0
67048711,,,,,,0,0.33,0.69,0,0,0,0,0,0,0,0,0,1
23771716,1800.0,800.0,4.0,,,0,0.06,0.19,0,0,0,0,0,0,0,0,1,0
86198326,,,,,,0,0.09,0.11,0,0,0,0,0,0,0,0,0,1
14261867,300.0,200.0,2.0,,,0,0.17,0.2,0,0,0,0,0,0,0,1,0,0
4731783,2800.0,,,4.0,,4,0.35,0.32,1,0,0,0,0,0,1,0,0,0
24140059,500.0,300.0,2.0,,,0,0.1,2.15,0,0,0,0,0,0,0,1,0,0
6850209,,,,,,0,0.16,0.17,0,0,0,0,0,0,0,0,0,1
49140998,,,,,,0,0.17,0.54,0,0,0,0,0,0,0,0,0,1
68170903,,,,,,0,0.02,0.13,0,0,0,0,0,0,0,0,0,2
21597117,,,,,,0,0.05,0.13,0,0,0,0,0,0,0,0,0,2
8949584,,,,,,0,0.09,0.1,0,0,0,0,0,0,0,0,0,1
9762295,,,,,,0,0.0,0.0,0,0,0,0,0,0,0,0,0,1
295517,,,,,,0,0.03,0.15,0,0,0,0,0,0,0,0,0,1
32207100,,,,,,0,0.12,0.1,0,0,0,0,0,0,0,0,0,2
51351302,1600.0,1600.0,4.0,,,0,0.1,0.17,0,0,0,0,0,0,0,1,0,0
5728014,,,,,,0,0.13,0.16,0,0,0,0,0,0,0,0,0,2
44553392,,,,,,0,0.02,0.08,0,0,0,0,0,0,0,0,0,2
23587624,,,,,,0,0.02,0.13,0,0,0,0,0,0,0,0,0,1
28596933,,,,,,0,0.03,0.12,0,0,0,0,0,0,0,0,0,1
30012506,1900.0,200.0,4.0,,,0,0.09,0.46,0,0,0,0,0,0,0,1,0,0
13026402,300.0,400.0,2.0,,,0,0.23,0.09,0,0,0,0,0,0,0,1,0,0
75926389,,,,,,0,0.06,0.27,0,0,0,0,0,0,0,0,0,2
65172015,4000.0,4000.0,10.0,,,0,0.13,0.68,1,0,1,0,0,0,0,0,0,0
28645123,,,,,,0,0.04,0.18,0,0,0,0,0,0,0,0,0,2
79015062,,,,,,0,0.24,0.24,0,0,0,0,0,0,0,0,0,1
10493654,,,,,,0,0.08,0.13,0,0,0,0,0,0,0,0,0,1
59332125,,,,,,0,0.04,0.09,0,0,0,0,0,0,0,0,0,1
6552971,,,,,,0,0.03,0.22,0,0,0,0,0,0,0,0,0,1
77421977,,,,,,0,0.04,0.1,0,0,0,0,0,0,0,0,0,2
85327820,,,,,,0,0.05,0.08,0,0,0,0,0,0,0,0,0,1
54374642,,,,,,0,0.05,0.13,0,0,0,0,0,0,0,0,0,2
22933016,,,,,,0,0.06,0.16,0,0,0,0,0,0,0,0,0,1
69381150,,,,,,0,0.03,0.06,0,0,0,0,0,0,0,0,0,2
96146814,100.0,100.0,1.0,,,0,0.12,0.22,0,0,0,0,0,0,0,1,0,0
12694768,1700.0,1100.0,4.0,,,0,0.09,0.11,0,0,0,0,0,0,0,1,0,0
89718302,1200.0,1200.0,4.0,,,0,0.22,0.15,0,0,0,0,0,0,0,1,0,0
1561110,3000.0,2800.0,8.0,,,0,0.15,0.26,1,0,1,0,0,0,0,0,0,0
21846145,,,,,,0,0.05,0.07,0,0,0,0,0,0,0,0,0,2
80801743,,,,,,0,0.6,0.54,0,0,0,0,0,0,0,0,0,2
1966438,3000.0,1500.0,8.0,,,0,0.15,0.2,0,0,0,0,0,0,0,1,0,0
27412542,,,,,,0,0.15,0.15,0,0,0,0,0,0,0,0,0,1
80073414,3400.0,2200.0,11.0,,,0,0.05,0.12,1,0,1,0,0,0,0,0,0,0
70832512,1800.0,1200.0,4.0,,,0,0.08,0.1,0,0,0,0,0,0,0,1,0,0
27744077,,,,,,0,0.06,0.13,0,0,0,0,0,0,0,0,0,2
27553701,2000.0,1500.0,6.0,,,0,0.0,0.0,0,0,0,0,0,0,0,0,1,0
60990740,0.0,0.0,1.0,,,0,0.03,0.07,0,0,0,0,0,0,0,1,0,0
51779204,,,,,,0,0.12,0.13,0,0,0,0,0,0,0,0,0,1
71422989,,,,,,0,0.19,0.17,0,0,0,0,0,0,0,0,0,1
3900605,600.0,500.0,3.0,,,0,0.11,0.14,0,0,0,0,0,0,0,1,0,0
49771608,1300.0,1000.0,4.0,,,0,0.08,0.13,0,0,0,0,0,0,0,1,0,0
67748760,1200.0,2800.0,7.0,,,0,0.11,0.09,0,0,0,0,0,0,0,1,0,0
15308295,1000.0,2000.0,3.0,,8.0,0,0.05,0.14,0,1,0,0,0,0,0,1,0,0
44179224,1100.0,1000.0,4.0,,7.0,0,0.1,0.21,0,1,0,0,0,0,0,1,0,0
52240819,3000.0,2000.0,8.0,,1.0,0,0.77,0.59,0,1,0,0,0,0,0,1,0,0
88412339,100.0,100.0,1.0,,3.0,0,0.04,0.14,0,1,0,0,0,0,0,1,0,0
99634927,300.0,200.0,1.0,,8.0,0,0.07,0.17,0,1,0,0,0,0,0,1,0,0
2368215,800.0,,,1.0,,1,0.09,0.21,1,0,0,0,0,0,1,0,0,0
24907044,1500.0,1000.0,4.0,,2.0,0,0.09,0.24,0,1,0,0,0,0,0,1,0,0
65477143,1500.0,1500.0,4.0,,8.0,0,0.04,0.06,0,1,0,0,0,0,0,1,0,0
78310590,1800.0,2500.0,7.0,,0.0,0,0.05,0.27,0,1,0,0,0,0,0,1,0,0
51028231,1700.0,1000.0,4.0,,2.0,0,0.17,0.24,0,1,0,0,0,0,0,1,0,0
47404795,1600.0,,,2.0,,2,0.05,0.14,1,0,0,0,0,0,1,0,0,0
25629622,2500.0,1800.0,7.0,,3.0,0,0.03,0.29,0,1,0,0,0,0,0,1,0,0
39024589,700.0,700.0,2.0,,8.0,0,0.02,0.07,0,1,0,0,0,0,0,1,0,0
7279373,1000.0,1000.0,4.0,,9.0,0,0.06,0.18,0,1,0,0,0,0,0,1,0,0
51391183,1600.0,1200.0,4.0,,2.0,0,0.06,0.3,0,1,0,0,0,0,0,1,0,0
59057953,,,,,,0,0.04,0.13,0,0,0,0,0,0,0,0,0,2
4682617,,,,,,0,0.08,0.11,0,0,0,0,0,0,0,0,0,2
6004133,,,,,,0,0.12,0.21,0,0,0,0,0,0,0,0,0,1
21044178,1700.0,1400.0,4.0,,,0,0.1,0.13,1,0,0,0,0,1,0,0,0,0
40387124,750.0,400.0,2.0,,,0,0.0,0.0,0,0,0,0,0,0,0,0,1,0
82184400,1500.0,,,2.0,,2,0.02,0.11,1,0,0,0,0,0,1,0,0,0
86132414,,,,,,0,0.1,0.12,0,0,0,0,0,0,0,0,0,2
77297908,,,,,,0,0.07,0.17,0,0,0,0,0,0,0,0,0,1
86578200,,,,,,0,0.09,0.14,0,0,0,0,0,0,0,0,0,1
70564929,,,,,,0,0.28,0.25,0,0,0,0,0,0,0,0,0,1
33503878,,,,,,0,0.05,0.14,0,0,0,0,0,0,0,0,0,1
87390798,,,,,,0,0.06,0.22,0,0,0,0,0,0,0,0,0,1
50179591,,,,,,0,0.09,0.19,0,0,0,0,0,0,0,0,0,1
23784496,,,,,,0,0.08,0.17,0,0,0,0,0,0,0,0,0,1
13662809,,,,,,0,0.02,0.21,0,0,0,0,0,0,0,0,0,1
41803903,,,,,,0,0.07,0.08,0,0,0,0,0,0,0,0,0,1
61496006,1200.0,700.0,5.0,,,0,0.29,0.16,0,0,0,0,0,0,0,1,0,0
18318842,1800.0,1300.0,4.0,,,0,2.78,11.83,0,0,0,0,0,0,0,1,0,0
97232518,,,,,,0,0.13,0.09,0,0,0,0,0,0,0,0,0,2
100460003,0.0,0.0,8.0,,,0,0.0,0.0,1,0,1,0,0,0,0,0,0,0
88409165,1800.0,1300.0,4.0,,,0,0.1,0.18,0,0,0,0,0,0,0,1,0,0
19596712,,,,,,0,0.21,0.28,0,0,0,0,0,0,0,0,0,1
8719957,,,,,,0,0.22,0.25,0,0,0,0,0,0,0,0,0,1
72932673,,,,,,0,0.23,0.35,0,0,0,0,0,0,0,0,0,1
79206750,,,,,,0,0.15,0.13,0,0,0,0,0,0,0,0,0,2
60202749,,,,,,0,19.76,24.29,0,0,0,0,0,0,0,0,0,2
34707034,,,,,,0,1.04,0.47,0,0,0,0,0,0,0,0,0,2
63941169,,,,,,0,0.16,0.16,0,0,0,0,0,0,0,0,0,2
81878201,,,,,,0,0.08,0.13,0,0,0,0,0,0,0,0,0,1
97697447,,,,,,0,0.27,0.25,0,0,0,0,0,0,0,0,0,2
89801755,,,,,,0,0.11,0.14,0,0,0,0,0,0,0,0,0,1
44223284,1700.0,600.0,4.0,,,0,0.05,0.16,0,0,0,0,0,0,0,1,0,0
17080584,1600.0,1600.0,3.0,,,0,0.53,0.25,0,0,0,0,0,0,0,1,0,0
9453320,2100.0,2800.0,7.0,,,0,0.24,0.25,1,0,0,0,0,1,0,0,0,0
30983281,2500.0,2000.0,8.0,,,0,0.3,0.23,1,0,0,0,1,0,0,0,0,0
37675907,500.0,2100.0,5.0,,,0,0.11,0.25,1,0,0,0,1,0,0,0,0,0
34838437,,,,,,0,0.18,0.18,0,0,0,0,0,0,0,0,0,1
86066372,2300.0,,,4.0,,4,0.02,0.21,1,0,0,0,0,0,1,0,0,0
98444741,,,,,,0,1.05,0.77,0,0,0,0,0,0,0,0,0,2
10796448,2500.0,2500.0,7.0,,,0,0.26,0.24,1,0,1,0,0,0,0,0,0,0
98865920,1200.0,600.0,3.0,,,0,0.05,0.11,0,0,0,0,0,0,0,1,0,0
62476197,1400.0,400.0,3.0,,,0,0.1,0.1,0,0,0,0,0,0,0,1,0,0
15808381,800.0,800.0,2.0,,,0,0.12,0.1,0,0,0,0,0,0,0,1,0,0
77568553,900.0,700.0,3.0,,,0,0.84,0.0,0,0,0,0,0,0,0,0,1,0
21323861,,,,,,0,0.15,0.13,0,0,0,0,0,0,0,0,0,1
41356845,,,,,,0,0.13,0.15,0,0,0,0,0,0,0,0,0,2
35956022,,,,,,0,0.07,0.1,0,0,0,0,0,0,0,0,0,1
21051977,200.0,400.0,1.0,,,0,0.25,0.13,0,0,0,0,0,0,0,1,0,0
47372349,1000.0,1800.0,3.0,,,0,0.1,0.15,0,0,0,0,0,0,0,0,1,0
33656832,800.0,2300.0,5.0,,2.0,0,0.24,0.24,0,1,0,0,0,0,0,1,0,0
35498188,,,,,,0,0.05,0.14,0,0,0,0,0,0,0,0,0,1
99004583,,,,,,0,0.06,0.14,0,0,0,0,0,0,0,0,0,1
81555617,1500.0,2000.0,8.0,,,0,0.16,0.17,0,0,0,0,0,0,0,1,0,0
11302671,1500.0,700.0,4.0,,,0,0.14,0.14,0,0,0,0,0,0,0,0,0,0
24925387,1400.0,1100.0,6.0,,,0,0.36,2.02,0,0,0,0,0,0,0,0,0,0
10286023,0.0,2200.0,4.0,,,0,0.09,0.23,0,0,0,0,0,0,0,1,0,0
47897376,0.0,2200.0,4.0,,,0,0.08,0.21,0,0,0,0,0,0,0,1,0,0
74891384,0.0,2200.0,4.0,,,0,0.08,0.2,0,0,0,0,0,0,0,1,0,0
51420096,0.0,2200.0,4.0,,,0,0.13,0.23,0,0,0,0,0,0,0,1,0,0
99927991,,,,,,0,0.19,0.24,0,0,0,0,0,0,0,0,0,1
46552140,,,,,,0,0.16,0.27,0,0,0,0,0,0,0,0,0,1
41458361,1800.0,,,2.0,,2,0.02,4.52,1,0,0,0,0,0,1,0,0,0
30068809,,,,,,0,0.45,4.28,0,0,0,0,0,0,0,0,0,1
9341993,,,,,,0,0.12,0.18,0,0,0,0,0,0,0,0,0,2
85914562,100.0,2100.0,2.0,,,0,0.13,0.22,0,0,0,0,0,0,0,0,0,0
45730592,,,,,,0,0.09,0.17,0,0,0,0,0,0,0,0,0,2
9464441,3000.0,2200.0,8.0,,,0,0.31,0.45,1,0,0,0,1,0,0,0,0,0
47674738,2400.0,2200.0,6.0,,,0,0.3,0.24,1,0,0,0,1,0,0,0,0,0
73079836,2200.0,2800.0,6.0,,,0,0.3,0.27,1,0,0,0,1,0,0,0,0,0
89913287,3300.0,2200.0,10.0,,,0,0.13,0.38,1,0,0,0,1,0,0,0,0,0
48519867,1200.0,1000.0,2.0,,,0,0.11,0.15,0,0,0,0,0,0,0,0,0,0
72957245,,,,,,0,0.39,0.39,0,0,0,0,0,0,0,0,0,1
23812568,,,,,,0,0.08,0.11,0,0,0,0,0,0,0,0,0,1
62325062,,,,,,0,0.07,0.25,0,0,0,0,0,0,0,0,0,2
53828396,1000.0,1000.0,3.0,,,0,0.02,0.23,0,0,0,0,0,0,0,1,0,0
94119480,2600.0,1700.0,5.0,,,0,0.26,0.32,1,0,0,0,0,1,0,0,0,0
15464375,1000.0,1000.0,5.0,,,0,0.13,0.19,0,0,0,0,0,0,0,1,0,0
51630558,,,,,,0,0.06,0.09,0,0,0,0,0,0,0,0,0,1
38589847,,,,,,0,0.1,0.16,0,0,0,0,0,0,0,0,0,1
76224717,,,,,,0,0.14,0.35,0,0,0,0,0,0,0,0,0,1
18847598,1700.0,1600.0,4.0,,,0,0.38,0.45,0,0,0,0,0,0,0,1,0,0
19963185,1200.0,400.0,3.0,,,0,0.26,0.44,0,0,0,0,0,0,0,1,0,0
45236142,1400.0,800.0,4.0,,,0,0.22,0.4,0,0,0,0,0,0,0,1,0,0
46358784,600.0,2000.0,3.0,,,0,0.31,0.43,0,0,0,0,0,0,0,1,0,0
83575471,300.0,300.0,3.0,,,0,0.64,0.47,0,0,0,0,0,0,0,1,0,0
71620241,1800.0,1200.0,4.0,,,0,0.52,0.63,0,0,0,0,0,0,0,1,0,0
72843899,1600.0,1000.0,4.0,,,0,0.38,0.43,0,0,0,0,0,0,0,1,0,0
12644061,,,,,,0,0.04,0.05,0,0,0,0,0,0,0,0,0,1
61314842,,,,,,0,0.08,0.14,0,0,0,0,0,0,0,0,0,1
46052429,,,,,,0,0.1,0.25,0,0,0,0,0,0,0,0,0,1
1280391,,,,,,0,0.18,0.24,0,0,0,0,0,0,0,0,0,1
10678778,-1.0,3000.0,8.0,,,0,0.12,0.16,1,0,0,0,0,1,0,0,0,0
47060347,,,,,,0,0.1,0.12,0,0,0,0,0,0,0,0,0,2
7935043,,,,,,0,0.07,0.17,0,0,0,0,0,0,0,0,0,2
28143384,2100.0,2600.0,6.0,,,0,0.11,0.2,1,0,1,0,0,0,0,0,0,0
70875955,,,,,,0,0.08,0.09,0,0,0,0,0,0,0,0,0,2
83094004,200.0,200.0,1.0,,,0,0.02,0.07,0,0,0,0,0,0,0,0,0,0
56804361,2300.0,1600.0,6.0,,,0,0.03,0.1,0,0,0,0,0,0,0,1,0,0
28865322,2300.0,1600.0,6.0,,4.0,0,0.13,0.13,0,1,0,0,0,0,0,1,0,0
82263578,,,,,,0,0.08,0.1,0,0,0,0,0,0,0,0,0,1
25345186,,,,,,0,0.11,0.24,0,0,0,0,0,0,0,0,0,1
43575579,,,,,,0,0.08,0.25,0,0,0,0,0,0,0,0,0,1
64952266,,,,,,0,0.02,0.2,0,0,0,0,0,0,0,0,0,1
2411269,3000.0,,,4.0,,4,0.09,0.08,1,0,0,0,0,0,1,0,0,0
27822206,,,,,,0,0.05,0.07,0,0,0,0,0,0,0,0,0,1
16135253,1500.0,1300.0,4.0,,,0,0.11,0.09,0,0,0,0,0,0,0,1,0,0
62320425,1500.0,1300.0,4.0,,,0,1.04,0.43,0,0,0,0,0,0,0,1,0,0
13014905,1700.0,0.0,4.0,,,0,0.04,0.08,0,0,0,0,0,0,0,0,0,0
86377375,1700.0,0.0,4.0,,,0,0.07,0.2,0,0,0,0,0,0,0,1,0,0
96084564,0.0,0.0,1.0,,,0,0.32,0.17,0,0,0,0,0,0,0,1,0,0
69023354,1400.0,1400.0,4.0,,,0,0.04,0.17,0,0,0,0,0,0,0,1,0,0
98864751,,,,,,0,0.02,0.11,0,0,0,0,0,0,0,0,0,1
8353769,2100.0,1600.0,6.0,,,0,0.65,0.0,0,0,0,0,0,0,0,0,1,0
18036057,1900.0,1400.0,5.0,,,0,0.14,0.2,0,0,0,0,0,0,0,1,0,0
84747429,1400.0,300.0,3.0,,,0,0.05,0.1,0,0,0,0,0,0,0,1,0,0
48202661,100.0,100.0,5.0,,,0,0.08,0.3,0,0,0,0,0,0,0,0,1,0
101403038,900.0,2600.0,5.0,,,0,0.0,0.0,1,0,0,0,1,0,0,0,0,0
84288367,2000.0,2800.0,8.0,,,0,0.43,0.25,0,0,0,0,0,0,0,1,0,0
35877582,2000.0,2800.0,8.0,,,0,0.37,0.53,1,0,1,0,0,0,0,0,0,0
63378869,1500.0,0.0,4.0,,,0,0.06,0.05,0,0,0,0,0,0,0,1,0,0
38035986,1000.0,800.0,3.0,,,0,0.0,0.0,0,0,0,0,0,0,0,0,1,0
28776350,1700.0,,,2.0,,2,1.27,0.79,1,0,0,0,0,0,1,0,0,0
38331244,3000.0,300.0,8.0,,,0,10.01,12.01,0,0,0,0,0,0,0,1,0,0
36904469,1700.0,1400.0,5.0,,,0,9.12,0.0,0,0,0,0,0,0,0,0,1,0
38837163,1500.0,1000.0,6.0,,,0,0.31,0.11,0,0,0,0,0,0,0,1,0,0
25795273,1600.0,1000.0,3.0,,,0,0.09,0.1,0,0,0,0,0,0,0,0,0,0
93053159,4500.0,2500.0,8.0,,,0,2.83,1.43,1,0,1,0,0,0,0,0,0,0
3410461,2500.0,2500.0,8.0,,,0,0.18,0.17,1,0,1,0,0,0,0,0,0,0
37683547,1800.0,0.0,4.0,,,0,0.25,0.16,0,0,0,0,0,0,0,1,0,0
87746184,2500.0,2000.0,8.0,,,0,0.2,0.22,1,0,1,0,0,0,0,0,0,0
38811586,3000.0,2500.0,8.0,,,0,0.14,0.16,1,0,1,0,0,0,0,0,0,0
25451383,2500.0,2000.0,8.0,,,0,0.05,0.08,0,0,0,0,0,0,0,1,0,0
65301952,1500.0,1500.0,4.0,,,0,15.41,21.17,1,0,0,0,0,1,0,0,0,0
78121572,1200.0,1800.0,4.0,,,0,0.1,0.28,0,0,0,0,0,0,0,1,0,0
65384019,,,,,,0,0.11,0.11,0,0,0,0,0,0,0,0,0,2
100460002,0.0,0.0,6.0,,,0,0.0,0.0,1,0,1,0,0,0,0,0,0,0
17573739,2400.0,2000.0,6.0,,,0,0.31,0.37,0,0,0,0,0,0,0,1,0,0
98787535,2000.0,800.0,8.0,,,0,0.26,0.18,0,0,0,0,0,0,0,1,0,0
86120751,1000.0,1800.0,4.0,,,0,0.14,0.12,0,0,0,0,0,0,0,1,0,0
97973962,1800.0,,0.0,2.0,,2,8.7,6.41,1,0,0,0,0,0,1,0,0,0
57294268,1800.0,1000.0,4.0,,,0,12.61,12.52,0,0,0,0,0,0,0,1,0,0
26372118,,,,,,0,0.1,0.21,0,0,0,0,0,0,0,0,0,1
43096270,2000.0,100.0,4.0,,,0,0.07,0.12,0,0,0,0,0,0,0,0,1,0
45154513,2800.0,2300.0,8.0,,,0,0.05,0.27,0,0,0,0,0,0,0,1,0,0
14504454,0.0,2000.0,3.0,,,0,0.23,0.29,0,0,0,0,0,0,0,1,0,0
47728740,1200.0,0.0,3.0,,,0,0.33,0.32,0,0,0,0,0,0,0,1,0,0
652362,500.0,200.0,1.0,,,0,0.15,0.21,0,0,0,0,0,0,0,0,0,0
17490535,,,,,,0,0.11,0.11,0,0,0,0,0,0,0,0,0,2
15475415,1500.0,1000.0,3.0,,,0,0.17,0.39,0,0,0,0,0,0,0,1,0,0
62437709,300.0,800.0,2.0,,,0,0.17,0.28,0,0,0,0,0,0,0,1,0,0
62315111,1600.0,800.0,4.0,,,0,0.11,0.15,0,0,0,0,0,0,0,1,0,0
38468214,1600.0,700.0,4.0,,,0,0.28,0.5,0,0,0,0,0,0,0,0,0,0
76573247,800.0,500.0,2.0,,,0,0.14,0.12,0,0,0,0,0,0,0,1,0,0
64160836,1600.0,700.0,4.0,,,0,5.71,9.19,0,0,0,0,0,0,0,1,0,0
99532708,1000.0,1000.0,3.0,,,0,0.08,0.2,0,0,0,0,0,0,0,1,0,0
24104865,2300.0,1500.0,6.0,,,0,0.61,0.49,0,0,0,0,0,0,0,1,0,0
63253763,2200.0,1600.0,6.0,,,0,0.89,0.92,0,0,0,0,0,0,0,1,0,0
58012107,200.0,100.0,1.0,,,0,0.1,0.13,0,0,0,0,0,0,0,1,0,0
97127906,1900.0,800.0,4.0,,,0,1.17,0.69,0,0,0,0,0,0,0,0,1,0
74974229,1900.0,,,2.0,,2,0.16,0.3,1,0,0,0,0,0,1,0,0,0
25920413,1600.0,1800.0,4.0,,,0,0.16,0.16,0,0,0,0,0,0,0,1,0,0
58066722,1700.0,1500.0,4.0,,,0,0.06,0.1,0,0,0,0,0,0,0,1,0,0
91070115,1600.0,1000.0,4.0,,,0,1.42,4.5,0,0,0,0,0,0,0,1,0,0
98719226,1800.0,1000.0,4.0,,,0,1.68,1.96,0,0,0,0,0,0,0,1,0,0
70924884,950.0,700.0,3.0,,,0,0.06,0.24,0,0,0,0,0,0,0,0,1,0
70335319,3000.0,2500.0,10.0,,0.0,0,0.39,0.55,0,1,0,0,0,0,0,1,0,0
30834988,,,,,,0,0.1,0.13,0,0,0,0,0,0,0,0,0,2
39138610,2300.0,,,5.0,,5,0.17,0.18,1,0,0,0,0,0,1,0,0,0
4881365,1700.0,1500.0,5.0,,,0,0.12,0.21,0,0,0,0,0,0,0,1,0,0
64428736,1500.0,1200.0,4.0,,,0,0.05,0.13,0,0,0,0,0,0,0,0,1,0
3366982,1700.0,1500.0,5.0,,,0,0.07,0.13,1,0,1,0,0,0,0,0,0,0
68316358,,,,,,0,0.12,0.15,0,0,0,0,0,0,0,0,0,1
1475311,,,,,,0,0.18,0.2,0,0,0,0,0,0,0,0,0,1
31322640,,,,,,0,0.21,0.14,0,0,0,0,0,0,0,0,0,1
87257460,500.0,500.0,3.0,,,0,0.07,0.08,0,0,0,0,0,0,0,1,0,0
23756165,1000.0,1000.0,5.0,,,0,0.09,0.09,0,0,0,0,0,0,0,1,0,0
50140163,1500.0,1500.0,7.0,,,0,0.02,0.14,0,0,0,0,0,0,0,1,0,0
92881099,,,,,,0,0.31,0.3,0,0,0,0,0,0,0,0,0,1
3544583,0.0,2100.0,2.0,,,0,0.07,0.17,1,0,1,0,0,0,0,0,0,0
40155554,1800.0,1400.0,5.0,,,0,0.09,0.17,0,0,0,0,0,0,0,0,1,0
26593852,2200.0,1200.0,5.0,,,0,1.11,1.74,1,0,0,0,1,0,0,0,0,0
89386122,2300.0,1200.0,6.0,,,0,0.06,0.07,0,0,0,0,0,0,0,0,1,0
36629203,1200.0,200.0,3.0,,,0,0.08,0.13,0,0,0,0,0,0,0,1,0,0
8822710,2400.0,1200.0,8.0,,,0,0.06,0.15,0,0,0,0,0,0,0,1,0,0
8233522,1000.0,1000.0,3.0,,,0,0.35,0.22,0,0,0,0,0,0,0,0,0,0
45586855,1400.0,1200.0,3.0,,,0,0.03,0.08,0,0,0,0,0,0,0,0,0,0
9888196,3300.0,3300.0,10.0,,,0,0.2,0.27,1,0,0,0,1,0,0,0,0,0
45033006,1800.0,1800.0,6.0,,,0,0.06,0.11,0,0,0,0,0,0,0,1,0,0
69461394,2900.0,2600.0,9.0,,,0,0.15,0.16,1,0,0,0,1,0,0,0,0,0
25771826,1600.0,400.0,4.0,,,0,0.07,0.14,0,0,0,0,0,0,0,1,0,0
19204398,2400.0,1600.0,8.0,,,0,0.59,0.26,1,0,0,0,1,0,0,0,0,0
76650663,1600.0,1200.0,4.0,,,0,0.06,0.11,0,0,0,0,0,0,0,1,0,0
45450218,2200.0,800.0,5.0,,,0,0.06,0.07,0,0,0,0,0,0,0,1,0,0
72845813,1700.0,1200.0,4.0,,,0,0.26,0.39,0,0,0,0,0,0,0,1,0,0
55982698,1200.0,1200.0,4.0,,,0,0.06,0.13,0,0,0,0,0,0,0,1,0,0
52265835,1900.0,1200.0,5.0,,,0,0.07,0.06,0,0,0,0,0,0,0,1,0,0
3648368,1400.0,100.0,3.0,,,0,0.05,0.13,0,0,0,0,0,0,0,1,0,0
85876417,1700.0,0.0,4.0,,,0,0.09,0.14,0,0,0,0,0,0,0,1,0,0
71438011,2700.0,2200.0,8.0,,,0,0.05,0.08,0,0,0,0,0,0,0,1,0,0
22371016,1200.0,800.0,3.0,,,0,0.02,0.11,0,0,0,0,0,0,0,1,0,0
82377606,600.0,200.0,2.0,,,0,0.07,0.15,0,0,0,0,0,0,0,1,0,0
59482302,400.0,300.0,2.0,,,0,0.14,0.23,0,0,0,0,0,0,0,1,0,0
92998610,1700.0,300.0,4.0,,,0,0.04,0.11,0,0,0,0,0,0,0,1,0,0
77797992,2700.0,2100.0,7.0,,,0,0.08,0.14,0,0,0,0,0,0,0,1,0,0
73355951,,,,,,0,0.03,0.07,0,0,0,0,0,0,0,0,0,2
42023223,1700.0,1100.0,3.0,,,0,0.07,0.17,0,0,0,0,0,0,0,1,0,0
99785935,1400.0,1700.0,4.0,,,0,0.12,0.43,0,0,0,0,0,0,0,0,1,0
73304257,3000.0,2500.0,8.0,,,0,0.07,0.12,0,0,0,0,0,0,0,1,0,0
10406322,2300.0,3200.0,8.0,,,0,0.02,0.27,1,0,0,0,0,1,0,0,0,0
21070956,,,,,,0,0.05,0.18,0,0,0,0,0,0,0,0,0,2
61470213,3000.0,,,4.0,,4,0.36,0.32,1,0,0,0,0,0,1,0,0,0
80143954,,,,,,0,0.1,0.17,0,0,0,0,0,0,0,0,0,2
21187631,2200.0,1200.0,6.0,,,0,0.13,0.23,1,0,0,0,1,0,0,0,0,0
86885905,,,,,,0,0.05,0.2,0,0,0,0,0,0,0,0,0,2
98753320,,,,,,0,0.13,0.11,0,0,0,0,0,0,0,0,0,2
12977245,0.0,1000.0,2.0,,,0,0.05,0.07,0,0,0,0,0,0,0,0,0,0
85673903,1400.0,1200.0,4.0,,,0,0.15,0.19,0,0,0,0,0,0,0,1,0,0
2547033,,,,,,0,0.09,0.1,0,0,0,0,0,0,0,0,0,2
1508649,1500.0,,0.0,2.0,,2,0.08,0.07,1,0,0,0,0,0,1,0,0,0
76685519,1000.0,,0.0,2.0,,2,0.08,0.18,1,0,0,0,0,0,1,0,0,0
52927340,0.0,2400.0,5.0,,,0,0.06,0.09,0,0,0,0,0,0,0,1,0,0
27132400,1500.0,0.0,3.0,,,0,0.09,0.24,0,0,0,0,0,0,0,0,0,0
35146019,,,,,,0,0.07,0.09,0,0,0,0,0,0,0,0,0,2
53143898,1600.0,1700.0,4.0,,,0,0.05,0.08,0,0,0,0,0,0,0,1,0,0
25533642,500.0,300.0,1.0,,,0,0.05,0.14,0,0,0,0,0,0,0,1,0,0
23790299,2800.0,,,4.0,,4,0.87,0.35,1,0,0,0,0,0,1,0,0,0
42790071,1200.0,800.0,3.0,,,0,0.06,0.08,0,0,0,0,0,0,0,1,0,0
54126514,500.0,300.0,1.0,,,0,0.08,0.2,0,0,0,0,0,0,0,1,0,0
57769391,100.0,100.0,1.0,,,0,0.03,0.1,0,0,0,0,0,0,0,1,0,0
59185998,300.0,100.0,1.0,,,0,0.63,0.32,0,0,0,0,0,0,0,1,0,0
93503294,2100.0,,0.0,3.0,,3,0.07,0.12,1,0,0,0,0,0,1,0,0,0
27541563,,,,,,0,0.08,0.1,0,0,0,0,0,0,0,0,0,2
22024279,,,,,,0,0.08,0.15,0,0,0,0,0,0,0,0,0,2
89538537,800.0,1500.0,2.0,,,0,0.06,0.04,0,0,0,0,0,0,0,1,0,0
27632240,1400.0,1200.0,4.0,,,0,0.07,0.07,0,0,0,0,0,0,0,1,0,0
62962630,1800.0,0.0,4.0,,,0,0.16,0.1,0,0,0,0,0,0,0,1,0,0
27024795,1500.0,1000.0,4.0,,,0,0.16,0.27,0,0,0,0,0,0,0,1,0,0
45151304,,,,,,0,0.0,0.0,0,0,0,0,0,0,0,0,0,2
2139640,0.0,0.0,3.0,,,0,0.92,1.87,0,0,0,0,0,0,0,1,0,0
32181268,1900.0,1200.0,4.0,,,0,0.56,0.53,0,0,0,0,0,0,0,0,0,0
43739056,1000.0,1000.0,3.0,,,0,0.04,0.09,0,0,0,0,0,0,0,0,0,0
18988391,100.0,200.0,1.0,,,0,0.08,0.09,0,0,0,0,0,0,0,1,0,0
20073910,3000.0,3000.0,9.0,,,0,0.2,0.2,0,0,0,0,0,0,0,0,0,0
662855,3000.0,,,4.0,,4,52.18,0.0,1,0,0,0,0,0,1,0,0,0
66984907,,,,,,0,0.53,0.49,0,0,0,0,0,0,0,0,0,2
92650018,,,,,,0,0.94,0.52,0,0,0,0,0,0,0,0,0,2
29867611,,,,,,0,0.04,0.08,0,0,0,0,0,0,0,0,0,2
55262310,,,,,,0,0.06,0.21,0,0,0,0,0,0,0,0,0,2
36591747,,,,,,0,0.03,0.02,0,0,0,0,0,0,0,0,0,2
97182396,,,,,,0,0.05,0.09,0,0,0,0,0,0,0,0,0,2
93473606,,,,,,0,0.06,0.18,0,0,0,0,0,0,0,0,0,2
31600845,2600.0,2200.0,7.0,,,0,0.07,0.12,0,0,0,0,0,0,0,1,0,0
94821366,2600.0,2200.0,7.0,,,0,3.13,1.64,0,0,0,0,0,0,0,1,0,0
30829071,1600.0,900.0,3.0,,,0,0.07,0.14,0,0,0,0,0,0,0,1,0,0
22662014,1800.0,1400.0,4.0,,,0,0.07,0.17,0,0,0,0,0,0,0,1,0,0
67314110,1400.0,1800.0,4.0,,,0,0.8,0.55,0,0,0,0,0,0,0,1,0,0
20989253,,,,,,0,0.08,0.24,0,0,0,0,0,0,0,0,0,2
33773528,,,,,,0,0.07,0.19,0,0,0,0,0,0,0,0,0,1
6374519,,,,,,0,0.02,0.18,0,0,0,0,0,0,0,0,0,1
37803970,,,,,,0,0.05,0.09,0,0,0,0,0,0,0,0,0,1
70389815,,,,,,0,1.73,0.71,0,0,0,0,0,0,0,0,0,1
17968114,1300.0,1400.0,4.0,,,0,2.26,14.67,0,0,0,0,0,0,0,0,1,0
91869203,1400.0,1000.0,4.0,,,0,0.05,0.36,0,0,0,0,0,0,0,1,0,0
67987611,,,,,,0,0.14,0.35,0,0,0,0,0,0,0,0,0,2
23965033,3200.0,2800.0,10.0,,,0,0.04,0.14,1,0,1,0,0,0,0,0,0,0
10928224,500.0,500.0,2.0,,,0,0.86,0.44,0,0,0,0,0,0,0,1,0,0
73574678,800.0,1500.0,3.0,,,0,0.02,0.36,0,0,0,0,0,0,0,1,0,0
57312333,,,,,,0,0.33,0.2,0,0,0,0,0,0,0,0,0,1
29654737,1500.0,1300.0,4.0,,,0,0.2,0.18,0,0,0,0,0,0,0,1,0,0
4591250,2800.0,2400.0,8.0,,,0,0.09,0.62,1,0,1,0,0,0,0,0,0,0
55821894,1500.0,1300.0,4.0,,,0,0.02,0.33,0,0,0,0,0,0,0,1,0,0
36100154,,,,,,0,0.1,0.16,0,0,0,0,0,0,0,0,0,1
97692972,2000.0,1200.0,5.0,,1.0,0,0.05,0.16,0,1,0,0,0,0,0,1,0,0
25396150,,,,,,0,0.17,0.22,0,0,0,0,0,0,0,0,0,2
79965360,,,,,,0,0.08,0.26,0,0,0,0,0,0,0,0,0,1
62480168,,,,,,0,0.13,0.23,0,0,0,0,0,0,0,0,0,2
83407038,,,,,,0,0.02,0.19,0,0,0,0,0,0,0,0,0,2
47480070,1700.0,300.0,4.0,,,0,0.03,0.26,0,0,0,0,0,0,0,1,0,0
68507541,2500.0,2400.0,7.0,,,0,0.05,0.33,1,0,1,0,0,0,0,0,0,0
59353647,2900.0,2800.0,9.0,,,0,0.07,0.13,1,0,1,0,0,0,0,0,0,0
84539520,1200.0,900.0,3.0,,,0,0.92,0.24,0,0,0,0,0,0,0,1,0,0
15951532,2400.0,1800.0,6.0,,,0,0.09,0.25,0,0,0,0,0,0,0,1,0,0
53162898,1400.0,700.0,4.0,,,0,0.08,0.14,0,0,0,0,0,0,0,1,0,0
71209500,500.0,1100.0,2.0,,,0,0.1,0.23,0,0,0,0,0,0,0,1,0,0
86758746,,,,,,0,0.06,0.12,0,0,0,0,0,0,0,0,0,1
6459419,,,,,,0,0.17,0.12,0,0,0,0,0,0,0,0,0,2
24087580,1200.0,2000.0,3.0,,7.0,0,0.06,0.18,0,1,0,0,0,0,0,1,0,0
81325903,,,,,,0,0.03,0.21,0,0,0,0,0,0,0,0,0,1
97870394,800.0,1800.0,2.0,,,0,0.04,0.14,0,0,0,0,0,0,0,1,0,0
31102447,800.0,1200.0,3.0,,,0,0.06,0.26,0,0,0,0,0,0,0,1,0,0
94004268,1500.0,1600.0,4.0,,,0,0.11,0.26,0,0,0,0,0,0,0,1,0,0
10979723,1100.0,1500.0,4.0,,,0,0.05,0.33,0,0,0,0,0,0,0,1,0,0
89567993,1500.0,1300.0,4.0,,,0,0.04,0.16,0,0,0,0,0,0,0,1,0,0
712559,,,,,,0,0.12,0.32,0,0,0,0,0,0,0,0,0,1
50486289,1900.0,0.0,5.0,,,0,0.06,0.12,0,0,0,0,0,0,0,1,0,0
22082163,,,,,,0,0.11,0.28,0,0,0,0,0,0,0,0,0,2
41224658,2400.0,100.0,6.0,,,0,0.07,0.1,0,0,0,0,0,0,0,1,0,0
98927491,2300.0,1800.0,6.0,,,0,0.09,0.12,1,0,1,0,0,0,0,0,0,0
36378213,300.0,1200.0,3.0,,,0,0.08,0.15,0,0,0,0,0,0,0,1,0,0
77972406,,,,,,0,0.24,0.17,0,0,0,0,0,0,0,0,0,2
13332685,2400.0,1800.0,8.0,,,0,0.3,0.18,0,0,0,1,0,0,0,1,0,0
19899073,3200.0,800.0,8.0,,,0,0.14,0.12,0,0,0,1,0,0,0,1,0,0
95174353,300.0,350.0,1.0,,,0,0.13,0.19,0,0,0,0,0,0,0,1,0,0
40213117,600.0,2000.0,3.0,,,0,0.15,0.18,0,0,0,0,0,0,0,1,0,0
98287529,2950.0,2500.0,8.0,,,0,0.05,0.16,0,0,0,1,0,0,0,1,0,0
33300669,0.0,2050.0,4.0,,5.0,0,0.27,0.25,0,1,0,0,0,0,0,1,0,0
34522216,0.0,1850.0,2.0,,5.0,0,0.23,0.17,0,1,0,0,0,0,0,1,0,0
69072185,2750.0,0.0,8.0,,5.0,0,0.27,0.26,0,1,0,0,0,0,0,1,0,0
7305060,0.0,1950.0,4.0,,3.0,0,0.19,0.18,0,1,0,0,0,0,0,1,0,0
50554729,,,,,,0,0.21,0.15,0,0,0,0,0,0,0,0,0,1
70917315,1350.0,0.0,2.0,,5.0,0,0.35,0.25,0,1,0,0,0,0,0,1,0,0
47598941,,,,,,0,0.11,0.14,0,0,0,0,0,0,0,0,0,2
6283472,1750.0,0.0,4.0,,3.0,0,0.09,0.12,0,1,0,0,0,0,0,1,0,0
32687071,2250.0,0.0,6.0,,3.0,0,2.87,2.37,0,1,0,0,0,0,0,1,0,0
79794767,1650.0,0.0,4.0,,3.0,0,0.17,0.16,0,1,0,0,0,0,0,1,0,0
23160024,,,,,,0,0.05,0.12,0,0,0,0,0,0,0,0,0,1
67371383,2400.0,2000.0,6.0,,,0,0.2,0.56,0,0,0,0,0,0,0,0,1,0
40173854,1850.0,1300.0,5.0,,,0,3.0,0.66,1,0,1,0,0,0,0,0,0,0
4754691,1850.0,1500.0,5.0,,,0,0.04,0.08,0,0,0,0,0,0,0,1,0,0
64342551,1500.0,1300.0,4.0,,,0,0.04,0.19,0,0,0,0,0,0,0,1,0,0
20665527,2600.0,,,4.0,,4,0.2,0.12,1,0,0,0,0,0,1,0,0,0
303660,,,,,,0,0.04,0.1,0,0,0,0,0,0,0,0,0,1
75380687,2900.0,2500.0,8.0,,,0,0.4,0.57,1,0,1,0,0,0,0,0,0,0
5183693,,,,,,0,0.08,0.17,0,0,0,0,0,0,0,0,0,1
61160289,2700.0,2100.0,8.0,,,0,2.39,1.84,0,0,0,0,0,0,0,1,0,0
23927567,300.0,500.0,2.0,,,0,0.1,0.66,0,0,0,0,0,0,0,1,0,0
19763315,,,,,,0,0.29,0.37,0,0,0,0,0,0,0,0,0,2
80570228,500.0,0.0,3.0,,,0,0.08,0.15,0,0,0,0,0,0,0,0,0,0
58324930,1800.0,100.0,4.0,,,0,0.07,0.1,0,0,0,0,0,0,0,1,0,0
52296675,1800.0,0.0,5.0,,4.0,0,0.02,0.05,0,1,0,0,0,0,0,1,0,0
54656950,800.0,800.0,2.0,,,0,0.13,0.2,0,0,0,0,0,0,0,1,0,0
42431843,1000.0,700.0,3.0,,,0,0.06,0.1,0,0,0,0,0,0,0,0,1,0
78665705,,,,,,0,8.14,11.13,0,0,0,0,0,0,0,0,0,1
34487429,,,,,,0,0.06,0.07,0,0,0,0,0,0,0,0,0,1
50781944,2600.0,1800.0,7.0,,,0,0.04,0.14,0,0,0,0,0,0,0,1,0,0
38520918,1400.0,1300.0,4.0,,,0,0.08,0.32,0,0,0,0,0,0,0,1,0,0
93221206,1450.0,1200.0,4.0,,,0,0.06,0.21,0,0,0,0,0,0,0,0,1,0
25862681,2100.0,3000.0,7.0,,,0,0.12,0.27,1,0,0,0,1,0,0,0,0,0
43321985,2500.0,3300.0,8.0,,,0,0.53,0.8,1,0,0,0,1,0,0,0,0,0
26304459,2500.0,200.0,7.0,,,0,0.11,0.16,1,0,0,0,1,0,0,0,0,0
87624166,,,,,,0,12.9,15.17,0,0,0,0,0,0,0,0,0,1
300302022,,,,,,0,0.0,0.17,0,0,0,0,0,0,0,0,0,3
31557782,100.0,800.0,2.0,,,0,0.09,0.19,0,0,0,0,0,0,0,1,0,0
4064925,,,,,,0,0.09,0.16,0,0,0,0,0,0,0,0,0,1
10547580,1500.0,,,2.0,,2,0.16,0.14,1,0,0,0,0,0,1,0,0,0
10509340,2000.0,2000.0,6.0,,,0,0.29,0.36,0,0,0,0,0,0,0,1,0,0
60953949,500.0,2000.0,4.0,,,0,0.49,0.49,0,0,0,0,0,0,0,1,0,0
80045583,500.0,500.0,2.0,,,0,0.17,0.22,0,0,0,0,0,0,0,1,0,0
92001300,,,,,,0,0.22,0.21,0,0,0,0,0,0,0,0,0,1
44052074,,,,,,0,3.8,2.33,0,0,0,0,0,0,0,0,0,1
27483935,500.0,2000.0,4.0,,,0,0.08,0.21,0,0,0,0,0,0,0,1,0,0
64603182,3000.0,3000.0,8.0,,,0,0.24,0.39,0,0,0,0,0,0,0,1,0,0
75892194,500.0,2500.0,5.0,,,0,0.56,0.6,0,0,0,0,0,0,0,1,0,0
67829249,,,,,,0,0.13,0.25,0,0,0,0,0,0,0,0,0,1
53541822,,,,,,0,0.07,0.2,0,0,0,0,0,0,0,0,0,2
1953925,1500.0,1500.0,5.0,,,0,0.2,0.25,0,0,0,0,0,0,0,1,0,0
4446672,,,,,,0,0.33,0.54,0,0,0,0,0,0,0,0,0,1
30435145,,,,,,0,0.11,0.17,0,0,0,0,0,0,0,0,0,1
40830387,,,,,,0,0.59,0.56,0,0,0,0,0,0,0,0,0,1
70147689,,,,,,0,0.26,0.14,0,0,0,0,0,0,0,0,0,1
1278431,1600.0,500.0,4.0,,,0,0.63,0.49,0,0,0,0,0,0,0,1,0,0
64061284,,,,,,0,0.1,0.12,0,0,0,0,0,0,0,0,0,1
18486927,500.0,2000.0,4.0,,,0,0.16,0.18,0,0,0,0,0,0,0,1,0,0
86321248,2300.0,1300.0,6.0,,,0,0.04,0.2,0,0,0,0,0,0,0,1,0,0
50933533,3000.0,2000.0,8.0,,,0,1.06,1.62,0,0,0,0,0,0,0,1,0,0
83104731,3000.0,3000.0,8.0,,,0,0.19,0.21,0,0,0,0,0,0,0,1,0,0
95735217,3000.0,3000.0,8.0,,,0,0.08,0.12,0,0,0,0,0,0,0,1,0,0
87182127,1000.0,1800.0,8.0,,,0,0.15,0.13,1,0,1,0,0,0,0,0,0,0
42878636,1000.0,1000.0,3.0,,,0,0.7,0.31,0,0,0,0,0,0,0,1,0,0
81269231,2700.0,1700.0,7.0,,,0,0.26,0.27,0,0,0,0,0,0,0,1,0,0
39303359,1800.0,500.0,4.0,,,0,0.14,0.1,0,0,0,0,0,0,0,0,0,0
37663536,3300.0,3300.0,9.0,,,0,3.44,0.85,1,0,1,0,0,0,0,0,0,0
44874522,3000.0,3000.0,9.0,,,0,0.96,0.79,0,0,0,0,0,0,0,1,0,0
47482043,,,,,,0,1.23,0.74,0,0,0,0,0,0,0,0,0,2
56094445,1300.0,1300.0,4.0,,,0,0.09,0.08,0,0,0,0,0,0,0,1,0,0
32762201,500.0,800.0,2.0,,,0,12.55,11.67,0,0,0,0,0,0,0,1,0,0
37457534,,,,,,0,0.86,0.77,0,0,0,0,0,0,0,0,0,1
91098230,1300.0,1300.0,4.0,,,0,0.07,0.21,0,0,0,0,0,0,0,1,0,0
44052075,,,,,,0,1.41,0.99,0,0,0,0,0,0,0,0,0,4
59811955,,,,,,0,0.29,0.61,0,0,0,0,0,0,0,0,0,1
17663375,1700.0,1200.0,4.0,,,0,4.53,4.27,0,0,0,0,0,0,0,1,0,0
81492226,400.0,200.0,1.0,,,0,0.0,0.0,0,0,0,0,0,0,0,0,1,0
54912977,900.0,1400.0,3.0,,,0,0.08,0.08,0,0,0,0,0,0,0,1,0,0
11830996,,,,,,0,2.2,0.63,0,0,0,0,0,0,0,0,0,1
43230671,1400.0,1100.0,4.0,,,0,0.02,0.19,0,0,0,0,0,0,0,0,1,0
14015067,1800.0,1900.0,6.0,,,0,0.05,0.09,0,0,0,0,0,0,0,0,1,0
4179255,2100.0,3000.0,7.0,,,0,3.77,4.19,1,0,0,0,1,0,0,0,0,0
300302056,,,,,,0,0.0,0.09,0,0,0,0,0,0,0,0,0,3
10667321,,,,,,0,0.02,0.2,0,0,0,0,0,0,0,0,0,1
25958491,2100.0,2000.0,7.0,,,0,14.55,16.48,1,0,0,0,1,0,0,0,0,0
30752324,,,,,,0,0.0,0.0,0,0,0,0,0,0,0,0,0,1
36821538,1000.0,1300.0,4.0,,,0,0.0,0.0,0,0,0,0,0,0,0,0,1,0
17092736,,,,,,0,0.08,0.43,0,0,0,0,0,0,0,0,0,1
49587396,1700.0,1400.0,5.0,,,0,2.04,1.23,0,0,0,0,0,0,0,0,1,0
86421986,600.0,1500.0,3.0,,,0,0.0,0.0,0,0,0,0,0,0,0,0,1,0
33545259,3000.0,2500.0,8.0,,,0,0.35,0.3,0,0,0,0,0,0,0,1,0,0
6438003,1100.0,1800.0,4.0,,,0,0.06,0.2,0,0,0,0,0,0,0,1,0,0
13923256,700.0,2000.0,4.0,,,0,0.06,0.25,0,0,0,0,0,0,0,1,0,0
60033398,2300.0,2000.0,6.0,,,0,0.11,0.22,0,0,0,0,0,0,0,1,0,0
77539547,1600.0,1600.0,4.0,,,0,0.11,0.34,0,0,0,0,0,0,0,1,0,0
32422602,1000.0,2000.0,4.0,,,0,0.22,0.4,0,0,0,0,0,0,0,1,0,0
76416959,2500.0,1800.0,7.0,,,0,0.15,0.22,0,0,0,0,0,0,0,1,0,0
40140448,1800.0,1500.0,4.0,,,0,3.47,1.38,0,0,0,0,0,0,0,1,0,0
82791472,2800.0,2200.0,8.0,,,0,0.15,0.26,0,0,0,0,0,0,0,1,0,0
79582540,2200.0,1800.0,6.0,,,0,0.03,0.13,0,0,0,0,0,0,0,1,0,0
2801664,2700.0,900.0,7.0,,,0,0.09,0.19,0,0,0,0,0,0,0,1,0,0
40428851,1400.0,1200.0,4.0,,,0,1.73,1.2,0,0,0,0,0,0,0,1,0,0
65711558,1100.0,,,2.0,,2,0.11,0.17,1,0,0,0,0,0,1,0,0,0
33609093,,,,,,0,0.08,0.18,0,0,0,0,0,0,0,0,0,1
82255872,,,,,,0,0.1,0.14,0,0,0,0,0,0,0,0,0,2
45115956,,,,,,0,0.05,0.16,0,0,0,0,0,0,0,0,0,1
4810585,,,,,,0,0.17,0.26,0,0,0,0,0,0,0,0,0,2
62528292,,,,,,0,0.12,0.14,0,0,0,0,0,0,0,0,0,1
58116537,,,,,,0,0.03,0.24,0,0,0,0,0,0,0,0,0,1
11711438,,,,,,0,0.75,0.52,0,0,0,0,0,0,0,0,0,1
47594939,,,,,,0,0.06,0.08,0,0,0,0,0,0,0,0,0,2
15013468,3000.0,2500.0,10.0,,,0,0.26,0.57,0,0,0,0,0,0,0,1,0,0
53266486,0.0,2200.0,1.0,,,0,0.11,0.2,0,0,0,0,0,0,0,1,0,0
82243738,200.0,300.0,1.0,,,0,0.25,0.18,0,0,0,0,0,0,0,1,0,0
56784842,2500.0,1500.0,7.0,,,0,0.33,0.35,0,0,0,0,0,0,0,1,0,0
91706817,,,,,,0,0.12,0.17,0,0,0,0,0,0,0,0,0,1
42216237,2800.0,2300.0,8.0,,,0,0.05,0.15,1,0,0,0,1,0,0,0,0,0
44822037,,,,,,0,0.15,0.12,0,0,0,0,0,0,0,0,0,2
87979586,1900.0,1600.0,4.0,,,0,0.16,0.4,0,0,0,0,0,0,0,0,1,0
28904860,3000.0,2500.0,8.0,,,0,0.11,0.16,1,0,0,0,1,0,0,0,0,0
59062857,,,,,,0,0.69,3.78,0,0,0,0,0,0,0,0,0,1
50284408,2000.0,2500.0,7.0,,,0,7.92,6.43,1,0,0,0,1,0,0,0,0,0
55393975,2500.0,2000.0,7.0,,,0,0.39,0.33,1,0,0,0,1,0,0,0,0,0
54171327,,,,,,0,0.1,0.2,0,0,0,0,0,0,0,0,0,2
12845564,,,,,,0,0.16,0.21,0,0,0,0,0,0,0,0,0,1
81797573,1500.0,1500.0,2.0,,,0,0.12,0.21,1,0,0,0,1,0,0,0,0,0
80565021,,,,,,0,19.94,18.69,0,0,0,0,0,0,0,0,0,2
86457955,,,,,,0,0.18,0.21,0,0,0,0,0,0,0,0,0,1
17782288,,,,,,0,0.12,0.25,0,0,0,0,0,0,0,0,0,1
86673403,3000.0,0.0,10.0,,,0,0.45,4.01,1,0,0,0,1,0,0,0,0,0
42410161,3000.0,0.0,10.0,,,0,4.48,5.31,1,0,0,0,1,0,0,0,0,0
13068112,,,,,,0,11.28,14.49,0,0,0,0,0,0,0,0,0,1
48340269,,,,,,0,0.16,0.21,0,0,0,0,0,0,0,0,0,2
36320744,1200.0,2400.0,5.0,,,0,0.64,0.86,1,0,0,0,1,0,0,0,0,0
40678060,,,,,,0,0.03,0.15,0,0,0,0,0,0,0,0,0,1
3048768,1200.0,2100.0,4.0,,3.0,0,0.11,0.26,0,1,0,0,0,0,0,1,0,0
65612386,2400.0,1000.0,6.0,,,0,0.52,0.55,0,0,0,0,0,0,0,1,0,0
73979030,500.0,1500.0,3.0,,,0,0.07,0.15,0,0,0,0,0,0,0,0,0,0
28306253,2800.0,1850.0,6.0,,,0,0.04,0.13,0,0,0,1,0,0,0,1,0,0
98022050,0.0,0.0,1.0,,,0,0.15,0.21,0,0,0,0,0,0,0,1,0,0
595626,300.0,200.0,1.0,,,0,0.0,0.0,0,0,0,0,0,0,0,1,0,0
83319154,,,,,,0,0.71,0.6,0,0,0,0,0,0,0,0,0,2
29603180,2000.0,3000.0,9.0,,,0,0.04,0.14,0,0,0,0,0,0,0,1,0,0
47484352,2500.0,2000.0,8.0,,,0,30.0,348.61,0,0,0,0,0,0,0,0,1,0
86893702,2500.0,2000.0,8.0,,,0,229.87,364.96,0,0,0,0,0,0,0,0,1,0
63028558,2500.0,2000.0,8.0,,,0,141.95,370.02,0,0,0,0,0,0,0,0,1,0
10949074,2500.0,2000.0,8.0,,,0,302.89,0.0,0,0,0,0,0,0,0,0,1,0
48365709,1700.0,1200.0,5.0,,,0,0.02,0.54,0,0,0,0,0,0,0,0,1,0
34236961,,,,,,0,0.23,0.26,0,0,0,0,0,0,0,0,0,1
13250922,2000.0,500.0,5.0,,,0,0.06,0.22,0,0,0,0,0,0,0,1,0,0
89904598,1000.0,850.0,3.0,,,0,0.1,0.38,0,0,0,0,0,0,0,0,1,0
42364257,,,,,,0,0.18,0.31,0,0,0,0,0,0,0,0,0,2
65064143,0.0,1600.0,3.0,,,0,0.04,0.09,0,0,0,0,0,0,0,1,0,0
72150572,,,,,,0,0.15,0.1,0,0,0,0,0,0,0,0,0,2
1463589,,,,,,0,0.17,0.17,0,0,0,0,0,0,0,0,0,2
97120394,,,,,,0,0.59,0.5,0,0,0,0,0,0,0,0,0,1
20138923,,,,,,0,0.05,0.15,0,0,0,0,0,0,0,0,0,2
53112492,,,,,,0,0.02,0.29,0,0,0,0,0,0,0,0,0,2
58921041,,,,,,0,0.05,0.16,0,0,0,0,0,0,0,0,0,2
43583400,1900.0,600.0,4.0,,,0,0.08,0.14,0,0,0,0,0,0,0,1,0,0
31539614,1800.0,1200.0,3.0,,,0,0.09,0.15,1,0,0,0,0,1,0,0,0,0
58844135,2500.0,3000.0,8.0,,0.0,0,0.86,0.54,0,1,0,0,0,0,0,1,0,0
101403011,1400.0,900.0,4.0,,,0,0.0,0.0,0,0,0,0,0,0,0,0,0,0
60411677,3000.0,0.0,10.0,,,0,3.0,5.41,0,0,0,0,0,0,0,1,0,0
41098335,1900.0,1200.0,4.0,,,0,0.22,0.21,0,0,0,0,0,0,0,1,0,0
31975743,800.0,1200.0,3.0,,,0,0.08,0.13,0,0,0,0,0,0,0,1,0,0
25573115,,,,,,0,0.04,0.07,0,0,0,0,0,0,0,0,0,2
41158734,1800.0,1200.0,4.0,,,0,0.06,0.24,0,0,0,0,0,0,0,1,0,0
28531163,,,,,,0,0.06,0.07,0,0,0,0,0,0,0,0,0,1
4280258,-1.0,,,4.0,,4,0.35,0.22,1,0,0,0,0,0,1,0,0,0
95561146,,,,,,0,0.15,10.22,0,0,0,0,0,0,0,0,0,2
85888377,,,,,,0,0.07,0.15,0,0,0,0,0,0,0,0,0,2
40061558,2900.0,2500.0,9.0,,,0,0.51,0.47,0,0,0,0,0,0,0,1,0,0
27279764,3000.0,2600.0,10.0,,,0,0.33,0.31,0,0,0,0,0,0,0,1,0,0
91392974,,,,,,0,0.1,0.18,0,0,0,0,0,0,0,0,0,2
56132807,1200.0,800.0,3.0,,,0,0.67,1.22,0,0,0,0,0,0,0,1,0,0
43341600,,,,,,0,0.06,0.16,0,0,0,0,0,0,0,0,0,2
5846183,0.0,0.0,1.0,,,0,0.13,0.15,0,0,0,0,0,0,0,1,0,0
78225596,0.0,,,2.0,,2,0.11,0.18,1,0,0,0,0,0,1,0,0,0
27157996,,,,,,0,0.09,0.1,0,0,0,0,0,0,0,0,0,1
41830887,0.0,0.0,1.0,,,0,0.13,0.15,0,0,0,0,0,0,0,1,0,0
3507053,0.0,,,1.0,,1,0.1,0.16,1,0,0,0,0,0,1,0,0,0
3875465,,,,,,0,0.13,0.18,0,0,0,0,0,0,0,0,0,1
4729591,0.0,,,1.0,,1,0.16,0.17,1,0,0,0,0,0,1,0,0,0
77102944,1500.0,,,1.0,,1,0.18,0.18,1,0,0,0,0,0,1,0,0,0
81769387,1200.0,,,1.0,,1,0.06,0.09,1,0,0,0,0,0,1,0,0,0
30996652,,,,,,0,0.18,0.15,0,0,0,0,0,0,0,0,0,1
78447174,100.0,100.0,1.0,,,0,0.11,0.17,0,0,0,0,0,0,0,1,0,0
66380357,,,,,,0,0.1,0.15,0,0,0,0,0,0,0,0,0,1
30118200,1000.0,,,1.0,,1,0.11,0.17,1,0,0,0,0,0,1,0,0,0
43262273,,,,,,0,0.2,0.23,0,0,0,0,0,0,0,0,0,2
30603688,2000.0,1700.0,6.0,,,0,0.24,0.34,0,0,0,0,0,0,0,1,0,0
9156135,400.0,800.0,2.0,,,0,0.1,0.19,0,0,0,0,0,0,0,1,0,0
64977888,100.0,1500.0,2.0,,,0,0.09,0.16,0,0,0,0,0,0,0,1,0,0
48539234,,,,,,0,0.02,0.09,0,0,0,0,0,0,0,0,0,2
96427353,800.0,1600.0,4.0,,,0,0.06,0.11,0,0,0,0,0,0,0,1,0,0
95132338,,,,,,0,0.09,0.11,0,0,0,0,0,0,0,0,0,2
59131526,,,,,,0,0.02,0.04,0,0,0,0,0,0,0,0,0,1
86164529,2250.0,1900.0,6.0,,,0,12.98,1.5,1,0,1,0,0,0,0,0,0,0
7653207,,,,,,0,0.04,0.23,0,0,0,0,0,0,0,0,0,1
32278723,,,,,,0,0.02,0.15,0,0,0,0,0,0,0,0,0,1
85639257,1200.0,2000.0,4.0,,,0,0.05,0.22,0,0,0,0,0,0,0,0,1,0
12436646,1050.0,900.0,3.0,,,0,0.0,0.0,0,0,0,0,0,0,0,0,1,0
40916023,1600.0,1200.0,4.0,,,0,0.1,0.29,0,0,0,0,0,0,0,1,0,0
28325165,,,,,,0,0.05,0.11,0,0,0,0,0,0,0,0,0,2
92053608,2000.0,2000.0,6.0,,,0,0.09,0.12,0,0,0,0,0,0,0,1,0,0
66668900,600.0,600.0,2.0,,,0,0.05,0.09,0,0,0,0,0,0,0,1,0,0
39260991,300.0,300.0,1.0,,,0,0.06,0.14,0,0,0,0,0,0,0,1,0,0
78910579,,,,,,0,0.13,0.12,0,0,0,0,0,0,0,0,0,2
64437633,,,,,,0,0.88,0.42,0,0,0,0,0,0,0,0,0,2
46337945,,,,,,0,0.21,0.3,0,0,0,0,0,0,0,0,0,2
22377815,1500.0,500.0,4.0,,,0,0.56,0.28,0,0,0,0,0,0,0,0,0,0
91831066,,,,,,0,0.05,0.12,0,0,0,0,0,0,0,0,0,1
65446452,,,,,,0,0.06,0.2,0,0,0,0,0,0,0,0,0,1
29047353,,,,,,0,0.15,0.18,0,0,0,0,0,0,0,0,0,1
75771170,0.0,0.0,9.0,,,0,0.94,0.57,0,0,0,1,0,0,0,1,0,0
16889337,800.0,1800.0,4.0,,,0,0.17,0.33,0,0,0,0,0,0,0,0,0,0
57964143,,,,,,0,0.05,0.13,0,0,0,0,0,0,0,0,0,2
64276752,3000.0,2500.0,5.0,,,0,0.1,0.12,1,0,0,0,0,1,0,0,0,0
99189322,,,,,,0,0.08,0.12,0,0,0,0,0,0,0,0,0,2
64454614,2800.0,,0.0,3.0,,3,0.05,0.24,1,0,0,0,0,0,1,0,0,0
62892347,0.0,0.0,1.0,,,0,0.08,0.1,0,0,0,0,0,0,0,1,0,0
12686296,3300.0,3300.0,10.0,,,0,0.21,0.23,1,0,1,0,0,0,0,0,0,0
69831560,4000.0,4000.0,10.0,,,0,3.15,4.96,0,0,0,0,0,0,0,1,0,0
5861892,4000.0,4000.0,10.0,,,0,0.52,0.27,0,0,0,0,0,0,0,1,0,0
8396952,1100.0,1100.0,4.0,,,0,0.06,0.01,0,0,0,0,0,0,0,1,0,0
35781051,1300.0,1300.0,4.0,,,0,0.08,0.01,0,0,0,0,0,0,0,1,0,0
61175706,1400.0,1400.0,4.0,,,0,0.07,0.01,0,0,0,0,0,0,0,1,0,0
3376703,1500.0,1500.0,4.0,,,0,0.04,0.15,0,0,0,0,0,0,0,1,0,0
97574404,1600.0,1600.0,4.0,,,0,0.04,0.1,0,0,0,0,0,0,0,1,0,0
34568403,1700.0,1700.0,4.0,,,0,0.03,0.17,0,0,0,0,0,0,0,1,0,0
72321198,2200.0,2200.0,6.0,,,0,0.0,0.0,0,0,0,0,0,0,0,1,0,0
60953118,2400.0,2400.0,6.0,,,0,0.35,0.21,0,0,0,0,0,0,0,1,0,0
39761418,2900.0,2900.0,7.0,,,0,0.08,0.17,0,0,0,0,0,0,0,1,0,0
59712426,2500.0,2500.0,7.0,,,0,0.22,0.33,0,0,0,0,0,0,0,1,0,0
97452817,2800.0,2800.0,7.0,,,0,0.04,0.05,0,0,0,0,0,0,0,1,0,0
23846921,3100.0,3100.0,8.0,,,0,1.19,0.38,0,0,0,0,0,0,0,1,0,0
6150044,3800.0,2500.0,9.0,,,0,0.07,0.3,1,0,1,0,0,0,0,0,0,0
11819473,,,,,,0,0.07,0.27,0,0,0,0,0,0,0,0,0,1
76302448,,,,,,0,0.06,0.15,0,0,0,0,0,0,0,0,0,1
93880808,-1.0,2500.0,10.0,,,0,2.21,0.3,0,0,0,0,0,0,0,1,0,0
40048324,1000.0,400.0,2.0,,,0,0.08,0.12,0,0,0,0,0,0,0,0,0,0
55001420,900.0,1400.0,3.0,,,0,0.05,0.1,0,0,0,0,0,0,0,1,0,0
17896384,,,,,,0,0.06,0.11,0,0,0,0,0,0,0,0,0,1
31924889,400.0,1800.0,7.0,,,0,3.38,4.34,1,0,0,0,1,0,0,0,0,0
14553285,900.0,2300.0,9.0,,,0,3.59,9.66,0,0,0,0,0,0,0,1,0,0
45349196,3200.0,2500.0,9.0,,,0,0.31,0.25,1,0,1,0,0,0,0,0,0,0
92039899,1900.0,0.0,4.0,,,0,0.17,0.19,0,0,0,0,0,0,0,1,0,0
68371799,2500.0,1200.0,6.0,,,0,0.36,0.3,0,0,0,0,0,0,0,1,0,0
57624336,800.0,1000.0,3.0,,7.0,0,0.07,0.1,0,1,0,0,0,0,0,1,0,0
48469380,2500.0,1200.0,7.0,,0.0,0,0.53,0.35,0,1,0,1,0,0,0,1,0,0
28423537,3000.0,2000.0,8.0,,,0,0.13,0.18,0,0,0,0,0,0,0,1,0,0
31766317,2900.0,2100.0,8.0,,,0,0.25,0.19,0,0,0,0,0,0,0,1,0,0
48675364,2100.0,800.0,4.0,,,0,0.1,0.27,0,0,0,0,0,0,0,1,0,0
84341431,2400.0,1600.0,6.0,,,0,0.21,0.05,0,0,0,0,0,0,0,1,0,0
66540884,1000.0,0.0,3.0,,,0,0.83,0.25,0,0,0,0,0,0,0,1,0,0
14430063,1400.0,1600.0,4.0,,,0,0.06,0.13,0,0,0,0,0,0,0,1,0,0
75889523,400.0,600.0,2.0,,,0,2.42,2.77,0,0,0,0,0,0,0,0,1,0
78744660,2100.0,2900.0,7.0,,9.0,0,0.08,0.08,0,1,0,1,0,0,0,1,0,0
15150371,700.0,600.0,2.0,,,0,2.22,0.0,0,0,0,0,0,0,0,0,1,0
50287060,2200.0,2500.0,6.0,,,0,0.06,0.14,0,0,0,0,0,0,0,1,0,0
86343295,2200.0,2500.0,6.0,,,0,0.0,0.0,0,0,0,0,0,0,0,1,0,0
63883999,,,,,,0,0.67,0.67,0,0,0,0,0,0,0,0,0,1
87985506,,,,,,0,0.08,0.16,0,0,0,0,0,0,0,0,0,2
49881766,1900.0,1500.0,4.0,,,0,0.2,0.54,0,0,0,0,0,0,0,0,1,0
90764871,,,,,,0,0.04,0.18,0,0,0,0,0,0,0,0,0,1
59969392,2500.0,1200.0,6.0,,,0,0.32,0.78,1,0,0,0,1,0,0,0,0,0
53008933,2500.0,1200.0,6.0,,,0,6.18,6.41,0,0,0,0,0,0,0,1,0,0
61248471,2500.0,1200.0,6.0,,,0,0.68,1.17,1,0,0,0,0,1,0,0,0,0
95825679,2500.0,1200.0,6.0,,,0,0.9,2.01,0,0,0,1,0,0,0,1,0,0
64635042,2500.0,1200.0,6.0,,,0,0.61,1.22,1,0,0,0,1,0,0,0,0,0
300302057,,,,,,0,0.0,0.08,0,0,0,0,0,0,0,0,0,3
13379114,,,,,,0,0.06,0.12,0,0,0,0,0,0,0,0,0,2
5168381,,,,,,0,0.15,0.2,0,0,0,0,0,0,0,0,0,2
32775808,2500.0,1200.0,6.0,,,0,0.84,1.59,1,0,1,0,0,0,0,0,0,0
22796548,,,,,,0,0.11,0.27,0,0,0,0,0,0,0,0,0,1
79621896,2500.0,1200.0,7.0,,,0,0.0,0.0,0,0,0,0,0,0,0,1,0,0
300302058,,,,,,0,0.0,0.08,0,0,0,0,0,0,0,0,0,3
56246017,,,,,,0,0.1,0.16,0,0,0,0,0,0,0,0,0,2
21438286,,,,,,0,0.08,0.18,0,0,0,0,0,0,0,0,0,1
82997779,,,,,,0,0.1,0.15,0,0,0,0,0,0,0,0,0,1
24902348,1500.0,,,2.0,,2,0.11,0.23,1,0,0,0,0,0,1,0,0,0
59509952,2800.0,2300.0,8.0,,,0,0.26,0.32,0,0,0,0,0,0,0,1,0,0
18378582,2800.0,2300.0,8.0,,,0,1.27,9.71,0,0,0,0,0,0,0,1,0,0
33212663,3000.0,2500.0,11.0,,,0,0.19,0.18,0,0,0,0,0,0,0,1,0,0
6728559,2500.0,3000.0,11.0,,,0,0.32,0.2,0,0,0,0,0,0,0,1,0,0
38173725,0.0,2100.0,9.0,,,0,0.04,0.06,0,0,0,0,0,0,0,1,0,0
40725446,2000.0,1800.0,5.0,,,0,0.17,0.14,0,0,0,0,0,0,0,1,0,0
40706444,2200.0,2200.0,4.0,,,0,0.46,0.25,1,0,0,0,0,1,0,0,0,0
21050476,1400.0,1400.0,4.0,,,0,0.31,0.24,0,0,0,0,0,0,0,1,0,0
30964246,,,,,,0,0.28,0.22,0,0,0,0,0,0,0,0,0,1
91438674,1800.0,1800.0,4.0,,,0,1.17,1.26,0,0,0,0,0,0,0,1,0,0
2674965,,,,,,0,0.32,0.25,0,0,0,0,0,0,0,0,0,1
65889305,,,,,,0,0.5,0.44,0,0,0,0,0,0,0,0,0,2
38379052,,,,,,0,0.24,0.25,0,0,0,0,0,0,0,0,0,2
91284003,,,,,,0,0.26,0.25,0,0,0,0,0,0,0,0,0,2
40502912,1600.0,1200.0,4.0,,,0,0.09,0.4,0,0,0,0,0,0,0,1,0,0
75730490,1800.0,1100.0,4.0,,,0,0.9,2.03,0,0,0,0,0,0,0,1,0,0
1225009,1600.0,2100.0,4.0,,,0,1.46,1.97,0,0,0,0,0,0,0,1,0,0
73602965,1500.0,2500.0,6.0,,,0,0.26,0.13,0,0,0,0,0,0,0,1,0,0
56827051,1000.0,1800.0,4.0,,,0,0.08,0.1,0,0,0,0,0,0,0,1,0,0
65910922,2100.0,0.0,6.0,,,0,2.71,2.37,1,0,0,0,1,0,0,0,0,0
29904964,2300.0,2100.0,7.0,,,0,0.39,0.62,0,0,0,0,0,0,0,1,0,0
33282498,2400.0,2000.0,7.0,,,0,0.19,0.31,0,0,0,0,0,0,0,1,0,0
50687050,3000.0,3000.0,12.0,,12.0,0,0.09,0.19,1,1,1,0,0,0,0,1,0,0
14708569,800.0,1000.0,3.0,,,0,0.0,0.0,0,0,0,0,0,0,0,0,1,0
36151751,1000.0,1200.0,4.0,,,0,0.0,0.0,0,0,0,0,0,0,0,0,1,0
88033975,2300.0,1500.0,5.0,,,0,0.02,0.22,1,0,0,0,1,0,0,0,0,0
28493337,,,,,,0,0.08,0.13,0,0,0,0,0,0,0,0,0,2
28985331,1400.0,1200.0,4.0,,,0,0.11,0.21,0,0,0,0,0,0,0,1,0,0
53153481,700.0,1300.0,3.0,,,0,0.03,0.11,0,0,0,0,0,0,0,0,1,0
53770666,,,,,,0,0.05,0.17,0,0,0,0,0,0,0,0,0,1
300302023,,,,,,0,0.0,0.12,0,0,0,0,0,0,0,0,0,3
90374791,,,,,,0,0.1,0.14,0,0,0,0,0,0,0,0,0,1
61606250,,,,,,0,0.05,0.15,0,0,0,0,0,0,0,0,0,1
75906310,3500.0,3000.0,10.0,,,0,3.08,11.29,1,0,1,0,0,0,0,0,0,0
34611551,,,,,,0,1.18,0.23,0,0,0,0,0,0,0,0,0,1
97091969,,,,,,0,0.03,0.13,0,0,0,0,0,0,0,0,0,1
59464593,3000.0,2000.0,10.0,,,0,0.22,0.41,0,0,0,0,0,0,0,1,0,0
84425220,3000.0,2000.0,10.0,,,0,0.21,0.28,0,0,0,0,0,0,0,1,0,0
980973,1200.0,900.0,3.0,,,0,0.09,0.16,0,0,0,0,0,0,0,1,0,0
46384672,2400.0,1700.0,5.0,,,0,0.11,0.17,0,0,0,0,0,0,0,1,0,0
73879377,2800.0,1000.0,7.0,,,0,0.07,0.25,0,0,0,0,0,0,0,1,0,0
58153103,3000.0,2000.0,10.0,,,0,0.24,0.25,0,0,0,0,0,0,0,1,0,0
57030525,1200.0,900.0,3.0,,,0,0.18,0.24,0,0,0,0,0,0,0,1,0,0
21546416,2400.0,1700.0,5.0,,,0,0.14,0.26,0,0,0,0,0,0,0,1,0,0
94141712,2800.0,1000.0,7.0,,,0,0.59,0.49,0,0,0,0,0,0,0,1,0,0
57605303,,,,,,0,0.09,0.08,0,0,0,0,0,0,0,0,0,2
75220074,1900.0,1400.0,4.0,,,0,0.8,0.58,0,0,0,0,0,0,0,1,0,0
31817415,3500.0,3000.0,10.0,,,0,0.13,1.66,1,0,1,0,0,0,0,0,0,0
9076207,300.0,300.0,1.0,,,0,0.02,0.1,0,0,0,0,0,0,0,1,0,0
29330706,2000.0,2800.0,8.0,,,0,0.04,0.03,0,0,0,0,0,0,0,1,0,0
21056275,,,,,,0,0.07,0.13,0,0,0,0,0,0,0,0,0,1
84430950,500.0,800.0,4.0,,,0,0.11,0.39,0,0,0,0,0,0,0,1,0,0
20470500,1800.0,400.0,4.0,,,0,0.29,0.37,0,0,0,0,0,0,0,1,0,0
36768783,1400.0,,,2.0,,2,0.05,0.08,1,0,0,0,0,0,1,0,0,0
43378048,0.0,0.0,12.0,,,0,0.91,1.32,1,0,1,0,0,0,0,0,0,0
60110982,0.0,0.0,12.0,,,0,6.99,4.75,1,0,1,0,0,0,0,0,0,0
79155167,,,,,,0,0.23,0.25,0,0,0,0,0,0,0,0,0,1
79649195,,,,,,0,0.08,0.17,0,0,0,0,0,0,0,0,0,2
87798440,800.0,800.0,3.0,,,0,0.2,0.61,0,0,0,0,0,0,0,1,0,0
58827995,,,,,,0,0.09,0.18,0,0,0,0,0,0,0,0,0,1
7180418,2400.0,1400.0,4.0,,,0,0.15,0.29,0,0,0,0,0,0,0,1,0,0
16272453,,,,,,0,0.12,0.18,0,0,0,0,0,0,0,0,0,1
65150219,,,,,,0,0.03,0.17,0,0,0,0,0,0,0,0,0,2
2148918,,,,,,0,0.08,0.2,0,0,0,0,0,0,0,0,0,2
56779694,0.0,700.0,3.0,,,0,0.0,0.0,0,0,0,0,0,0,0,1,0,0
62742651,2200.0,1800.0,6.0,,,0,0.06,0.13,0,0,0,0,0,0,0,1,0,0
86915847,1600.0,1200.0,4.0,,,0,0.26,0.38,0,0,0,0,0,0,0,1,0,0
29374928,500.0,0.0,2.0,,,0,0.09,0.26,0,0,0,0,0,0,0,1,0,0
67159705,0.0,2000.0,4.0,,,0,0.04,0.07,0,0,0,0,0,0,0,1,0,0
36868108,,,,,,0,0.02,0.13,0,0,0,0,0,0,0,0,0,2
50789693,400.0,1000.0,2.0,,,0,1.11,1.15,1,0,0,0,0,1,0,0,0,0
15480588,1500.0,1200.0,4.0,,,0,0.08,0.18,0,0,0,0,0,0,0,0,1,0
16246527,950.0,1100.0,3.0,,,0,0.73,0.0,0,0,0,0,0,0,0,0,1,0
27480536,500.0,2000.0,3.0,,,0,0.09,0.14,0,0,0,0,0,0,0,1,0,0
17535588,850.0,1400.0,4.0,,,0,0.03,0.06,0,0,0,0,0,0,0,0,1,0
17170970,1800.0,1400.0,4.0,,,0,0.18,0.24,0,0,0,0,0,0,0,1,0,0
73046708,,,,,,0,0.17,0.6,0,0,0,0,0,0,0,0,0,1
20277860,1500.0,0.0,3.0,,,0,0.1,0.21,0,0,0,0,0,0,0,0,1,0
73333463,2700.0,2000.0,8.0,,,0,0.09,0.16,0,0,0,0,0,0,0,1,0,0
29071332,1800.0,1200.0,4.0,,,0,6.82,6.12,1,0,0,0,1,0,0,0,0,0
38960450,,,,,,0,0.03,0.1,0,0,0,0,0,0,0,0,0,2
61775475,3100.0,2950.0,10.0,,,0,2.74,3.71,1,0,0,0,1,0,0,0,0,0
32549749,,,,,,0,0.06,0.24,0,0,0,0,0,0,0,0,0,1
22493812,,,,,,0,0.0,0.0,0,0,0,0,0,0,0,0,0,4
18078153,2400.0,0.0,6.0,,,0,0.28,0.22,0,0,0,0,0,0,0,1,0,0
29687169,1700.0,1200.0,4.0,,,0,0.11,0.22,0,0,0,0,0,0,0,1,0,0
25861589,,,,,,0,0.09,0.21,0,0,0,0,0,0,0,0,0,1
5050644,,,,,,0,0.26,0.36,0,0,0,0,0,0,0,0,0,1
29189613,,,,,,0,0.05,0.37,0,0,0,0,0,0,0,0,0,1
12804701,,,,,,0,0.02,0.2,0,0,0,0,0,0,0,0,0,2
21452275,500.0,400.0,1.0,,,0,0.33,0.35,0,0,0,0,0,0,0,1,0,0
300202007,,,,,,0,0.16,0.23,0,0,0,0,0,0,0,0,0,3
85967160,2400.0,1800.0,6.0,,,0,2.43,0.63,0,0,0,0,0,0,0,1,0,0
22174866,1400.0,1000.0,3.0,,,0,0.28,0.16,0,0,0,0,0,0,0,1,0,0
96789758,100.0,1900.0,2.0,,,0,1.14,0.95,0,0,0,0,0,0,0,1,0,0
14169843,800.0,0.0,1.0,,,0,0.18,0.4,0,0,0,0,0,0,0,1,0,0
40663548,2000.0,1600.0,5.0,,,0,0.12,0.37,0,0,0,0,0,0,0,1,0,0
58569561,1800.0,700.0,4.0,,,0,0.2,0.88,0,0,0,0,0,0,0,1,0,0
73167098,2600.0,1800.0,8.0,,,0,0.14,0.27,1,0,1,0,0,0,0,0,0,0
24689197,0.0,0.0,1.0,,,0,0.24,0.75,0,0,0,0,0,0,0,0,0,0
30989084,2200.0,,,3.0,,3,0.1,0.35,1,0,0,0,0,0,1,0,0,0
16759958,0.0,0.0,1.0,,,0,0.49,0.65,0,0,0,0,0,0,0,0,0,0
21200905,1800.0,,0.0,2.0,,2,2.02,2.28,1,0,0,0,0,0,1,0,0,0
38148100,2000.0,900.0,5.0,,,0,1.03,1.21,1,0,0,0,1,0,0,0,0,0
79656239,2200.0,2000.0,6.0,,,0,0.22,0.54,1,0,0,0,1,0,0,0,0,0
34172284,2500.0,2800.0,8.0,,,0,4.52,2.12,0,0,0,0,0,0,0,1,0,0
69296555,,,,,,0,0.29,0.16,0,0,0,0,0,0,0,0,0,1
29508346,,,,,,0,0.03,0.19,0,0,0,0,0,0,0,0,0,1
365213,,,,,,0,0.09,0.23,0,0,0,0,0,0,0,0,0,1
37279096,,,,,,0,0.55,2.84,0,0,0,0,0,0,0,0,0,1
90728287,,,,,,0,0.19,0.23,0,0,0,0,0,0,0,0,0,2
62368221,1000.0,2100.0,8.0,,,0,0.23,0.22,0,0,0,0,0,0,0,1,0,0
99753860,1000.0,1800.0,8.0,,,0,0.22,0.21,0,0,0,0,0,0,0,1,0,0
36270527,1000.0,2400.0,8.0,,,0,12.9,12.79,0,0,0,0,0,0,0,1,0,0
49652661,,,,,,0,0.04,0.15,0,0,0,0,0,0,0,0,0,2
42364374,2000.0,2000.0,3.0,,,0,0.19,0.15,0,0,0,0,0,0,0,1,0,0
55348096,,,,,,0,0.02,0.1,0,0,0,0,0,0,0,0,0,2
85489096,1600.0,1600.0,4.0,,,0,0.25,0.22,0,0,0,0,0,0,0,1,0,0
34755994,800.0,,,1.0,,1,0.11,0.22,1,0,0,0,0,0,1,0,0,0
11475049,1500.0,2200.0,5.0,,,0,0.11,0.11,0,0,0,0,0,0,0,1,0,0
85080444,1200.0,2500.0,5.0,,,0,0.07,0.1,0,0,0,0,0,0,0,1,0,0
12697630,1400.0,2100.0,5.0,,,0,0.33,0.48,0,0,0,0,0,0,0,1,0,0
84268896,1600.0,2400.0,5.0,,,0,0.07,0.22,0,0,0,0,0,0,0,1,0,0
8873112,1900.0,2000.0,5.0,,,0,0.1,0.13,0,0,0,0,0,0,0,1,0,0
7480763,1500.0,,,2.0,,2,0.89,0.58,1,0,0,0,0,0,1,0,0,0
69840739,2400.0,2100.0,5.0,,,0,0.09,0.12,1,0,0,0,0,1,0,0,0,0
48086335,2000.0,1600.0,5.0,,,0,0.07,0.16,0,0,0,0,0,0,0,1,0,0
29223325,,,,,,0,2.8,2.17,0,0,0,0,0,0,0,0,0,1
47863787,2300.0,1000.0,5.0,,,0,0.11,0.13,0,0,0,0,0,0,0,1,0,0
34267821,1700.0,2300.0,5.0,,,0,0.11,0.22,0,0,0,0,0,0,0,1,0,0
80237445,1300.0,1800.0,5.0,,,0,0.22,0.23,0,0,0,0,0,0,0,1,0,0
85103922,2100.0,1400.0,5.0,,,0,0.18,0.25,0,0,0,0,0,0,0,1,0,0
12444060,,,,,,0,0.32,0.27,0,0,0,0,0,0,0,0,0,2
20292186,2200.0,900.0,5.0,,,0,0.14,0.15,0,0,0,0,0,0,0,1,0,0
69304426,1800.0,1900.0,5.0,,,0,0.09,0.13,0,0,0,0,0,0,0,1,0,0
56611470,,,,,,0,0.08,0.06,0,0,0,0,0,0,0,0,0,1
7913375,1000.0,2000.0,4.0,,,0,0.35,0.33,0,0,0,0,0,0,0,1,0,0
74733322,,,,,,0,0.12,0.25,0,0,0,0,0,0,0,0,0,1
27184601,2800.0,2500.0,8.0,,,0,8.29,17.26,1,0,1,0,0,0,0,0,0,0
34541940,2400.0,1500.0,7.0,,,0,4.98,5.83,0,0,0,0,0,0,0,1,0,0
60946049,2100.0,1500.0,5.0,,,0,0.86,0.68,0,0,0,0,0,0,0,1,0,0
44654994,,,,,,0,0.11,0.1,0,0,0,0,0,0,0,0,0,2
97434754,400.0,1800.0,3.0,,,0,0.3,0.29,0,0,0,0,0,0,0,1,0,0
37517035,,,,,,0,0.13,0.15,0,0,0,0,0,0,0,0,0,1
21720439,,,,,,0,0.08,0.12,0,0,0,0,0,0,0,0,0,1
74631897,2400.0,1500.0,7.0,,,0,0.91,1.45,1,0,1,0,0,0,0,0,0,0
23599634,,,,,,0,0.12,0.2,0,0,0,0,0,0,0,0,0,2
17719582,,,,,,0,0.11,0.12,0,0,0,0,0,0,0,0,0,2
23829452,300.0,200.0,1.0,,,0,0.12,0.19,0,0,0,0,0,0,0,1,0,0
1122030,,,,,,0,0.23,0.2,0,0,0,0,0,0,0,0,0,1
74011784,,,,,,0,1.58,0.85,0,0,0,0,0,0,0,0,0,1
21223277,2000.0,2000.0,4.0,,,0,2.55,1.57,1,0,0,0,0,1,0,0,0,0
71821687,2300.0,1500.0,5.0,,,0,0.23,0.14,0,0,0,0,0,0,0,1,0,0
88301833,,,,,,0,0.2,0.13,0,0,0,0,0,0,0,0,0,1
37910722,-1.0,3000.0,10.0,,,0,0.4,0.4,1,0,0,0,1,0,0,0,0,0
27821104,,,,,,0,0.15,0.2,0,0,0,0,0,0,0,0,0,1
14558127,0.0,1800.0,3.0,,,0,0.36,0.38,0,0,0,0,0,0,0,0,0,0
66848311,,,,,,0,0.04,0.18,0,0,0,0,0,0,0,0,0,2
34813443,,,,,,0,0.05,0.18,0,0,0,0,0,0,0,0,0,2
44376395,1400.0,,,2.0,,2,0.13,0.17,1,0,0,0,0,0,1,0,0,0
58996839,0.0,2200.0,3.0,,,0,0.13,0.26,0,0,0,0,0,0,0,1,0,0
37839434,,,,,,0,0.11,0.33,0,0,0,0,0,0,0,0,0,2
91444835,,,,,,0,0.12,0.22,0,0,0,0,0,0,0,0,0,2
64455720,,,,,,0,0.12,0.22,0,0,0,0,0,0,0,0,0,2
17020474,3300.0,0.0,9.0,,,0,0.34,3.98,1,0,0,0,1,0,0,0,0,0
2906939,,,,,,0,0.12,0.22,0,0,0,0,0,0,0,0,0,1
43419178,3000.0,2500.0,8.0,,,0,0.32,4.35,1,0,0,0,1,0,0,0,0,0
80993256,2100.0,0.0,3.0,,,0,0.42,0.4,1,0,0,0,0,1,0,0,0,0
46815301,2700.0,0.0,8.0,,,0,0.16,0.08,1,0,0,0,1,0,0,0,0,0
99657399,,,,,,0,0.07,0.09,0,0,0,0,0,0,0,0,0,2
85771020,,,,,,0,0.0,0.0,0,0,0,0,0,0,0,0,0,4
12888461,300.0,300.0,4.0,,,0,0.2,0.22,0,0,0,0,0,0,0,1,0,0
88190790,,,,,,0,0.17,0.46,0,0,0,0,0,0,0,0,0,1
3431737,1900.0,1200.0,4.0,,,0,0.25,0.17,0,0,0,0,0,0,0,1,0,0
23338098,2600.0,2000.0,7.0,,,0,0.89,0.51,1,0,0,0,1,0,0,0,0,0
70456282,2100.0,1600.0,5.0,,,0,1.92,2.15,0,0,0,0,0,0,0,1,0,0
31114334,3000.0,1000.0,9.0,,,0,0.14,0.21,1,0,0,0,1,0,0,0,0,0
80773359,3000.0,2000.0,12.0,,,0,1.06,0.94,1,0,0,0,1,0,0,0,0,0
16051717,2600.0,2000.0,7.0,,,0,5.08,2.6,1,0,0,0,1,0,0,0,0,0
17994645,800.0,100.0,2.0,,,0,0.24,0.25,1,0,0,0,1,0,0,0,0,0
53389254,1500.0,2000.0,5.0,,,0,0.07,0.15,1,0,0,0,1,0,0,0,0,0
76407432,,,,,,0,0.25,0.13,0,0,0,0,0,0,0,0,0,2
72714226,1200.0,800.0,4.0,,,0,0.07,0.07,0,0,0,0,0,0,0,1,0,0
86098176,1500.0,0.0,4.0,,,0,0.09,0.19,0,0,0,0,0,0,0,0,0,0
67676619,2600.0,2500.0,7.0,,,0,0.0,0.0,0,0,0,0,0,0,0,1,0,0
77036039,1800.0,300.0,4.0,,,0,0.17,0.14,0,0,0,0,0,0,0,1,0,0
80280737,,,,,,0,0.1,0.18,0,0,0,0,0,0,0,0,0,2
88332693,,,,,,0,0.11,0.31,0,0,0,0,0,0,0,0,0,1
62633180,,,,,,0,0.1,0.12,0,0,0,0,0,0,0,0,0,2
93469007,,,,,,0,0.09,0.14,0,0,0,0,0,0,0,0,0,1
74431740,,,,,,0,0.13,0.3,0,0,0,0,0,0,0,0,0,2
56252810,,,,,,0,0.25,0.66,0,0,0,0,0,0,0,0,0,1
39015,1600.0,800.0,4.0,,,0,0.09,0.49,0,0,0,0,0,0,0,1,0,0
40012727,,,,,,0,0.13,0.16,0,0,0,0,0,0,0,0,0,2
18711696,1000.0,0.0,2.0,,,0,0.14,0.18,0,0,0,0,0,0,0,1,0,0
87043568,,,,,,0,0.12,0.11,0,0,0,0,0,0,0,0,0,2
77202120,700.0,0.0,2.0,,,0,0.11,0.18,0,0,0,0,0,0,0,0,0,0
29863101,,,,,,0,0.32,0.46,0,0,0,0,0,0,0,0,0,1
29311166,1800.0,1100.0,4.0,,,0,0.15,0.28,0,0,0,0,0,0,0,1,0,0
98520301,2300.0,2000.0,7.0,,,0,0.04,0.08,0,0,0,0,0,0,0,1,0,0
86762958,,,,,,0,0.0,0.0,0,0,0,0,0,0,0,0,0,2
25592142,0.0,0.0,2.0,,,0,0.38,0.31,0,0,0,0,0,0,0,1,0,0
69170403,0.0,2000.0,5.0,,,0,0.08,0.05,0,0,0,0,0,0,0,1,0,0
37053871,,,,,,0,0.11,0.12,0,0,0,0,0,0,0,0,0,2
64591429,100.0,100.0,1.0,,,0,0.16,0.17,0,0,0,0,0,0,0,1,0,0
69852487,0.0,0.0,4.0,,,0,0.49,0.26,0,0,0,0,0,0,0,1,0,0
18738846,2400.0,1000.0,7.0,,,0,0.38,0.24,0,0,0,0,0,0,0,1,0,0
76794549,2500.0,2000.0,7.0,,1.0,0,0.02,0.1,0,1,0,0,0,0,0,1,0,0
48171151,2500.0,2000.0,7.0,,1.0,0,0.32,0.61,0,1,0,0,0,0,0,1,0,0
2134346,1700.0,1200.0,4.0,,,0,0.34,0.15,0,0,0,0,0,0,0,0,0,0
88236094,500.0,500.0,3.0,,,0,0.23,0.17,0,0,0,0,0,0,0,1,0,0
66719533,,,,,,0,2.55,0.56,0,0,0,0,0,0,0,0,0,1
6112401,,,,,,0,0.11,0.31,0,0,0,0,0,0,0,0,0,2
48964966,2600.0,800.0,7.0,,,0,0.17,0.27,0,0,0,0,0,0,0,1,0,0
8078366,1400.0,0.0,3.0,,,0,0.14,0.18,0,0,0,0,0,0,0,1,0,0
74311226,1800.0,0.0,4.0,,,0,0.21,0.16,0,0,0,0,0,0,0,1,0,0
37104630,0.0,1600.0,2.0,,,0,0.1,0.11,0,0,0,0,0,0,0,1,0,0
706925,1400.0,0.0,3.0,,,0,0.08,0.12,0,0,0,0,0,0,0,1,0,0
26976414,1400.0,0.0,2.0,,,0,0.02,0.1,0,0,0,0,0,0,0,0,1,0
38391684,,,,,,0,0.16,0.24,0,0,0,0,0,0,0,0,0,1
87340664,100.0,200.0,1.0,,,0,0.46,0.55,0,0,0,0,0,0,0,1,0,0
92361635,3200.0,2400.0,10.0,,,0,2.75,0.78,1,0,0,0,1,0,0,0,0,0
79875526,1600.0,800.0,3.0,,,0,0.03,0.15,0,0,0,0,0,0,0,1,0,0
63689843,,,,,,0,0.03,0.13,0,0,0,0,0,0,0,0,0,2
31175914,0.0,0.0,1.0,,,0,0.24,0.15,0,0,0,0,0,0,0,0,0,0
3103067,,,,,,0,22.94,190.63,0,0,0,0,0,0,0,0,0,2
84389640,,,,,,0,0.07,0.05,0,0,0,0,0,0,0,0,0,2
68786330,,,,,,0,0.18,0.14,0,0,0,0,0,0,0,0,0,1
91989718,,,,,,0,0.13,0.15,0,0,0,0,0,0,0,0,0,2
83715234,,,,,,0,0.1,0.13,0,0,0,0,0,0,0,0,0,1
85352446,,,,,,0,0.06,0.11,0,0,0,0,0,0,0,0,0,2
46083380,,,,,,0,0.06,0.11,0,0,0,0,0,0,0,0,0,1
87465873,,,,,,0,0.0,0.0,0,0,0,0,0,0,0,0,0,1
101402101,2500.0,3200.0,9.0,,,0,2.02,9.82,0,0,0,0,0,0,0,1,0,0
59048135,,,,,,0,0.05,0.11,0,0,0,0,0,0,0,0,0,1
4709881,2000.0,,0.0,2.0,,2,0.19,0.18,1,0,0,0,0,0,1,0,0,0
7183277,1200.0,1800.0,3.0,,,0,0.52,0.67,0,0,0,0,0,0,0,1,0,0
22386234,1500.0,1000.0,4.0,,,0,0.82,1.98,0,0,0,0,0,0,0,1,0,0
70089580,1200.0,1600.0,4.0,,,0,0.04,0.12,0,0,0,0,0,0,0,1,0,0
62803464,1850.0,1500.0,5.0,,,0,0.09,0.11,0,0,0,0,0,0,0,1,0,0
37970940,500.0,1500.0,3.0,,,0,0.05,0.12,0,0,0,0,0,0,0,1,0,0
97661969,1850.0,,,2.0,,2,0.06,0.09,1,0,0,0,0,0,1,0,0,0
58990631,,,,,,0,0.09,0.12,0,0,0,0,0,0,0,0,0,2
71453557,,,,,,0,0.12,0.1,0,0,0,0,0,0,0,0,0,1
80250185,1600.0,1000.0,3.0,,,0,0.09,0.2,0,0,0,0,0,0,0,1,0,0
101403071,,,,,,0,0.0,0.0,0,0,0,0,0,0,0,0,0,1
29139104,800.0,1500.0,4.0,,,0,0.21,0.15,0,0,0,0,0,0,0,1,0,0
82140600,,,,,,0,0.22,0.09,0,0,0,0,0,0,0,0,0,2
51618973,1500.0,800.0,4.0,,,0,0.29,0.26,0,0,0,0,0,0,0,1,0,0
99284890,1200.0,1300.0,3.0,,,0,0.12,0.74,0,0,0,0,0,0,0,1,0,0
91420202,1600.0,,0.0,2.0,,2,0.06,0.26,1,0,0,0,0,0,1,0,0,0
69514125,2600.0,2100.0,8.0,,,0,11.29,14.08,1,0,0,0,1,0,0,0,0,0
17469113,3500.0,3500.0,11.0,,,0,0.09,0.12,0,0,0,0,0,0,0,1,0,0
82832464,,,,,,0,0.17,0.27,0,0,0,0,0,0,0,0,0,2
12877076,,,,,,0,0.14,0.22,0,0,0,0,0,0,0,0,0,1
62256492,,,,,,0,0.05,0.13,0,0,0,0,0,0,0,0,0,1
74426895,2000.0,200.0,5.0,,,0,0.04,0.06,0,0,0,0,0,0,0,1,0,0
92652813,2000.0,200.0,5.0,,,0,0.12,0.14,0,0,0,0,0,0,0,1,0,0
65268179,2000.0,200.0,5.0,,,0,0.14,0.12,0,0,0,0,0,0,0,1,0,0
410904,2000.0,200.0,5.0,,,0,0.02,0.08,0,0,0,0,0,0,0,1,0,0
53701259,,,,,,0,0.29,0.28,0,0,0,0,0,0,0,0,0,2
30453613,,,,,,0,0.13,0.26,0,0,0,0,0,0,0,0,0,1
84914462,2000.0,1200.0,4.0,,,0,0.06,0.07,0,0,0,0,0,0,0,1,0,0
40619825,,,,,,0,0.02,0.52,0,0,0,0,0,0,0,0,0,1
19578592,,,,,,0,0.14,0.34,0,0,0,0,0,0,0,0,0,1
48305365,1700.0,1150.0,4.0,,,0,0.09,0.14,0,0,0,0,0,0,0,0,1,0
33171768,2900.0,1000.0,10.0,,,0,0.12,0.26,1,0,1,0,0,0,0,0,0,0
42969214,1600.0,1800.0,4.0,,,0,0.06,0.09,0,0,0,0,0,0,0,1,0,0
42502956,,,,,,0,0.07,0.09,0,0,0,0,0,0,0,0,0,1
17749468,4000.0,4000.0,12.0,,,0,0.34,0.34,1,0,1,0,0,0,0,0,0,0
39491690,,,,,,0,0.08,0.16,0,0,0,0,0,0,0,0,0,2
20934683,,,,,,0,0.12,0.24,0,0,0,0,0,0,0,0,0,1
42201897,,,,,,0,0.09,0.17,0,0,0,0,0,0,0,0,0,2
46396218,1900.0,1500.0,6.0,,,0,0.21,0.37,1,0,1,0,0,0,0,0,0,0
46174776,3000.0,2000.0,8.0,,,0,0.57,0.43,1,0,1,0,0,0,0,0,0,0
73391962,2000.0,2400.0,6.0,,,0,0.2,0.48,1,0,1,0,0,0,0,0,0,0
9785661,2700.0,0.0,6.0,,,0,0.14,0.24,1,0,1,0,0,0,0,0,0,0
75081613,1900.0,400.0,4.0,,,0,0.9,0.51,0,0,0,0,0,0,0,1,0,0
41570943,2900.0,,,4.0,,4,1.85,9.34,1,0,0,0,0,0,1,0,0,0
40908371,2500.0,3000.0,9.0,,,0,0.07,0.08,1,0,0,0,1,0,0,0,0,0
77411244,1500.0,1800.0,4.0,,,0,0.09,0.48,0,0,0,0,0,0,0,1,0,0
89832901,2100.0,1800.0,6.0,,,0,0.0,0.0,0,0,0,0,0,0,0,0,1,0
975299,,,,,,0,0.12,0.19,0,0,0,0,0,0,0,0,0,1
14148099,2300.0,1100.0,6.0,,,0,0.13,0.27,0,0,0,0,0,0,0,1,0,0
75937826,2400.0,1100.0,6.0,,,0,0.19,0.39,0,0,0,0,0,0,0,1,0,0
82821760,2700.0,1900.0,8.0,,,0,0.13,0.2,0,0,0,0,0,0,0,1,0,0
84257883,2500.0,3000.0,9.0,,,0,0.08,0.2,0,0,0,0,0,0,0,1,0,0
15317640,2500.0,800.0,7.0,,,0,0.98,0.86,0,0,0,0,0,0,0,1,0,0
22790789,2100.0,1000.0,5.0,,,0,0.8,0.51,0,0,0,0,0,0,0,1,0,0
5121528,1900.0,3000.0,10.0,,,0,0.11,0.17,0,0,0,0,0,0,0,1,0,0
44954628,1800.0,2300.0,6.0,,,0,1.16,0.79,0,0,0,0,0,0,0,1,0,0
67073561,200.0,,,2.0,,2,0.07,0.18,1,0,0,0,0,0,1,0,0,0
88819587,1200.0,700.0,3.0,,,0,0.05,0.1,0,0,0,0,0,0,0,0,1,0
40380686,0.0,200.0,1.0,,,0,0.04,0.1,0,0,0,0,0,0,0,0,0,0
92729410,800.0,0.0,2.0,,,0,0.03,0.1,0,0,0,0,0,0,0,1,0,0
28118128,0.0,800.0,2.0,,,0,0.11,0.19,0,0,0,0,0,0,0,1,0,0
60023855,0.0,0.0,3.0,,,0,0.07,0.16,0,0,0,0,0,0,0,1,0,0
12533811,900.0,900.0,1.0,,,0,0.11,0.08,1,0,0,0,0,1,0,0,0,0
36042004,500.0,500.0,2.0,,,0,0.08,0.13,0,0,0,0,0,0,0,1,0,0
56208713,2500.0,1800.0,7.0,,,0,0.06,0.15,1,0,1,0,0,0,0,0,0,0
83272895,800.0,800.0,3.0,,,0,0.09,0.12,0,0,0,0,0,0,0,1,0,0
47453433,,,,,,0,0.19,0.26,0,0,0,0,0,0,0,0,0,1
59919307,,,,,,0,0.06,0.13,0,0,0,0,0,0,0,0,0,2
68833958,,,,,,0,0.06,0.08,0,0,0,0,0,0,0,0,0,1
82705573,,,,,,0,0.08,0.13,0,0,0,0,0,0,0,0,0,2
84976088,1600.0,1800.0,5.0,,,0,0.04,0.08,0,0,0,0,0,0,0,1,0,0
71172240,1600.0,0.0,3.0,,,0,0.04,0.09,0,0,0,0,0,0,0,1,0,0
32603633,,,,,,0,0.1,0.12,0,0,0,0,0,0,0,0,0,2
30118811,1200.0,800.0,3.0,,,0,1.36,5.18,0,0,0,0,0,0,0,0,0,0
97947705,1200.0,800.0,3.0,,,0,0.05,0.1,0,0,0,0,0,0,0,1,0,0
63528891,1200.0,800.0,3.0,,,0,0.03,0.08,0,0,0,0,0,0,0,1,0,0
36280194,,,,,,0,0.05,0.07,0,0,0,0,0,0,0,0,0,2
28486799,,,,,,0,0.05,0.13,0,0,0,0,0,0,0,0,0,1
97677329,1200.0,,,2.0,,2,0.14,0.29,1,0,0,0,0,0,1,0,0,0
89328238,,,,,,0,0.02,0.09,0,0,0,0,0,0,0,0,0,2
95637655,2100.0,0.0,5.0,,,0,0.12,0.17,0,0,0,0,0,0,0,1,0,0
82593786,700.0,600.0,2.0,,,0,0.13,0.1,0,0,0,0,0,0,0,1,0,0
46253216,,,,,,0,0.04,0.18,0,0,0,0,0,0,0,0,0,2
76004142,,,,,,0,0.27,0.22,0,0,0,0,0,0,0,0,0,2
40633297,,,,,,0,0.51,0.57,0,0,0,0,0,0,0,0,0,2
88890658,2400.0,1850.0,6.0,,,0,0.08,0.24,0,0,0,1,0,0,0,1,0,0
53318263,2000.0,2400.0,7.0,,,0,0.16,0.19,0,0,0,0,0,0,0,1,0,0
440556,2600.0,2100.0,4.0,,,0,0.16,0.18,1,0,0,0,0,1,0,0,0,0
7165085,,,,,,0,0.05,0.27,0,0,0,0,0,0,0,0,0,1
94670654,1500.0,600.0,3.0,,,0,0.05,0.14,0,0,0,0,0,0,0,1,0,0
52495649,2000.0,1850.0,5.0,,,0,0.11,0.24,0,0,0,1,0,0,0,1,0,0
67443336,,,,,,0,0.15,0.26,0,0,0,0,0,0,0,0,0,2
8567955,1700.0,1200.0,4.0,,,0,0.1,0.28,0,0,0,0,0,0,0,1,0,0
242146,,,,,,0,0.08,0.15,0,0,0,0,0,0,0,0,0,1
80584548,,,,,,0,0.09,0.17,0,0,0,0,0,0,0,0,0,2
39892082,500.0,1900.0,4.0,,,0,0.07,0.12,0,0,0,0,0,0,0,1,0,0
28062325,,,,,,0,0.16,0.12,0,0,0,0,0,0,0,0,0,2
300103003,,,,,,0,0.44,0.53,0,0,0,0,0,0,0,0,0,3
31969219,,,,,,0,0.14,0.1,0,0,0,0,0,0,0,0,0,2
61528025,100.0,2000.0,3.0,,,0,0.27,0.39,0,0,0,0,0,0,0,1,0,0
94853057,1600.0,0.0,3.0,,,0,0.17,0.21,0,0,0,0,0,0,0,1,0,0
89569453,,,,,,0,0.05,0.21,0,0,0,0,0,0,0,0,0,2
87112784,,,,,,0,0.1,0.2,0,0,0,0,0,0,0,0,0,1
10012614,,,,,,0,0.07,0.06,0,0,0,0,0,0,0,0,0,1
48814566,,,,,,0,0.22,0.24,0,0,0,0,0,0,0,0,0,2
55705473,1200.0,1000.0,3.0,,,0,0.09,0.13,0,0,0,0,0,0,0,1,0,0
81992475,1700.0,1000.0,3.0,,,0,0.31,0.35,0,0,0,0,0,0,0,1,0,0
54702678,4000.0,4000.0,12.0,,,0,1.31,0.98,1,0,1,0,0,0,0,0,0,0
30761649,,,,,,0,0.1,0.16,0,0,0,0,0,0,0,0,0,1
97769122,,,,,,0,0.21,0.25,0,0,0,0,0,0,0,0,0,1
75518330,,,,,,0,0.14,0.25,0,0,0,0,0,0,0,0,0,1
38001022,,,,,,0,0.11,0.25,0,0,0,0,0,0,0,0,0,2
39513225,,,,,,0,5.33,15.61,0,0,0,0,0,0,0,0,0,1
41925941,,,,,,0,0.07,0.08,0,0,0,0,0,0,0,0,0,2
11813722,,,,,,0,0.18,0.15,0,0,0,0,0,0,0,0,0,1
62967433,1900.0,2000.0,4.0,,,0,0.18,0.25,1,0,0,0,0,1,0,0,0,0
86325596,1550.0,800.0,4.0,,,0,0.12,0.55,0,0,0,0,0,0,0,0,1,0
84815190,3000.0,2400.0,10.0,,,0,0.65,0.42,1,0,0,0,1,0,0,0,0,0
6840573,1380.0,1530.0,5.0,,,0,0.15,0.27,1,0,1,0,0,0,0,0,0,0
51369889,,,,,,0,0.22,0.53,0,0,0,0,0,0,0,0,0,2
78783370,,,,,,0,0.11,0.15,0,0,0,0,0,0,0,0,0,2
81480461,2600.0,2200.0,7.0,,,0,0.02,0.22,0,0,0,0,0,0,0,1,0,0
27855495,2600.0,2200.0,7.0,,,0,0.0,0.0,0,0,0,0,0,0,0,1,0,0
67841515,1100.0,600.0,3.0,,,0,1.68,0.0,0,0,0,0,0,0,0,0,1,0
10476868,1000.0,1300.0,4.0,,,0,0.0,0.0,0,0,0,0,0,0,0,0,1,0
13117073,1000.0,,,2.0,,2,0.14,0.13,1,0,0,0,0,0,1,0,0,0
98477480,,,,,,0,0.16,0.23,0,0,0,0,0,0,0,0,0,1
89127526,300.0,800.0,1.0,,,0,0.02,0.1,0,0,0,0,0,0,0,0,0,0
84478195,1000.0,1000.0,4.0,,,0,0.1,0.31,0,0,0,0,0,0,0,1,0,0
19740112,1000.0,1000.0,4.0,,,0,0.27,0.3,0,0,0,0,0,0,0,1,0,0
46145256,1000.0,1000.0,4.0,,,0,0.3,0.3,0,0,0,0,0,0,0,1,0,0
47961808,1000.0,1000.0,4.0,,,0,0.2,0.23,0,0,0,0,0,0,0,1,0,0
73356503,1000.0,1000.0,4.0,,,0,0.43,0.25,0,0,0,0,0,0,0,1,0,0
10963799,1000.0,1000.0,4.0,,,0,0.63,0.57,0,0,0,0,0,0,0,1,0,0
96700602,,,,,,0,0.12,0.11,0,0,0,0,0,0,0,0,0,2
69167267,,,,,,0,0.08,0.11,0,0,0,0,0,0,0,0,0,1
88610708,,,,,,0,0.24,0.21,0,0,0,0,0,0,0,0,0,1
89091579,500.0,700.0,2.0,,,0,0.02,0.09,0,0,0,0,0,0,0,0,1,0
81344637,400.0,2000.0,3.0,,,0,0.11,0.14,0,0,0,0,0,0,0,1,0,0
65351555,1000.0,2000.0,3.0,,,0,0.05,0.13,0,0,0,0,0,0,0,1,0,0
72076281,300.0,350.0,1.0,,,0,0.0,0.0,0,0,0,0,0,0,0,0,1,0
80447641,800.0,800.0,3.0,,,0,0.1,0.12,0,0,0,0,0,0,0,0,0,0
61181383,,,,,,0,0.2,0.34,0,0,0,0,0,0,0,0,0,1
60549248,1000.0,1000.0,4.0,,,0,0.05,0.14,0,0,0,0,0,0,0,1,0,0
63142001,0.0,0.0,3.0,,,0,0.13,0.2,0,0,0,0,0,0,0,1,0,0
47346845,0.0,0.0,4.0,,,0,0.16,0.13,0,0,0,0,0,0,0,1,0,0
19733961,0.0,0.0,2.0,,,0,0.06,0.12,0,0,0,0,0,0,0,1,0,0
83446909,1800.0,1200.0,5.0,,,0,0.09,0.11,0,0,0,0,0,0,0,1,0,0
55401221,0.0,1900.0,1.0,,,0,0.21,0.13,0,0,0,0,0,0,0,1,0,0
74730899,2100.0,0.0,6.0,,,0,1.12,0.72,0,0,0,0,0,0,0,1,0,0
19441018,2600.0,0.0,8.0,,,0,0.3,0.67,0,0,0,0,0,0,0,1,0,0
56839613,100.0,100.0,1.0,,,0,0.06,0.15,0,0,0,0,0,0,0,1,0,0
44586426,1500.0,1500.0,4.0,,,0,0.29,0.51,0,0,0,0,0,0,0,1,0,0
44586427,,,,,,0,0.0,0.0,0,0,0,0,0,0,0,0,0,4
22047978,,,,,,0,0.08,0.11,0,0,0,0,0,0,0,0,0,2
10389143,,,,,,0,0.0,0.0,0,0,0,0,0,0,0,0,0,4
19665973,0.0,0.0,1.0,,,0,0.27,0.32,0,0,0,0,0,0,0,1,0,0
48094997,1000.0,2100.0,4.0,,,0,0.09,0.15,0,0,0,0,0,0,0,0,1,0
43225434,,,,,,0,0.12,0.17,0,0,0,0,0,0,0,0,0,1
60534585,,,,,,0,0.14,0.21,0,0,0,0,0,0,0,0,0,2
31245780,,,,,,0,0.21,0.47,0,0,0,0,0,0,0,0,0,2
46570372,,,,,,0,0.12,0.18,0,0,0,0,0,0,0,0,0,1
60530944,,,,,,0,0.17,0.11,0,0,0,0,0,0,0,0,0,2
5053103,1700.0,1000.0,4.0,,,0,0.09,0.17,0,0,0,0,0,0,0,0,1,0
65433790,,,,,,0,0.06,0.12,0,0,0,0,0,0,0,0,0,1
74752631,1000.0,,,2.0,,2,0.05,1.11,1,0,0,0,0,0,1,0,0,0
18246479,1800.0,1300.0,5.0,,,0,0.14,0.21,0,0,0,0,0,0,0,0,1,0
64178868,1600.0,800.0,4.0,,,0,0.02,0.01,0,0,0,0,0,0,0,1,0,0
71652522,,,,,,0,0.04,0.1,0,0,0,0,0,0,0,0,0,2
5052212,,,,,,0,0.14,0.2,0,0,0,0,0,0,0,0,0,1
15629801,,,,,,0,0.09,0.19,0,0,0,0,0,0,0,0,0,1
55550921,700.0,1000.0,3.0,,,0,0.43,0.43,0,0,0,0,0,0,0,0,1,0
94463200,,,,,,0,0.11,0.09,0,0,0,0,0,0,0,0,0,2
40424929,2100.0,1800.0,3.0,,,0,0.1,0.13,1,0,0,0,0,1,0,0,0,0
42228966,,,,,,0,0.08,0.15,0,0,0,0,0,0,0,0,0,1
5577149,50.0,100.0,1.0,,,0,0.03,0.12,0,0,0,0,0,0,0,1,0,0
74213995,,,,,,0,0.11,0.27,0,0,0,0,0,0,0,0,0,1
78621186,,,,,,0,0.05,0.05,0,0,0,0,0,0,0,0,0,2
39389320,3000.0,1100.0,8.0,,,0,0.07,0.11,0,0,0,0,0,0,0,1,0,0
42233477,,,,,,0,0.07,0.13,0,0,0,0,0,0,0,0,0,2
69695704,1700.0,1000.0,4.0,,,0,0.17,0.17,0,0,0,0,0,0,0,1,0,0
90161770,1800.0,800.0,4.0,,,0,0.43,0.52,0,0,0,0,0,0,0,1,0,0
27565379,2200.0,1600.0,5.0,,,0,0.34,0.37,1,0,0,0,1,0,0,0,0,0
26443791,3000.0,800.0,12.0,,,0,0.14,0.4,1,0,0,0,1,0,0,0,0,0
91283212,100.0,100.0,1.0,,,0,0.16,0.22,0,0,0,0,0,0,0,1,0,0
35057188,3000.0,2000.0,12.0,,,0,0.35,0.22,1,0,0,0,1,0,0,0,0,0
53950487,2500.0,800.0,6.0,,,0,0.16,0.31,1,0,0,0,1,0,0,0,0,0
80949182,2800.0,2000.0,8.0,,,0,0.35,0.71,1,0,0,0,1,0,0,0,0,0
25221249,,,,,,0,0.11,0.28,0,0,0,0,0,0,0,0,0,2
65899613,200.0,300.0,1.0,,,0,0.35,0.82,0,0,0,0,0,0,0,1,0,0
56146300,1900.0,0.0,5.0,,,0,0.12,0.12,0,0,0,0,0,0,0,1,0,0
71456737,2400.0,1200.0,6.0,,,0,0.09,0.07,1,0,0,0,1,0,0,0,0,0
28388927,400.0,800.0,2.0,,,0,1.31,0.88,0,0,0,0,0,0,0,0,0,0
54772065,1000.0,500.0,3.0,,,0,0.36,0.52,0,0,0,0,0,0,0,1,0,0
67441879,,,,,,0,0.12,0.1,0,0,0,0,0,0,0,0,0,1
86325573,1100.0,1400.0,2.0,,,0,0.03,0.05,0,0,0,0,0,0,0,1,0,0
76589815,0.0,1300.0,3.0,,,0,0.1,0.08,1,0,0,0,0,1,0,0,0,0
47921178,500.0,2000.0,4.0,,,0,0.12,0.15,0,0,0,0,0,0,0,1,0,0
4549095,0.0,1100.0,3.0,,,0,0.04,0.31,0,0,0,0,0,0,0,1,0,0
5361647,2000.0,0.0,4.0,,,0,0.1,0.11,0,0,0,0,0,0,0,1,0,0
79867938,1000.0,1800.0,4.0,,,0,0.07,0.07,0,0,0,0,0,0,0,1,0,0
46804536,2300.0,1800.0,4.0,,,0,1.96,2.77,1,0,0,0,0,1,0,0,0,0
23232295,2200.0,2000.0,4.0,,,0,0.09,0.11,1,0,0,0,0,1,0,0,0,0
83315222,1700.0,800.0,4.0,,,0,0.3,0.9,0,0,0,0,0,0,0,1,0,0
61679541,800.0,1000.0,3.0,,,0,0.04,0.05,0,0,0,0,0,0,0,1,0,0
24184846,100.0,1400.0,3.0,,,0,0.08,0.14,0,0,0,0,0,0,0,1,0,0
35537251,1800.0,1400.0,4.0,,,0,0.07,0.11,0,0,0,0,0,0,0,1,0,0
32750341,1200.0,1400.0,4.0,,,0,0.16,0.76,0,0,0,0,0,0,0,1,0,0
68144350,1500.0,1400.0,4.0,,,0,0.05,0.11,0,0,0,0,0,0,0,1,0,0
11522479,1600.0,200.0,4.0,,,0,0.81,2.07,0,0,0,0,0,0,0,1,0,0
13313278,0.0,1800.0,4.0,,,0,0.13,0.34,0,0,0,0,0,0,0,1,0,0
19688343,,,,,,0,0.12,0.43,0,0,0,0,0,0,0,0,0,2
36916401,,,,,,0,0.1,0.11,0,0,0,0,0,0,0,0,0,1
83755611,2300.0,2600.0,8.0,,,0,0.18,0.17,1,0,0,0,1,0,0,0,0,0
4472318,2300.0,1800.0,6.0,,,0,0.09,0.15,0,0,0,0,0,0,0,1,0,0
47474172,500.0,0.0,1.0,,,0,0.02,0.09,0,0,0,0,0,0,0,1,0,0
36092504,,,,,,0,0.18,0.26,0,0,0,0,0,0,0,0,0,1
79480466,2500.0,900.0,4.0,,,0,0.09,0.12,1,0,0,0,0,1,0,0,0,0
40133511,1600.0,900.0,4.0,,,0,0.08,0.07,0,0,0,0,0,0,0,1,0,0
50371210,,,,,,0,0.04,0.01,0,0,0,0,0,0,0,0,0,1
6103114,800.0,900.0,3.0,,,0,0.0,0.0,0,0,0,0,0,0,0,0,1,0
84990171,1400.0,1300.0,4.0,,,0,2.03,21.82,0,0,0,0,0,0,0,0,1,0
80141055,1600.0,0.0,3.0,,,0,0.03,0.05,0,0,0,0,0,0,0,1,0,0
27134209,3400.0,2900.0,9.0,,,0,2.57,0.84,0,0,0,0,0,0,0,1,0,0
46009906,,,,,,0,0.02,0.18,0,0,0,0,0,0,0,0,0,1
78651105,3000.0,1200.0,8.0,,,0,0.13,0.09,0,0,0,0,0,0,0,1,0,0
50675040,,,,,,0,0.03,0.05,0,0,0,0,0,0,0,0,0,2
19028307,3800.0,1200.0,8.0,,,0,0.25,0.28,0,0,0,0,0,0,0,1,0,0
21984400,,,,,,0,0.04,0.04,0,0,0,0,0,0,0,0,0,1
11761845,2400.0,2150.0,6.0,,,0,0.07,0.17,0,0,0,0,0,0,0,0,1,0
20011655,2400.0,2150.0,7.0,,,0,0.03,0.14,0,0,0,0,0,0,0,1,0,0
83903521,400.0,600.0,3.0,,,0,0.08,0.11,0,0,0,0,0,0,0,1,0,0
9999961,,,,,,0,0.07,0.14,0,0,0,0,0,0,0,0,0,1
84962466,,,,,,0,0.09,0.17,0,0,0,0,0,0,0,0,0,2
35149085,,,,,,0,0.08,0.34,0,0,0,0,0,0,0,0,0,2
21362970,1850.0,400.0,4.0,,,0,0.94,1.24,0,0,0,0,0,0,0,1,0,0
72378329,3000.0,2000.0,8.0,,,0,0.99,0.38,1,0,1,0,0,0,0,0,0,0
16796157,1600.0,1000.0,4.0,,,0,0.11,0.15,0,0,0,0,0,0,0,1,0,0
99426834,1000.0,1100.0,4.0,,,0,1.5,1.83,0,0,0,0,0,0,0,1,0,0
81933259,,,,,,0,0.19,0.25,0,0,0,0,0,0,0,0,0,1
300302006,,,,,,0,0.07,0.18,0,0,0,0,0,0,0,0,0,3
99011763,1000.0,,0.0,2.0,,2,0.22,0.23,1,0,0,0,0,0,1,0,0,0
93850652,1200.0,500.0,3.0,,,0,0.15,0.17,0,0,0,0,0,0,0,1,0,0
300202002,,,,,,0,0.16,0.38,0,0,0,0,0,0,0,0,0,3
46924949,1400.0,2000.0,4.0,,,0,0.03,0.13,0,0,0,0,0,0,0,1,0,0
27552504,2500.0,2800.0,6.0,,,0,0.35,0.26,1,0,0,0,0,1,0,0,0,0
29616941,1750.0,1500.0,5.0,,,0,0.0,0.0,0,0,0,0,0,0,0,0,1,0
16899564,1600.0,800.0,4.0,,,0,175.84,112.49,0,0,0,0,0,0,0,0,1,0
6625096,0.0,0.0,1.0,,,0,0.58,0.59,0,0,0,0,0,0,0,1,0,0
32452818,1200.0,1500.0,4.0,,,0,0.04,0.12,0,0,0,0,0,0,0,0,1,0
58400390,1800.0,0.0,4.0,,,0,0.09,0.21,0,0,0,0,0,0,0,0,1,0
16255442,,,,,,0,0.2,0.17,0,0,0,0,0,0,0,0,0,2
1474910,500.0,400.0,1.0,,,0,0.08,0.11,0,0,0,0,0,0,0,1,0,0
49522489,1200.0,800.0,3.0,,,0,0.49,0.39,0,0,0,0,0,0,0,1,0,0
34408491,3000.0,3000.0,8.0,,,0,0.28,0.33,1,0,0,0,1,0,0,0,0,0
8763963,4000.0,4000.0,10.0,,,0,0.4,0.29,1,0,0,0,1,0,0,0,0,0
30587695,1600.0,900.0,4.0,,,0,0.12,0.09,0,0,0,0,0,0,0,1,0,0
2834264,1000.0,,,2.0,,2,0.08,0.12,1,0,0,0,0,0,1,0,0,0
51578214,1600.0,1400.0,4.0,,,0,0.09,0.11,0,0,0,0,0,0,0,1,0,0
91300233,2400.0,2000.0,5.0,,,0,0.19,0.29,1,0,1,0,0,0,0,0,0,0
87240371,,,,,,0,0.07,0.1,0,0,0,0,0,0,0,0,0,1
1712616,,,,,,0,0.09,0.14,0,0,0,0,0,0,0,0,0,2
64213017,,,,,,0,0.06,0.08,0,0,0,0,0,0,0,0,0,1
13234975,,,,,,0,0.05,0.14,0,0,0,0,0,0,0,0,0,1
88962829,2000.0,2200.0,6.0,,,0,0.06,0.08,0,0,0,0,0,0,0,1,0,0
39041550,1200.0,2000.0,3.0,,,0,0.06,0.11,0,0,0,0,0,0,0,1,0,0
2656842,1000.0,300.0,3.0,,,0,0.18,0.26,0,0,0,0,0,0,0,1,0,0
40633084,,,,,,0,0.04,0.05,0,0,0,0,0,0,0,0,0,2
65430555,2400.0,1800.0,7.0,,,0,0.09,0.2,0,0,0,0,0,0,0,1,0,0
6628343,500.0,2000.0,4.0,,,0,1.93,2.16,0,0,0,0,0,0,0,1,0,0
32360466,,,,,,0,0.11,0.26,0,0,0,0,0,0,0,0,0,2
20374520,,,,,,0,0.03,0.17,0,0,0,0,0,0,0,0,0,2
94022093,1350.0,1000.0,4.0,,,0,0.19,0.94,0,0,0,0,0,0,0,0,1,0
13836592,2700.0,1500.0,10.0,,,0,0.02,0.07,0,0,0,0,0,0,0,1,0,0
22996376,2700.0,1500.0,7.0,,,0,0.06,0.39,0,0,0,0,0,0,0,1,0,0
300302043,,,,,,0,0.0,0.09,0,0,0,0,0,0,0,0,0,3
33731070,1600.0,1300.0,4.0,,,0,0.15,0.19,0,0,0,0,0,0,0,1,0,0
33655493,2800.0,2400.0,8.0,,,0,0.15,0.08,0,0,0,0,0,0,0,1,0,0
300302044,,,,,,0,0.0,0.11,0,0,0,0,0,0,0,0,0,3
22953211,2000.0,,,3.0,,3,0.05,0.04,1,0,0,0,0,0,1,0,0,0
94662235,,,,,,0,0.15,0.26,0,0,0,0,0,0,0,0,0,2
73345237,2500.0,,,4.0,,4,7.76,3.53,1,0,0,0,0,0,1,0,0,0
77207191,1400.0,1800.0,5.0,,,0,0.02,0.15,0,0,0,0,0,0,0,1,0,0
69601012,2400.0,600.0,6.0,,,0,1.54,0.96,1,0,1,0,0,0,0,0,0,0
59808784,800.0,1000.0,3.0,,,0,0.1,0.25,0,0,0,0,0,0,0,1,0,0
20747792,400.0,400.0,1.0,,,0,1.08,2.3,0,0,0,0,0,0,0,1,0,0
13744068,2000.0,0.0,6.0,,,0,0.03,0.12,0,0,0,0,0,0,0,1,0,0
85605684,3500.0,0.0,8.0,,,0,2.99,2.85,0,0,0,0,0,0,0,1,0,0
39168895,2000.0,1000.0,4.0,,,0,0.64,1.24,0,0,0,0,0,0,0,1,0,0
52497105,,,,,,0,0.04,0.06,0,0,0,0,0,0,0,0,0,1
15471265,,,,,,0,0.16,0.25,0,0,0,0,0,0,0,0,0,1
5402805,3000.0,,,3.0,,3,0.1,0.21,1,0,0,0,0,0,1,0,0,0
15381252,,,,,,0,0.14,0.23,0,0,0,0,0,0,0,0,0,1
56535497,,,,,,0,0.17,0.13,0,0,0,0,0,0,0,0,0,2
42901635,3000.0,2800.0,8.0,,,0,6.01,3.18,0,0,0,0,0,0,0,1,0,0
23969415,,,,,,0,0.06,0.13,0,0,0,0,0,0,0,0,0,1
79418928,1500.0,1500.0,3.0,,,0,0.17,0.37,0,0,0,0,0,0,0,1,0,0
39256679,1700.0,1600.0,4.0,,,0,0.09,0.27,0,0,0,0,0,0,0,0,1,0
84079032,0.0,0.0,1.0,,,0,0.02,0.05,0,0,0,0,0,0,0,0,0,0
300302045,,,,,,0,0.0,0.09,0,0,0,0,0,0,0,0,0,3
35778533,,,,,,0,0.11,0.16,0,0,0,0,0,0,0,0,0,1
22125101,1200.0,,,2.0,,2,0.08,0.25,1,0,0,0,0,0,1,0,0,0
66500065,1600.0,0.0,3.0,,,0,1.64,0.74,0,0,0,0,0,0,0,1,0,0
25655502,2300.0,2000.0,7.0,,,0,0.06,0.26,1,0,1,0,0,0,0,0,0,0
58685438,800.0,1600.0,4.0,,,0,0.08,0.11,0,0,0,0,0,0,0,1,0,0
83392426,200.0,200.0,2.0,,,0,0.14,0.12,0,0,0,0,0,0,0,1,0,0
61127349,,,,,,0,0.19,0.26,0,0,0,0,0,0,0,0,0,1
32696942,1000.0,1600.0,4.0,,,0,0.11,0.13,0,0,0,0,0,0,0,1,0,0
95472621,,,,,,0,0.09,0.68,0,0,0,0,0,0,0,0,0,2
84808313,,,,,,0,0.11,0.14,0,0,0,0,0,0,0,0,0,1
16768387,1200.0,1000.0,4.0,,,0,0.02,0.15,0,0,0,0,0,0,0,1,0,0
91337277,2500.0,1500.0,8.0,,,0,0.0,0.0,0,0,0,0,0,0,0,1,0,0
53606874,1200.0,1500.0,4.0,,,0,0.24,0.44,0,0,0,0,0,0,0,0,1,0
51254277,1800.0,300.0,3.0,,,0,0.08,0.11,0,0,0,0,0,0,0,1,0,0
42129512,2700.0,2000.0,7.0,,,0,0.06,0.21,0,0,0,0,0,0,0,0,1,0
89235196,100.0,600.0,1.0,,,0,0.26,0.45,0,0,0,0,0,0,0,1,0,0
25247218,2100.0,0.0,5.0,,,0,0.15,0.92,0,0,0,0,0,0,0,1,0,0
65240384,100.0,2600.0,4.0,,,0,0.05,0.08,0,0,0,0,0,0,0,1,0,0
51562916,,,,,,0,0.07,0.11,0,0,0,0,0,0,0,0,0,1
92714517,,,,,,0,0.42,0.13,0,0,0,0,0,0,0,0,0,2
18322364,1000.0,3000.0,9.0,,,0,0.09,0.13,0,0,0,0,0,0,0,1,0,0
84677654,,,,,,0,0.29,0.08,0,0,0,0,0,0,0,0,0,2
59380081,2000.0,1000.0,5.0,,,0,0.14,0.16,0,0,0,0,0,0,0,1,0,0
55461744,1400.0,1800.0,5.0,,,0,0.39,0.65,0,0,0,0,0,0,0,1,0,0
80088625,1800.0,,,2.0,,2,0.04,0.07,1,0,0,0,0,0,1,0,0,0
79016563,1600.0,,,2.0,,2,0.05,0.11,1,0,0,0,0,0,1,0,0,0
8058240,1000.0,1100.0,3.0,,,0,2.37,0.0,0,0,0,0,0,0,0,0,1,0
93437091,,,,,,0,0.56,0.37,0,0,0,0,0,0,0,0,0,1
99505609,,,,,,0,0.06,0.24,0,0,0,0,0,0,0,0,0,2
7670542,600.0,1300.0,3.0,,,0,0.94,0.0,0,0,0,0,0,0,0,0,1,0
3084730,1500.0,2000.0,5.0,,,0,0.05,0.17,0,0,0,0,0,0,0,1,0,0
58696829,1150.0,1000.0,3.0,,,0,0.06,0.18,0,0,0,0,0,0,0,0,1,0
74130411,1700.0,1200.0,4.0,,,0,0.03,0.1,0,0,0,0,0,0,0,1,0,0
84845628,2700.0,1500.0,8.0,,,0,0.09,0.11,0,0,0,0,0,0,0,0,0,0
75252099,1800.0,1500.0,4.0,,,0,0.08,0.23,0,0,0,0,0,0,0,1,0,0
45547649,1600.0,1600.0,4.0,,,0,0.19,0.22,0,0,0,0,0,0,0,1,0,0
5439384,,,,,,0,0.05,0.14,0,0,0,0,0,0,0,0,0,1
35539880,,,,,,0,0.07,0.11,0,0,0,0,0,0,0,0,0,2
92142169,300.0,1000.0,3.0,,,0,0.06,0.26,0,0,0,0,0,0,0,1,0,0
50122883,500.0,300.0,2.0,,,0,0.02,0.09,0,0,0,0,0,0,0,1,0,0
44702857,2400.0,1000.0,6.0,,,0,0.04,0.08,0,0,0,0,0,0,0,1,0,0
36211150,200.0,2000.0,2.0,,,0,0.06,0.1,0,0,0,0,0,0,0,0,1,0
36694815,1500.0,2000.0,4.0,,,0,0.05,0.1,0,0,0,0,0,0,0,1,0,0
2095764,0.0,2000.0,2.0,,,0,0.46,0.47,0,0,0,0,0,0,0,1,0,0
31677606,,,,,,0,0.1,0.14,0,0,0,0,0,0,0,0,0,1
50896944,1800.0,1100.0,4.0,,,0,0.05,0.11,0,0,0,0,0,0,0,1,0,0
96029574,3000.0,2600.0,8.0,,,0,0.26,0.3,1,0,0,0,1,0,0,0,0,0
67381587,,,,,,0,0.02,0.11,0,0,0,0,0,0,0,0,0,2
98684220,3000.0,2500.0,8.0,,,0,49.34,54.44,0,0,0,0,0,0,0,1,0,0
61901281,1800.0,1700.0,4.0,,,0,0.07,0.1,0,0,0,0,0,0,0,1,0,0
56562619,2800.0,1600.0,7.0,,,0,0.07,0.17,0,0,0,0,0,0,0,1,0,0
36262024,800.0,500.0,1.0,,,0,0.1,0.22,0,0,0,0,0,0,0,1,0,0
75672051,1700.0,800.0,4.0,,8.0,0,0.37,0.71,0,1,0,0,0,0,0,1,0,0
40279770,,,,,,0,0.05,0.57,0,0,0,0,0,0,0,0,0,2
7602800,,,,,,0,0.07,0.14,0,0,0,0,0,0,0,0,0,1
71645242,,,,,,0,0.07,0.09,0,0,0,0,0,0,0,0,0,1
50323155,,,,,,0,2.63,2.49,0,0,0,0,0,0,0,0,0,2
32754886,,,,,,0,0.14,0.27,0,0,0,0,0,0,0,0,0,2
41426869,,,,,,0,0.05,0.16,0,0,0,0,0,0,0,0,0,1
95506252,0.0,0.0,10.0,,,0,0.0,0.0,1,0,0,0,1,0,0,0,0,0
55761792,,,,,,0,0.08,0.23,0,0,0,0,0,0,0,0,0,1
5405694,3000.0,2500.0,8.0,,,0,0.11,0.93,0,0,0,1,0,0,0,0,0,0
72989439,3000.0,2500.0,8.0,,,0,0.22,0.42,0,0,0,0,0,0,0,1,0,0
77498348,3000.0,2500.0,8.0,,,0,0.21,0.34,0,0,0,0,0,0,0,1,0,0
70551291,3000.0,2500.0,8.0,,,0,0.53,3.95,0,0,0,1,0,0,0,1,0,0
92510265,3000.0,2500.0,8.0,,,0,0.11,0.21,0,0,0,0,0,0,0,1,0,0
49202162,3000.0,,,3.0,,3,1.41,4.51,1,0,0,0,0,0,1,0,0,0
70405001,3000.0,2500.0,8.0,,,0,4.11,4.51,0,0,0,1,0,0,0,1,0,0
54484652,3000.0,2500.0,8.0,,,0,5.0,6.35,0,0,0,1,0,0,0,1,0,0
76792184,,,,,,0,0.08,0.52,0,0,0,0,0,0,0,0,0,1
86469231,1300.0,1000.0,3.0,,,0,0.06,0.17,0,0,0,0,0,0,0,1,0,0
93969023,600.0,600.0,1.0,,,0,0.2,0.21,0,0,0,0,0,0,0,1,0,0
65169794,,,,,,0,0.09,0.09,0,0,0,0,0,0,0,0,0,1
76218643,200.0,100.0,1.0,,,0,0.05,0.11,0,0,0,0,0,0,0,1,0,0
90654356,1000.0,500.0,3.0,,,0,0.13,0.13,0,0,0,0,0,0,0,1,0,0
74416224,2100.0,600.0,3.0,,,0,0.1,0.31,1,0,0,0,0,1,0,0,0,0
72278479,,,,,,0,1.11,0.88,0,0,0,0,0,0,0,0,0,2
73580471,2400.0,1800.0,7.0,,,0,0.09,0.15,1,0,0,0,1,0,0,0,0,0
46985799,2900.0,2300.0,9.0,,,0,0.0,0.0,0,0,0,0,0,0,0,1,0,0
69053263,,,,,,0,4.1,6.28,0,0,0,0,0,0,0,0,0,1
33698022,2400.0,1800.0,7.0,,,0,0.11,0.07,1,0,0,0,1,0,0,0,0,0
88671720,100.0,1100.0,3.0,,,0,2.32,3.45,0,0,0,0,0,0,0,0,0,0
96367119,,,,,,0,0.07,0.11,0,0,0,0,0,0,0,0,0,2
67284108,,,,,,0,0.44,0.44,0,0,0,0,0,0,0,0,0,4
11901678,3200.0,2500.0,9.0,,,0,0.45,0.86,1,0,1,0,0,0,0,0,0,0
97818130,3200.0,2500.0,9.0,,,0,0.31,3.44,0,0,0,0,0,0,0,1,0,0
72930878,,,,,,0,0.57,0.32,0,0,0,0,0,0,0,0,0,2
79409334,1200.0,2000.0,4.0,,,0,0.1,0.1,0,0,0,0,0,0,0,1,0,0
52833089,,,,,,0,0.14,0.13,0,0,0,0,0,0,0,0,0,2
38670435,2600.0,1800.0,7.0,,,0,0.4,0.35,0,0,0,0,0,0,0,1,0,0
52319752,1800.0,300.0,4.0,,,0,0.11,0.14,0,0,0,0,0,0,0,1,0,0
91351370,,,,,,0,0.19,0.16,0,0,0,0,0,0,0,0,0,1
9925982,,,,,,0,0.08,0.15,0,0,0,0,0,0,0,0,0,2
73218989,3200.0,2800.0,10.0,,,0,0.21,0.18,1,0,0,0,1,0,0,0,0,0
9012916,2800.0,1600.0,8.0,,,0,0.15,0.13,1,0,0,0,1,0,0,0,0,0
67779172,,,,,,0,0.17,0.12,0,0,0,0,0,0,0,0,0,1
44028461,,,,,,0,1.13,0.64,0,0,0,0,0,0,0,0,0,2
67647362,1600.0,,,2.0,,2,0.27,0.26,1,0,0,0,0,0,1,0,0,0
80254726,,,,,,0,0.09,0.14,0,0,0,0,0,0,0,0,0,2
53519297,,,,,,0,0.14,0.11,0,0,0,0,0,0,0,0,0,2
91642007,1000.0,1000.0,4.0,,,0,0.02,0.21,0,0,0,0,0,0,0,1,0,0
60992105,2800.0,1600.0,8.0,,,0,2.08,1.39,1,0,0,0,1,0,0,0,0,0
87564352,1500.0,800.0,4.0,,,0,0.17,0.26,0,0,0,0,0,0,0,0,1,0
31053337,2600.0,1800.0,7.0,,,0,0.73,0.3,0,0,0,0,0,0,0,1,0,0
4068622,-1.0,0.0,10.0,,,0,0.17,0.4,0,0,0,0,0,0,0,1,0,0
17465972,1300.0,0.0,4.0,,,0,0.12,0.33,0,0,0,0,0,0,0,0,0,0
89040386,,,,,,0,0.2,0.19,0,0,0,0,0,0,0,0,0,2
9925983,,,,,,0,0.0,0.0,0,0,0,0,0,0,0,0,0,4
22835145,1300.0,0.0,2.0,,,0,0.74,1.11,0,0,0,0,0,0,0,0,0,0
25435080,,,,,,0,0.02,0.17,0,0,0,0,0,0,0,0,0,2
43906884,,,,,,0,0.18,0.41,0,0,0,0,0,0,0,0,0,2
49003716,1700.0,800.0,4.0,,,0,0.19,0.23,0,0,0,0,0,0,0,1,0,0
16516630,1300.0,900.0,5.0,,,0,0.19,0.19,0,0,0,0,0,0,0,1,0,0
10602628,2400.0,1600.0,6.0,,,0,0.19,0.16,1,0,0,0,1,0,0,0,0,0
89258906,1100.0,300.0,3.0,,,0,0.09,0.15,0,0,0,0,0,0,0,0,0,0
52900379,1200.0,1800.0,5.0,,,0,0.16,0.13,0,0,0,0,0,0,0,1,0,0
88305978,600.0,1800.0,4.0,,,0,0.16,0.1,0,0,0,0,0,0,0,1,0,0
34976176,100.0,700.0,2.0,,,0,0.11,0.04,0,0,0,0,0,0,0,1,0,0
58131925,1300.0,700.0,3.0,,,0,0.26,0.23,0,0,0,0,0,0,0,1,0,0
19462747,1000.0,1000.0,4.0,,,0,0.08,0.08,0,0,0,0,0,0,0,0,0,0
11613567,2200.0,1200.0,6.0,,,0,0.13,0.17,0,0,0,0,0,0,0,1,0,0
78564023,400.0,1600.0,3.0,,,0,0.28,0.26,0,0,0,0,0,0,0,1,0,0
9109991,500.0,800.0,2.0,,,0,0.11,0.13,0,0,0,0,0,0,0,1,0,0
2009101,1300.0,400.0,3.0,,,0,0.23,0.18,0,0,0,0,0,0,0,0,0,0
26775203,0.0,1600.0,3.0,,,0,0.18,0.06,0,0,0,0,0,0,0,1,0,0
28190303,800.0,1500.0,3.0,,,0,1.45,0.18,0,0,0,0,0,0,0,1,0,0
9929398,0.0,0.0,5.0,,,0,0.21,0.21,0,0,0,0,0,0,0,0,0,0
17377751,2200.0,1500.0,5.0,,,0,0.07,0.2,1,0,0,0,1,0,0,0,0,0
52869807,900.0,1400.0,2.0,,,0,0.07,0.14,0,0,0,0,0,0,0,1,0,0
77152542,800.0,800.0,2.0,,,0,0.17,0.13,0,0,0,0,0,0,0,1,0,0
3072808,0.0,2300.0,5.0,,,0,0.15,2.01,0,0,0,0,0,0,0,0,0,0
36442179,0.0,0.0,1.0,,,0,0.11,0.18,0,0,0,0,0,0,0,0,0,0
87390067,100.0,800.0,1.0,,,0,2.85,4.69,0,0,0,0,0,0,0,1,0,0
38562933,600.0,500.0,1.0,,,0,0.28,0.53,0,0,0,0,0,0,0,0,0,0
85215458,1400.0,1000.0,3.0,,,0,0.34,0.34,0,0,0,0,0,0,0,1,0,0
41902352,700.0,1500.0,4.0,,,0,0.41,0.28,0,0,0,0,0,0,0,0,0,0
49460512,2300.0,1600.0,6.0,,,0,2.15,1.48,0,0,0,0,0,0,0,0,0,0
81105204,1900.0,300.0,4.0,,,0,0.08,0.11,0,0,0,0,0,0,0,1,0,0
46710683,100.0,1800.0,2.0,,,0,0.2,0.22,0,0,0,0,0,0,0,0,0,0
95040215,2400.0,1600.0,6.0,,,0,0.17,0.16,1,0,0,0,1,0,0,0,0,0
73652465,400.0,600.0,1.0,,,0,0.11,0.09,0,0,0,0,0,0,0,0,0,0
55610595,1200.0,1000.0,3.0,,,0,0.15,0.29,0,0,0,0,0,0,0,0,0,0
8571567,1600.0,0.0,4.0,,,0,0.14,0.06,0,0,0,0,0,0,0,0,0,0
54594017,500.0,500.0,2.0,,,0,0.06,0.1,0,0,0,0,0,0,0,0,0,0
58820853,1800.0,1200.0,4.0,,,0,4.17,5.45,0,0,0,0,0,0,0,1,0,0
33236860,2800.0,2000.0,8.0,,,0,0.5,0.47,1,0,0,0,1,0,0,0,0,0
81470373,1600.0,2000.0,6.0,,,0,0.09,0.05,0,0,0,0,0,0,0,1,0,0
75498415,2000.0,900.0,5.0,,,0,1.04,1.48,0,0,0,0,0,0,0,1,0,0
9047460,800.0,1200.0,3.0,,,0,0.38,0.38,0,0,0,0,0,0,0,0,0,0
70465810,1400.0,1400.0,4.0,,,0,0.1,0.07,0,0,0,0,0,0,0,1,0,0
73534250,1000.0,1200.0,4.0,,,0,0.1,0.16,0,0,0,0,0,0,0,1,0,0
69973414,,,,,,0,0.02,0.12,0,0,0,0,0,0,0,0,0,2
71187462,800.0,0.0,2.0,,,0,0.11,0.08,0,0,0,0,0,0,0,0,0,0
72714392,800.0,0.0,1.0,,,0,0.65,0.46,0,0,0,0,0,0,0,0,0,0
14785765,1600.0,1000.0,4.0,,,0,0.08,0.16,0,0,0,0,0,0,0,1,0,0
7459919,2300.0,900.0,6.0,,,0,0.09,0.07,0,0,0,0,0,0,0,1,0,0
76913983,2300.0,1000.0,6.0,,,0,0.37,0.23,1,0,0,0,1,0,0,0,0,0
69031175,2500.0,1500.0,7.0,,,0,0.54,0.48,1,0,0,0,1,0,0,0,0,0
54082269,3000.0,3000.0,10.0,,,0,0.17,0.14,1,0,0,0,1,0,0,0,0,0
81983656,2600.0,2000.0,7.0,,,0,0.21,0.46,1,0,0,0,1,0,0,0,0,0
82944432,2200.0,1000.0,4.0,,,0,2.4,1.86,1,0,0,0,0,1,0,0,0,0
70194827,1800.0,1400.0,4.0,,,0,0.06,0.05,0,0,0,0,0,0,0,1,0,0
78509901,0.0,0.0,3.0,,,0,0.23,0.2,0,0,0,0,0,0,0,1,0,0
39507162,1600.0,1000.0,4.0,,,0,0.64,0.66,0,0,0,0,0,0,0,1,0,0
58268433,400.0,300.0,2.0,,,0,0.06,0.5,0,0,0,0,0,0,0,1,0,0
97023549,1400.0,1500.0,4.0,,,0,0.06,0.14,0,0,0,0,0,0,0,0,1,0
28470714,600.0,700.0,2.0,,,0,0.13,0.13,0,0,0,0,0,0,0,1,0,0
11685347,1000.0,300.0,3.0,,,0,0.17,0.09,0,0,0,0,0,0,0,1,0,0
89041555,,,,,,0,0.14,0.14,0,0,0,0,0,0,0,0,0,2
51208877,,,,,,0,0.22,0.18,0,0,0,0,0,0,0,0,0,2
70138455,800.0,900.0,3.0,,,0,0.08,0.12,0,0,0,0,0,0,0,1,0,0
21051146,1400.0,1700.0,4.0,,,0,0.05,0.11,0,0,0,0,0,0,0,1,0,0
26302522,1400.0,1400.0,4.0,,,0,0.15,0.3,0,0,0,0,0,0,0,1,0,0
98239899,,,,,,0,0.04,0.16,0,0,0,0,0,0,0,0,0,2
53804307,2800.0,1800.0,7.0,,,0,0.08,0.12,0,0,0,0,0,0,0,1,0,0
99788587,,,,,,0,0.02,0.08,0,0,0,0,0,0,0,0,0,2
21466326,,,,,,0,0.02,0.18,0,0,0,0,0,0,0,0,0,2
69537999,,,,,,0,0.07,0.21,0,0,0,0,0,0,0,0,0,1
300302024,,,,,,0,0.0,0.0,0,0,0,0,0,0,0,0,0,3
52198054,,,,,,0,0.05,0.16,0,0,0,0,0,0,0,0,0,2
4059313,,,,,,0,4.4,4.04,0,0,0,0,0,0,0,0,0,1
6602300,2800.0,2300.0,8.0,,,0,1.34,0.63,1,0,1,0,0,0,0,0,0,0
47132793,2800.0,1800.0,7.0,,,0,0.15,0.26,1,0,0,0,0,1,0,0,0,0
16984449,1500.0,1500.0,4.0,,,0,0.11,0.08,0,0,0,0,0,0,0,0,0,0
70117791,1900.0,2400.0,6.0,,,0,0.03,0.09,1,0,1,0,0,0,0,0,0,0
95515789,1500.0,1500.0,4.0,,,0,0.31,0.21,0,0,0,0,0,0,0,0,0,0
92518817,800.0,1500.0,4.0,,,0,0.09,0.22,0,0,0,0,0,0,0,1,0,0
5464695,1850.0,0.0,4.0,,,0,0.05,0.15,0,0,0,0,0,0,0,0,1,0
75249652,,,,,,0,0.29,0.68,0,0,0,0,0,0,0,0,0,2
15177750,,,,,,0,0.1,0.21,0,0,0,0,0,0,0,0,0,2
39114494,,,,,,0,0.08,0.22,0,0,0,0,0,0,0,0,0,1
82422049,,,,,,0,0.21,0.25,0,0,0,0,0,0,0,0,0,2
30653113,,,,,,0,0.08,0.11,0,0,0,0,0,0,0,0,0,1
32015116,,,,,,0,0.02,0.13,0,0,0,0,0,0,0,0,0,2
22802010,,,,,,0,0.05,0.23,0,0,0,0,0,0,0,0,0,2
49267971,,,,,,0,0.11,0.17,0,0,0,0,0,0,0,0,0,1
35215622,1800.0,1500.0,4.0,,,0,0.12,0.17,0,0,0,0,0,0,0,1,0,0
28279365,,,,,,0,0.04,0.1,0,0,0,0,0,0,0,0,0,1
64049762,,,,,,0,0.22,0.23,0,0,0,0,0,0,0,0,0,1
433377,,,,,,0,0.12,0.17,0,0,0,0,0,0,0,0,0,1
59921227,,,,,,0,0.12,0.17,0,0,0,0,0,0,0,0,0,2
30945251,,,,,,0,0.12,0.23,0,0,0,0,0,0,0,0,0,1
23526128,,,,,,0,0.11,0.17,0,0,0,0,0,0,0,0,0,2
51706604,,,,,,0,0.2,0.46,0,0,0,0,0,0,0,0,0,1
61802346,1800.0,1000.0,4.0,,,0,0.19,0.24,0,0,0,0,0,0,0,1,0,0
43694481,1500.0,1500.0,4.0,,,0,0.07,0.14,0,0,0,0,0,0,0,1,0,0
28348537,2800.0,2100.0,8.0,,,0,0.51,0.35,0,0,0,0,0,0,0,1,0,0
50920465,1600.0,1400.0,4.0,,,0,0.04,0.07,0,0,0,0,0,0,0,1,0,0
96565487,1400.0,400.0,3.0,,,0,0.05,0.08,0,0,0,0,0,0,0,1,0,0
60161788,300.0,500.0,1.0,,,0,0.07,0.12,0,0,0,0,0,0,0,1,0,0
25880422,,,,,,0,0.02,0.15,0,0,0,0,0,0,0,0,0,1
94689206,2500.0,3000.0,8.0,,,0,0.2,0.27,0,0,0,0,0,0,0,1,0,0
72580321,1000.0,1500.0,3.0,,,0,0.09,0.18,0,0,0,0,0,0,0,1,0,0
79636594,0.0,100.0,1.0,,,0,0.1,0.16,0,0,0,0,0,0,0,1,0,0
48115278,,,,,,0,0.0,0.0,0,0,0,0,0,0,0,0,0,4
34743446,850.0,1800.0,4.0,,,0,1.06,2.24,0,0,0,0,0,0,0,0,1,0
48115277,1000.0,1500.0,4.0,,,0,0.05,0.11,0,0,0,0,0,0,0,1,0,0
53167658,,,,,,0,0.07,0.28,0,0,0,0,0,0,0,0,0,1
30757396,2800.0,1300.0,8.0,,,0,45.68,1800.0,1,0,0,0,1,0,0,0,0,0
97783659,1300.0,1500.0,4.0,,,0,0.06,0.07,0,0,0,0,0,0,0,1,0,0
84988419,1000.0,2000.0,6.0,,,0,0.78,0.6,1,0,1,0,0,0,0,0,0,0
34974462,1000.0,,,2.0,,2,0.09,0.27,1,0,0,0,0,0,1,0,0,0
24672164,1900.0,2000.0,7.0,,,0,0.13,0.37,1,0,1,0,0,0,0,0,0,0
99092624,,,,,,0,0.1,0.15,0,0,0,0,0,0,0,0,0,2
13438207,,,,,,0,0.13,0.14,0,0,0,0,0,0,0,0,0,2
25551951,2300.0,1200.0,6.0,,,0,0.21,0.39,0,0,0,0,0,0,0,1,0,0
14568951,2100.0,1200.0,5.0,,,0,0.33,0.8,0,0,0,0,0,0,0,1,0,0
55969226,1500.0,600.0,4.0,,,0,0.22,0.94,0,0,0,0,0,0,0,1,0,0
40217358,0.0,1000.0,1.0,,,0,0.21,0.09,0,0,0,0,0,0,0,1,0,0
50903514,1800.0,1600.0,4.0,,,0,0.16,0.12,0,0,0,0,0,0,0,1,0,0
20871001,,,,,,0,1.32,48.56,0,0,0,0,0,0,0,0,0,1
54582424,0.0,1700.0,4.0,,,0,0.14,0.29,0,0,0,0,0,0,0,1,0,0
98884569,1600.0,1200.0,4.0,,,0,0.06,0.11,0,0,0,0,0,0,0,1,0,0
14089428,1700.0,1000.0,4.0,,,0,0.07,0.18,0,0,0,0,0,0,0,1,0,0
7953868,1000.0,1700.0,4.0,,,0,0.33,0.3,0,0,0,0,0,0,0,1,0,0
35282433,900.0,700.0,3.0,,,0,0.1,0.17,0,0,0,0,0,0,0,0,1,0
64202399,2500.0,2500.0,8.0,,,0,0.06,0.12,0,0,0,0,0,0,0,1,0,0
43228023,4500.0,3800.0,12.0,,,0,7.57,14.72,1,0,1,0,0,0,0,0,0,0
38517737,3000.0,2500.0,8.0,,,0,0.02,0.15,0,0,0,0,0,0,0,1,0,0
20654247,3000.0,0.0,8.0,,,0,0.11,0.17,0,0,0,1,0,0,0,1,0,0
55410871,4000.0,0.0,8.0,,,0,0.15,0.17,0,0,0,1,0,0,0,1,0,0
30576089,3000.0,0.0,8.0,,,0,0.02,0.16,0,0,0,0,0,0,0,1,0,0
53347303,3000.0,2500.0,10.0,,,0,0.64,1.25,0,0,0,0,0,0,0,1,0,0
57043986,2500.0,2000.0,8.0,,,0,1.91,1.4,0,0,0,0,0,0,0,1,0,0
59822133,2500.0,3000.0,9.0,,,0,0.13,0.11,1,0,0,0,1,0,0,0,0,0
53183600,3000.0,2500.0,8.0,,,0,0.48,2.38,0,0,0,0,0,0,0,0,0,0
2129638,3000.0,2500.0,10.0,,,0,0.09,0.12,1,0,1,0,0,0,0,0,0,0
11443677,3400.0,2900.0,8.0,,,0,0.1,0.1,1,0,1,0,0,0,0,0,0,0
23995346,4500.0,3800.0,12.0,,,0,0.12,0.24,1,0,1,0,0,0,0,0,0,0
91461780,4500.0,3800.0,12.0,,,0,0.0,0.0,1,0,1,0,0,0,0,0,0,0
89604813,3500.0,4000.0,12.0,,,0,0.11,0.22,1,0,0,0,1,0,0,0,0,0
71808988,4500.0,3800.0,12.0,,,0,0.0,0.0,0,0,0,0,0,0,0,0,0,0
89631139,3000.0,2500.0,8.0,,,0,0.12,0.16,0,0,0,0,0,0,0,0,1,0
30397786,3000.0,2500.0,8.0,,,0,0.0,0.0,0,0,0,0,0,0,0,1,0,0
41396436,1600.0,1200.0,4.0,,,0,0.07,0.11,0,0,0,0,0,0,0,0,1,0
55349375,500.0,1000.0,4.0,,,0,0.04,0.22,0,0,0,0,0,0,0,1,0,0
22346472,,,,,,0,0.03,0.07,0,0,0,0,0,0,0,0,0,1
40634253,1400.0,2200.0,4.0,,,0,0.09,1.51,0,0,0,0,0,0,0,1,0,0
21340051,2000.0,500.0,4.0,,,0,0.05,0.1,0,0,0,0,0,0,0,1,0,0
8715625,500.0,500.0,2.0,,,0,0.06,0.11,0,0,0,0,0,0,0,0,1,0
12146024,1400.0,1500.0,5.0,,,0,0.96,0.0,0,0,0,0,0,0,0,0,1,0
48531733,1100.0,800.0,3.0,,,0,0.12,0.15,0,0,0,0,0,0,0,0,1,0
57409948,400.0,900.0,2.0,,,0,0.02,0.11,0,0,0,0,0,0,0,1,0,0
71750854,1350.0,2400.0,6.0,,,0,0.02,0.06,0,0,0,0,0,0,0,1,0,0
60709218,,,,,,0,0.48,0.73,0,0,0,0,0,0,0,0,0,1
79402185,,,,,,0,0.08,0.15,0,0,0,0,0,0,0,0,0,1
6890729,,,,,,0,0.06,0.19,0,0,0,0,0,0,0,0,0,2
45898858,,,,,,0,0.05,0.12,0,0,0,0,0,0,0,0,0,1
25784595,1800.0,0.0,4.0,,,0,1.58,1.58,0,0,0,0,0,0,0,1,0,0
37675138,1600.0,200.0,4.0,,,0,0.25,0.22,0,0,0,0,0,0,0,1,0,0
21239280,400.0,300.0,1.0,,,0,0.0,0.0,0,0,0,0,0,0,0,0,1,0
47778083,,,,,,0,0.16,0.1,0,0,0,0,0,0,0,0,0,2
98456117,850.0,400.0,3.0,,,0,0.21,0.18,0,0,0,0,0,0,0,0,1,0
85106525,,,,,,0,0.95,0.95,0,0,0,0,0,0,0,0,0,1
59834564,2600.0,2200.0,8.0,,,0,0.1,0.09,0,0,0,0,0,0,0,1,0,0
263926,100.0,100.0,1.0,,,0,0.06,0.08,0,0,0,0,0,0,0,1,0,0
68963107,650.0,500.0,2.0,,,0,0.0,0.0,0,0,0,0,0,0,0,0,1,0
27923575,,,,,,0,0.11,0.29,0,0,0,0,0,0,0,0,0,2
24425055,,,,,,0,0.37,0.27,0,0,0,0,0,0,0,0,0,2
96704974,,,,,,0,0.03,0.12,0,0,0,0,0,0,0,0,0,1
35480699,,,,,,0,0.19,0.25,0,0,0,0,0,0,0,0,0,1
2204140,,,,,,0,0.16,0.56,0,0,0,0,0,0,0,0,0,1
31834488,,,,,,0,0.26,0.36,0,0,0,0,0,0,0,0,0,1
14087893,,,,,,0,0.08,0.16,0,0,0,0,0,0,0,0,0,1
91595718,,,,,,0,0.02,0.27,0,0,0,0,0,0,0,0,0,1
38699854,,,,,,0,0.02,0.13,0,0,0,0,0,0,0,0,0,1
14839621,,,,,,0,0.05,0.13,0,0,0,0,0,0,0,0,0,2
12986778,,,,,,0,0.04,0.08,0,0,0,0,0,0,0,0,0,1
80457744,300.0,200.0,1.0,,,0,0.21,0.29,0,0,0,0,0,0,0,1,0,0
12023931,1900.0,,0.0,2.0,,2,0.04,0.1,1,0,0,0,0,0,1,0,0,0
36668118,,,,,,0,0.68,0.68,0,0,0,0,0,0,0,0,0,1
70950698,2300.0,500.0,5.0,,,0,0.05,0.09,0,0,0,0,0,0,0,1,0,0
36322312,2500.0,2500.0,8.0,,,0,0.5,0.44,0,0,0,0,0,0,0,1,0,0
938717,0.0,2000.0,4.0,,,0,0.14,0.25,0,0,0,0,0,0,0,1,0,0
63717421,,,,,,0,0.24,0.26,0,0,0,0,0,0,0,0,0,1
9715126,,,,,,0,0.34,0.39,0,0,0,0,0,0,0,0,0,2
13316346,0.0,2000.0,4.0,,,0,0.08,0.4,0,0,0,0,0,0,0,1,0,0
96699830,,,,,,0,0.02,0.07,0,0,0,0,0,0,0,0,0,2
62753201,,,,,,0,0.08,0.16,0,0,0,0,0,0,0,0,0,2
87607094,,,,,,0,0.16,0.22,0,0,0,0,0,0,0,0,0,2
6556178,,,,,,0,0.07,0.1,0,0,0,0,0,0,0,0,0,1
30131474,,,,,,0,0.11,0.25,0,0,0,0,0,0,0,0,0,1
67288539,2500.0,,,3.0,,3,0.45,0.4,1,0,0,0,0,0,1,0,0,0
98630720,3500.0,,,5.0,,5,0.06,0.11,1,0,0,0,0,0,1,0,0,0
68987122,3000.0,,0.0,4.0,,4,0.02,0.3,1,0,0,0,0,0,1,0,0,0
31833038,3000.0,,,4.0,,4,0.23,0.45,1,0,0,0,0,0,1,0,0,0
6247535,3000.0,2500.0,4.0,,,0,0.26,0.28,1,0,0,0,0,1,0,0,0,0
84464389,2500.0,2000.0,8.0,,,0,0.21,0.19,1,0,1,0,0,0,0,0,0,0
92892239,3000.0,2500.0,8.0,,,0,0.16,0.2,1,0,1,0,0,0,0,0,0,0
27096833,3000.0,,,4.0,,4,0.0,0.0,1,0,0,0,0,0,1,0,0,0
7987191,3000.0,2500.0,8.0,,,0,0.49,0.67,0,0,0,1,0,0,0,1,0,0
27548199,3000.0,2500.0,8.0,,,0,0.25,0.26,1,0,0,0,1,0,0,0,0,0
66452432,3500.0,,,5.0,,5,0.36,0.61,1,0,0,0,0,0,1,0,0,0
85289965,3000.0,,0.0,4.0,,4,0.32,0.41,1,0,0,0,0,0,1,0,0,0
4909946,,,,,,0,0.07,0.16,0,0,0,0,0,0,0,0,0,1
66947414,,,,,,0,0.1,0.09,0,0,0,0,0,0,0,0,0,1
45951104,,,,,,0,0.75,4.43,0,0,0,0,0,0,0,0,0,1
84824601,1300.0,1100.0,3.0,,,0,0.28,0.31,0,0,0,0,0,0,0,1,0,0
20546916,1600.0,2000.0,4.0,,,0,1.52,0.37,0,0,0,0,0,0,0,1,0,0
81386177,1650.0,1700.0,5.0,,,0,0.02,0.13,0,0,0,0,0,0,0,0,1,0
76532077,,,,,,0,0.23,0.18,0,0,0,0,0,0,0,0,0,2
29401950,,,,,,0,0.15,0.22,0,0,0,0,0,0,0,0,0,2
9540040,1450.0,2200.0,6.0,,,0,0.0,0.0,0,0,0,0,0,0,0,0,1,0
53610653,,,,,,0,0.03,0.15,0,0,0,0,0,0,0,0,0,1
32296881,1600.0,1700.0,4.0,,,0,0.14,0.22,0,0,0,0,0,0,0,1,0,0
48582558,,,,,,0,0.05,0.03,0,0,0,0,0,0,0,0,0,2
52090844,1300.0,1000.0,3.0,,,0,0.04,0.15,0,0,0,0,0,0,0,1,0,0
55351724,,,,,,0,0.09,0.13,0,0,0,0,0,0,0,0,0,1
81587028,0.0,0.0,1.0,,,0,0.02,0.14,0,0,0,0,0,0,0,1,0,0
61156777,1800.0,1000.0,4.0,,,0,0.06,0.14,0,0,0,0,0,0,0,1,0,0
45025640,1000.0,2500.0,4.0,,,0,0.08,0.1,0,0,0,0,0,0,0,1,0,0
16507828,2200.0,2000.0,6.0,,,0,8.2,3.39,1,0,1,0,0,0,0,0,0,0
87910978,,,,,,0,0.19,0.26,0,0,0,0,0,0,0,0,0,1
44265115,100.0,200.0,1.0,,,0,0.09,0.09,0,0,0,0,0,0,0,0,0,0
81919143,2400.0,1500.0,7.0,,,0,0.1,0.14,0,0,0,0,0,0,0,1,0,0
17313545,2500.0,1800.0,6.0,,,0,0.15,0.52,0,0,0,0,0,0,0,1,0,0
39531794,,,,,,0,0.12,0.27,0,0,0,0,0,0,0,0,0,2
40267580,200.0,900.0,2.0,,,0,1.12,0.79,0,0,0,0,0,0,0,1,0,0
85668449,,,,,,0,0.2,0.32,0,0,0,0,0,0,0,0,0,1
59258334,,,,,,0,0.17,0.12,0,0,0,0,0,0,0,0,0,2
6560411,2400.0,1800.0,7.0,,,0,13.53,11.93,1,0,0,0,1,0,0,0,0,0
30548775,,,,,,0,0.05,0.07,0,0,0,0,0,0,0,0,0,1
6763530,,,,,,0,0.05,0.1,0,0,0,0,0,0,0,0,0,2
32756828,,,,,,0,0.11,0.14,0,0,0,0,0,0,0,0,0,2
60442460,,,,,,0,0.02,0.1,0,0,0,0,0,0,0,0,0,2
62022479,,,,,,0,0.03,0.08,0,0,0,0,0,0,0,0,0,1
34536828,,,,,,0,0.02,0.18,0,0,0,0,0,0,0,0,0,1
1041278,,,,,,0,0.08,0.03,0,0,0,0,0,0,0,0,0,2
44362883,,,,,,0,0.09,0.18,0,0,0,0,0,0,0,0,0,1
14220547,,,,,,0,0.04,0.03,0,0,0,0,0,0,0,0,0,1
29948294,,,,,,0,0.12,0.09,0,0,0,0,0,0,0,0,0,1
82738008,,,,,,0,0.13,0.07,0,0,0,0,0,0,0,0,0,1
34995106,,,,,,0,0.04,0.09,0,0,0,0,0,0,0,0,0,1
10065487,,,,,,0,0.02,0.11,0,0,0,0,0,0,0,0,0,1
18973184,,,,,,0,0.02,0.1,0,0,0,0,0,0,0,0,0,1
36637374,,,,,,0,0.17,0.11,0,0,0,0,0,0,0,0,0,1
34090915,,,,,,0,0.23,0.17,0,0,0,0,0,0,0,0,0,1
17751597,,,,,,0,0.24,0.09,0,0,0,0,0,0,0,0,0,2
81767888,,,,,,0,0.06,0.09,0,0,0,0,0,0,0,0,0,2
74277583,1300.0,1000.0,4.0,,,0,0.09,0.47,0,0,0,0,0,0,0,0,1,0
88305705,3000.0,2000.0,8.0,,,0,17.8,13.5,1,0,1,0,0,0,0,0,0,0
78161361,1500.0,1000.0,4.0,,,0,0.04,0.04,0,0,0,0,0,0,0,1,0,0
66740005,1900.0,200.0,4.0,,,0,0.08,0.28,0,0,0,0,0,0,0,1,0,0
90011273,1200.0,,,2.0,,2,0.13,0.22,1,0,0,0,0,0,1,0,0,0
9852718,,,,,,0,0.04,0.14,0,0,0,0,0,0,0,0,0,2
56526564,,,,,,0,0.08,0.16,0,0,0,0,0,0,0,0,0,2
4008212,,,,,,0,0.17,0.18,0,0,0,0,0,0,0,0,0,2
69873498,,,,,,0,0.09,0.16,0,0,0,0,0,0,0,0,0,2
63851864,,,,,,0,0.05,0.1,0,0,0,0,0,0,0,0,0,1
22923081,1600.0,1000.0,6.0,,,0,0.08,0.15,0,0,0,0,0,0,0,1,0,0
71413901,1600.0,1000.0,4.0,,,0,0.1,0.54,0,0,0,0,0,0,0,1,0,0
69217334,,,,,,0,0.13,0.13,0,0,0,0,0,0,0,0,0,1
78474168,,,,,,0,0.24,0.19,0,0,0,0,0,0,0,0,0,2
96218085,,,,,,0,0.44,0.22,0,0,0,0,0,0,0,0,0,2
44221928,,,,,,0,0.04,0.06,0,0,0,0,0,0,0,0,0,1
20101223,,,,,,0,8.55,99.99,0,0,0,0,0,0,0,0,0,1
64018647,,,,,,0,0.04,0.07,0,0,0,0,0,0,0,0,0,2
58882608,,,,,,0,0.08,0.13,0,0,0,0,0,0,0,0,0,1
80222045,100.0,2100.0,1.0,,,0,0.0,0.0,0,0,0,0,0,0,0,0,1,0
52840598,1500.0,1100.0,4.0,,,0,0.41,0.53,0,0,0,0,0,0,0,0,0,0
24707869,,,,,,0,0.1,0.1,0,0,0,0,0,0,0,0,0,2
16719802,1900.0,1000.0,4.0,,,0,0.11,0.19,0,0,0,0,0,0,0,1,0,0
19271881,,,,,,0,0.08,0.11,0,0,0,0,0,0,0,0,0,2
34848821,2500.0,2000.0,8.0,,,0,0.09,0.09,1,0,1,0,0,0,0,0,0,0
7394770,,,,,,0,0.52,0.38,0,0,0,0,0,0,0,0,0,1
61011438,500.0,500.0,2.0,,,0,0.06,0.09,0,0,0,0,0,0,0,1,0,0
3105404,,,,,,0,0.07,0.11,0,0,0,0,0,0,0,0,0,2
2102065,1000.0,2600.0,7.0,,,0,0.07,0.15,0,0,0,0,0,0,0,1,0,0
50321796,2300.0,1400.0,6.0,,,0,0.61,0.9,1,0,0,0,1,0,0,0,0,0
65892310,2300.0,1400.0,6.0,,,0,1.03,1.88,1,0,0,0,1,0,0,0,0,0
27217742,900.0,400.0,4.0,,,0,0.19,0.24,0,0,0,0,0,0,0,1,0,0
41587307,,,,,,0,1.46,0.89,0,0,0,0,0,0,0,0,0,1
60930169,,,,,,0,0.33,0.31,0,0,0,0,0,0,0,0,0,2
88086137,,,,,,0,0.02,0.12,0,0,0,0,0,0,0,0,0,2
57985393,700.0,700.0,2.0,,,0,0.03,0.08,0,0,0,0,0,0,0,0,0,0
6353603,1600.0,1200.0,4.0,,,0,0.16,0.19,0,0,0,0,0,0,0,1,0,0
66762372,1100.0,1400.0,4.0,,,0,0.12,0.01,0,0,0,0,0,0,0,0,0,0
92572371,1700.0,1000.0,4.0,,,0,0.08,0.1,0,0,0,0,0,0,0,1,0,0
58504745,1800.0,2200.0,4.0,,,0,0.23,0.2,1,0,0,0,0,1,0,0,0,0
93751476,1100.0,2000.0,4.0,,,0,0.04,0.12,0,0,0,0,0,0,0,1,0,0
49785720,2000.0,500.0,5.0,,,0,0.08,0.11,0,0,0,0,0,0,0,1,0,0
43748308,1800.0,400.0,4.0,,,0,0.02,0.33,0,0,0,0,0,0,0,1,0,0
46241344,1700.0,,,2.0,,2,3.29,3.38,1,0,0,0,0,0,1,0,0,0
61472381,2400.0,2000.0,6.0,,,0,2.06,1.95,0,0,0,1,0,0,0,1,0,0
98093548,1000.0,1800.0,4.0,,,0,7.33,5.05,0,0,0,0,0,0,0,1,0,0
70355994,1600.0,1000.0,4.0,,,0,0.2,0.13,0,0,0,0,0,0,0,1,0,0
17475251,200.0,1500.0,3.0,,,0,0.12,0.15,0,0,0,0,0,0,0,1,0,0
74168099,2200.0,2200.0,6.0,,,0,0.93,1.26,1,0,0,0,1,0,0,0,0,0
89856523,2000.0,2800.0,8.0,,,0,0.1,0.21,1,0,0,0,1,0,0,0,0,0
39699564,0.0,200.0,3.0,,,0,0.13,0.11,0,0,0,0,0,0,0,1,0,0
37057743,2200.0,200.0,3.0,,,0,0.1,0.17,1,0,0,0,0,1,0,0,0,0
35488287,2100.0,400.0,5.0,,,0,6.93,4.9,0,0,0,0,0,0,0,1,0,0
20265095,1000.0,,,2.0,,2,0.41,0.45,1,0,0,0,0,0,1,0,0,0
62694833,800.0,200.0,3.0,,,0,0.28,0.39,0,0,0,0,0,0,0,1,0,0
44860890,200.0,1800.0,3.0,,,0,0.13,0.16,0,0,0,0,0,0,0,1,0,0
66084673,1700.0,1400.0,4.0,,,0,0.1,0.16,0,0,0,0,0,0,0,1,0,0
30929786,1500.0,100.0,3.0,,,0,0.26,0.19,0,0,0,0,0,0,0,1,0,0
75132317,1800.0,600.0,4.0,,,0,0.02,0.4,0,0,0,0,0,0,0,1,0,0
1662004,500.0,200.0,3.0,,,0,0.15,0.1,0,0,0,0,0,0,0,0,0,0
2521011,2000.0,800.0,5.0,,,0,1.16,0.58,0,0,0,0,0,0,0,1,0,0
93877990,2600.0,2200.0,8.0,,,0,0.37,0.36,1,0,1,0,0,0,0,0,0,0
96381979,2200.0,1800.0,4.0,,,0,0.24,0.24,1,0,0,0,0,1,0,0,0,0
93294869,0.0,1900.0,3.0,,,0,0.09,0.1,0,0,0,0,0,0,0,1,0,0
79126789,1400.0,800.0,3.0,,,0,0.27,0.38,0,0,0,0,0,0,0,1,0,0
6214884,1800.0,400.0,4.0,,,0,0.05,0.08,0,0,0,0,0,0,0,1,0,0
36569343,1400.0,1200.0,4.0,,,0,0.1,0.15,0,0,0,0,0,0,0,1,0,0
36809777,,,,,,0,0.06,0.08,0,0,0,0,0,0,0,0,0,2
30155789,,,,,,0,0.68,1.27,0,0,0,0,0,0,0,0,0,2
63503850,1600.0,,,2.0,,2,0.12,0.2,1,0,0,0,0,0,1,0,0,0
79777187,,,,,,0,0.08,0.09,0,0,0,0,0,0,0,0,0,1
53586134,,,,,,0,3.06,1.15,0,0,0,0,0,0,0,0,0,1
58531587,,,,,,0,0.63,0.43,0,0,0,0,0,0,0,0,0,2
61622107,,,,,,0,0.15,0.14,0,0,0,0,0,0,0,0,0,2
80075749,,,,,,0,2.47,5.23,0,0,0,0,0,0,0,0,0,1
61968753,,,,,,0,0.23,0.17,0,0,0,0,0,0,0,0,0,1
6104968,900.0,600.0,3.0,,,0,0.05,0.12,0,0,0,0,0,0,0,1,0,0
26223582,400.0,1850.0,1.0,,,0,0.08,0.14,0,0,0,1,0,0,0,1,0,0
10971759,,,,,,0,0.06,0.21,0,0,0,0,0,0,0,0,0,2
86643777,,,,,,0,0.09,0.1,0,0,0,0,0,0,0,0,0,1
47185546,,,,,,0,0.1,0.09,0,0,0,0,0,0,0,0,0,1
19000848,1000.0,1500.0,3.0,,,0,0.18,0.23,0,0,0,0,0,0,0,1,0,0
23979249,1600.0,1900.0,4.0,,,0,1.37,0.5,0,0,0,0,0,0,0,1,0,0
70026064,1000.0,2000.0,4.0,,3.0,0,0.2,0.15,0,1,0,0,0,0,0,0,1,0
9418365,2000.0,1000.0,4.0,,,0,4.64,3.74,0,0,0,0,0,0,0,1,0,0
92586237,0.0,1800.0,4.0,,,0,0.05,0.2,0,0,0,0,0,0,0,1,0,0
53678698,1900.0,1500.0,4.0,,,0,2.33,1.16,0,0,0,0,0,0,0,1,0,0
63049052,,,,,,0,0.07,0.16,0,0,0,0,0,0,0,0,0,2
35183853,,,,,,0,0.17,0.12,0,0,0,0,0,0,0,0,0,1
30338466,,,,,,0,0.03,0.13,0,0,0,0,0,0,0,0,0,2
29981935,1500.0,500.0,4.0,,,0,0.12,0.28,0,0,0,0,0,0,0,1,0,0
32339440,1800.0,200.0,4.0,,,0,0.24,0.21,0,0,0,0,0,0,0,1,0,0
68045685,,,,,,0,0.03,0.07,0,0,0,0,0,0,0,0,0,1
73906480,,,,,,0,0.31,0.31,0,0,0,0,0,0,0,0,0,1
11221418,,,,,,0,0.12,0.11,0,0,0,0,0,0,0,0,0,2
66727115,,,,,,0,0.06,0.16,0,0,0,0,0,0,0,0,0,2
42551040,1100.0,1900.0,4.0,,,0,0.07,0.08,0,0,0,0,0,0,0,1,0,0
88940154,1700.0,500.0,4.0,,,0,0.09,0.14,0,0,0,0,0,0,0,1,0,0
68601507,1600.0,300.0,4.0,,,0,0.13,0.17,0,0,0,0,0,0,0,1,0,0
89662736,1700.0,800.0,4.0,,,0,0.1,0.2,0,0,0,0,0,0,0,1,0,0
23857661,200.0,2100.0,4.0,,,0,0.1,0.17,0,0,0,0,0,0,0,1,0,0
59251766,1700.0,500.0,4.0,,,0,2.19,2.82,0,0,0,0,0,0,0,1,0,0
16157341,1600.0,300.0,4.0,,,0,0.04,0.09,0,0,0,0,0,0,0,1,0,0
94096616,1700.0,500.0,4.0,,,0,0.08,0.11,0,0,0,0,0,0,0,1,0,0
10860121,1700.0,800.0,4.0,,,0,0.24,0.2,0,0,0,0,0,0,0,1,0,0
50474354,1800.0,700.0,4.0,,,0,0.09,0.1,0,0,0,0,0,0,0,1,0,0
69723159,1600.0,900.0,4.0,,,0,0.7,0.25,0,0,0,0,0,0,0,1,0,0
11958188,1600.0,900.0,4.0,,,0,0.06,0.16,0,0,0,0,0,0,0,1,0,0
56574543,1500.0,1000.0,4.0,,,0,0.52,0.44,0,0,0,0,0,0,0,1,0,0
86868952,1700.0,800.0,4.0,,,0,0.08,0.15,0,0,0,0,0,0,0,1,0,0
5818294,1700.0,1200.0,4.0,,,0,0.15,0.17,0,0,0,0,0,0,0,1,0,0
80555062,1200.0,1900.0,4.0,,,0,0.07,0.1,0,0,0,0,0,0,0,1,0,0
32202803,1100.0,2000.0,4.0,,,0,0.02,0.1,0,0,0,0,0,0,0,1,0,0
71095768,1500.0,,,2.0,,2,1.08,1.99,1,0,0,0,0,0,1,0,0,0
68618157,2600.0,2500.0,4.0,,,0,0.2,0.13,1,0,0,0,0,1,0,0,0,0
1855932,2500.0,2000.0,4.0,,,0,2.56,3.11,1,0,0,0,0,1,0,0,0,0
75840616,2400.0,1600.0,4.0,,,0,0.38,0.22,1,0,0,0,0,1,0,0,0,0
73289035,1800.0,2300.0,4.0,,,0,0.3,0.22,1,0,0,0,0,1,0,0,0,0
55599882,,,,,,0,0.06,0.11,0,0,0,0,0,0,0,0,0,1
33611061,,,,,,0,0.09,0.19,0,0,0,0,0,0,0,0,0,1
36088082,1600.0,1200.0,4.0,,,0,0.1,0.11,0,0,0,0,0,0,0,1,0,0
19974890,,,,,,0,0.05,0.16,0,0,0,0,0,0,0,0,0,2
69380702,150.0,2050.0,1.0,,,0,0.33,0.45,0,0,0,0,0,0,0,0,1,0
101403066,,,,,,0,0.0,0.0,0,0,0,0,0,0,0,0,0,1
101403080,,,,,,0,0.0,0.0,0,0,0,0,0,0,0,0,0,2
101403020,0.0,2000.0,4.0,,,0,0.0,0.0,0,0,0,0,0,0,0,1,0,0
39643167,200.0,100.0,1.0,,,0,0.03,0.06,0,0,0,0,0,0,0,1,0,0
44947065,,,,,,0,0.07,0.12,0,0,0,0,0,0,0,0,0,1
86690572,,,,,,0,0.15,0.14,0,0,0,0,0,0,0,0,0,2
6297941,850.0,800.0,3.0,,,0,0.61,0.62,0,0,0,0,0,0,0,0,1,0
89974735,1600.0,1400.0,4.0,,,0,0.09,0.12,0,0,0,0,0,0,0,1,0,0
48976825,,,,,,0,0.16,0.31,0,0,0,0,0,0,0,0,0,1
7428507,2400.0,1200.0,6.0,,,0,0.0,0.0,0,0,0,0,0,0,0,1,0,0
53797637,1000.0,200.0,3.0,,,0,0.13,0.11,0,0,0,0,0,0,0,1,0,0
41859700,500.0,1500.0,3.0,,,0,0.05,0.12,0,0,0,0,0,0,0,1,0,0
55870497,,,,,,0,0.04,0.18,0,0,0,0,0,0,0,0,0,1
59364406,1500.0,1000.0,4.0,,,0,0.02,0.16,0,0,0,0,0,0,0,1,0,0
8085950,2500.0,2100.0,8.0,,,0,0.11,0.19,0,0,0,0,0,0,0,1,0,0
46898368,,,,,,0,0.03,0.06,0,0,0,0,0,0,0,0,0,1
24294108,,,,,,0,0.04,0.01,0,0,0,0,0,0,0,0,0,1
26293219,1000.0,800.0,3.0,,,0,2.47,51.99,0,0,0,0,0,0,0,1,0,0
10723472,,,,,,0,0.11,0.1,0,0,0,0,0,0,0,0,0,1
18937875,,,,,,0,4.0,38.43,0,0,0,0,0,0,0,0,0,1
25669282,,,,,,0,0.08,0.16,0,0,0,0,0,0,0,0,0,2
80163754,,,,,,0,0.05,0.05,0,0,0,0,0,0,0,0,0,2
50243722,,,,,,0,0.3,0.43,0,0,0,0,0,0,0,0,0,2
27191436,,,,,,0,0.36,0.28,0,0,0,0,0,0,0,0,0,1
17655904,,,,,,0,0.02,0.03,0,0,0,0,0,0,0,0,0,1
42429678,600.0,1000.0,3.0,,,0,0.14,0.2,0,0,0,0,0,0,0,0,0,0
78193831,2600.0,2300.0,7.0,,,0,0.02,0.1,0,0,0,0,0,0,0,1,0,0
3428069,2600.0,2300.0,7.0,,,0,0.12,0.58,0,0,0,0,0,0,0,1,0,0
86240887,2800.0,2500.0,8.0,,,0,1.77,1.98,1,0,1,0,0,0,0,0,0,0
100461001,2600.0,2300.0,8.0,,,0,0.0,0.0,0,0,0,0,0,0,0,1,0,0
63676256,0.0,0.0,1.0,,,0,0.15,0.13,0,0,0,0,0,0,0,1,0,0
11790356,1200.0,2800.0,8.0,,,0,0.3,2.08,1,0,0,0,1,0,0,0,0,0
4998619,0.0,0.0,4.0,,,0,0.22,0.22,0,0,0,0,0,0,0,1,0,0
84740193,,,,,,0,0.16,0.1,0,0,0,0,0,0,0,0,0,1
49823708,400.0,300.0,1.0,,,0,0.41,0.21,0,0,0,0,0,0,0,0,0,0
83991690,200.0,300.0,1.0,,,0,0.41,0.47,0,0,0,0,0,0,0,0,0,0
69243953,,,,,,0,1.0,0.62,0,0,0,0,0,0,0,0,0,1
58288565,700.0,400.0,3.0,,,0,0.12,0.14,0,0,0,0,0,0,0,1,0,0
75987257,,,,,,0,0.07,0.11,0,0,0,0,0,0,0,0,0,2
63630268,,,,,,0,0.08,0.1,0,0,0,0,0,0,0,0,0,2
7150545,1600.0,500.0,4.0,,,0,0.06,0.2,0,0,0,0,0,0,0,1,0,0
35011819,,,,,,0,0.02,0.11,0,0,0,0,0,0,0,0,0,2
20735371,,,,,,0,0.03,0.18,0,0,0,0,0,0,0,0,0,2
36935434,,,,,,0,0.12,0.13,0,0,0,0,0,0,0,0,0,2
17597059,800.0,600.0,5.0,,,0,0.19,0.33,0,0,0,0,0,0,0,1,0,0
72656408,2500.0,2000.0,6.0,,,0,0.32,0.28,0,0,0,0,0,0,0,1,0,0
27572350,3500.0,3500.0,10.0,,,0,0.56,0.31,1,0,0,0,1,0,0,0,0,0
6637331,2500.0,2000.0,6.0,,,0,0.6,0.35,0,0,0,0,0,0,0,1,0,0
33854624,2500.0,2000.0,6.0,,,0,0.62,0.46,0,0,0,0,0,0,0,1,0,0
60242223,2500.0,2000.0,6.0,,,0,0.13,0.1,0,0,0,0,0,0,0,1,0,0
3405259,1200.0,2000.0,4.0,,,0,0.09,0.39,0,0,0,0,0,0,0,1,0,0
91449144,1700.0,1100.0,4.0,,,0,1.96,1.51,0,0,0,0,0,0,0,1,0,0
84384943,0.0,0.0,1.0,,,0,0.06,0.16,0,0,0,0,0,0,0,1,0,0
31615285,1800.0,300.0,4.0,,,0,0.14,0.2,0,0,0,0,0,0,0,1,0,0
74440055,1900.0,400.0,4.0,,,0,0.12,0.16,0,0,0,0,0,0,0,1,0,0
9342162,1500.0,300.0,3.0,,,0,0.3,0.15,0,0,0,0,0,0,0,1,0,0
21501505,2450.0,1950.0,4.0,,,0,0.2,0.34,1,0,0,0,0,1,0,0,0,0
87288189,2800.0,1000.0,8.0,,,0,0.32,0.65,0,0,0,0,0,0,0,1,0,0
9748752,2400.0,1000.0,6.0,,,0,5.28,5.38,0,0,0,0,0,0,0,1,0,0
50251045,4000.0,4000.0,10.0,,,0,2.69,0.75,0,0,0,0,0,0,0,1,0,0
73213494,1400.0,0.0,3.0,,,0,0.29,0.18,0,0,0,0,0,0,0,1,0,0
67692580,900.0,600.0,2.0,,,0,0.06,0.19,0,0,0,0,0,0,0,1,0,0
65785782,,,,,,0,2.32,9.79,0,0,0,0,0,0,0,0,0,1
78637313,,,,,,0,0.53,0.43,0,0,0,0,0,0,0,0,0,2
97803170,,,,,,0,0.08,0.29,0,0,0,0,0,0,0,0,0,2
73199638,,,,,,0,0.02,0.27,0,0,0,0,0,0,0,0,0,1
65743242,,,,,,0,0.07,0.07,0,0,0,0,0,0,0,0,0,2
80749819,,,,,,0,1.26,2.32,0,0,0,0,0,0,0,0,0,1
16970158,,,,,,0,0.47,0.25,0,0,0,0,0,0,0,0,0,2
97077563,,,,,,0,0.04,0.1,0,0,0,0,0,0,0,0,0,2
300101003,,,,,,0,0.0,0.0,0,0,0,0,0,0,0,0,0,3
4861205,,,,,,0,0.07,0.13,0,0,0,0,0,0,0,0,0,1
45133463,,,,,,0,0.08,0.18,0,0,0,0,0,0,0,0,0,2
24224830,,,,,,0,0.1,0.16,0,0,0,0,0,0,0,0,0,1
51773900,,,,,,0,0.06,0.19,0,0,0,0,0,0,0,0,0,1
15635751,,,,,,0,0.2,0.24,0,0,0,0,0,0,0,0,0,1
5244497,1400.0,1600.0,4.0,,,0,0.04,0.1,0,0,0,0,0,0,0,1,0,0
8315896,0.0,0.0,12.0,,,0,0.0,0.0,0,0,0,0,0,0,0,1,0,0
47695416,600.0,600.0,2.0,,,0,1.37,0.0,0,0,0,0,0,0,0,0,1,0
91754175,1500.0,200.0,3.0,,,0,0.06,0.11,0,0,0,0,0,0,0,1,0,0
11384280,1400.0,1300.0,4.0,,,0,0.21,0.15,0,0,0,0,0,0,0,1,0,0
14702066,1900.0,1200.0,5.0,,,0,0.11,0.15,0,0,0,0,0,0,0,1,0,0
95614612,1000.0,1000.0,2.0,,,0,0.04,0.19,0,0,0,0,0,0,0,1,0,0
16021142,1400.0,2000.0,4.0,,,0,0.32,0.24,0,0,0,0,0,0,0,1,0,0
1490690,,,,,,0,0.14,0.19,0,0,0,0,0,0,0,0,0,2
28120197,,,,,,0,0.85,0.37,0,0,0,0,0,0,0,0,0,1
29716911,2000.0,1000.0,5.0,,,0,0.03,0.06,0,0,0,0,0,0,0,1,0,0
55289183,0.0,1600.0,4.0,,,0,0.05,0.15,0,0,0,0,0,0,0,1,0,0
76722334,0.0,0.0,2.0,,,0,0.28,0.2,0,0,0,0,0,0,0,1,0,0
24056179,,,,,,0,0.0,0.0,0,0,0,0,0,0,0,0,0,1
37806313,500.0,200.0,1.0,,,0,0.05,0.21,0,0,0,0,0,0,0,1,0,0
15981690,800.0,600.0,3.0,,,0,0.21,0.14,0,0,0,0,0,0,0,1,0,0
52112003,,,,,,0,0.04,0.17,0,0,0,0,0,0,0,0,0,1
42256406,400.0,400.0,3.0,,,0,0.2,0.11,0,0,0,0,0,0,0,1,0,0
51047350,100.0,900.0,2.0,,,0,0.05,0.08,0,0,0,0,0,0,0,1,0,0
101403069,,,,,,0,0.0,0.0,0,0,0,0,0,0,0,0,0,1
72892473,,,,,,0,0.09,0.29,0,0,0,0,0,0,0,0,0,1
26701483,400.0,400.0,3.0,,,0,0.12,0.3,0,0,0,0,0,0,0,1,0,0
4694209,1600.0,500.0,4.0,,,0,0.05,0.07,0,0,0,0,0,0,0,1,0,0
59750328,,,,,,0,1.0,0.51,0,0,0,0,0,0,0,0,0,1
74191528,,,,,,0,0.15,0.24,0,0,0,0,0,0,0,0,0,1
88513608,,,,,,0,0.11,0.21,0,0,0,0,0,0,0,0,0,2
57953380,,,,,,0,0.21,0.12,0,0,0,0,0,0,0,0,0,1
42664989,,,,,,0,0.12,0.19,0,0,0,0,0,0,0,0,0,1
7044562,,,,,,0,6.75,7.39,0,0,0,0,0,0,0,0,0,1
72767833,,,,,,0,0.04,0.11,0,0,0,0,0,0,0,0,0,1
77066768,,,,,,0,0.03,0.09,0,0,0,0,0,0,0,0,0,1
12183332,,,,,,0,0.22,0.1,0,0,0,0,0,0,0,0,0,1
48712195,,,,,,0,0.14,0.1,0,0,0,0,0,0,0,0,0,1
85087012,400.0,400.0,3.0,,,0,0.06,0.14,0,0,0,0,0,0,0,1,0,0
45812361,800.0,400.0,2.0,,,0,0.13,0.11,0,0,0,0,0,0,0,1,0,0
4168871,,,,,,0,0.31,0.42,0,0,0,0,0,0,0,0,0,1
54977057,,,,,,0,0.19,0.27,0,0,0,0,0,0,0,0,0,1
39701395,,,,,,0,0.58,0.56,0,0,0,0,0,0,0,0,0,1
32566831,,,,,,0,0.21,0.18,0,0,0,0,0,0,0,0,0,1
13567610,3000.0,2500.0,10.0,,,0,0.94,0.89,0,0,0,0,0,0,0,1,0,0
85055821,1000.0,2600.0,7.0,,,0,0.04,0.1,0,0,0,0,0,0,0,1,0,0
46848859,1000.0,800.0,4.0,,,0,0.35,0.54,0,0,0,0,0,0,0,1,0,0
55363218,0.0,2000.0,1.0,,,0,0.12,0.32,0,0,0,0,0,0,0,1,0,0
94076521,500.0,1600.0,2.0,,,0,0.09,0.03,0,0,0,0,0,0,0,1,0,0
59957503,,,,,,0,0.25,0.08,0,0,0,0,0,0,0,0,0,2
12527118,1000.0,1200.0,3.0,,,0,0.06,0.1,0,0,0,0,0,0,0,1,0,0
82633039,2000.0,1500.0,4.0,,,0,0.09,0.16,1,0,0,0,0,1,0,0,0,0
36931229,0.0,2400.0,6.0,,,0,0.17,0.14,0,0,0,0,0,0,0,1,0,0
22198672,,,,,,0,0.15,0.18,0,0,0,0,0,0,0,0,0,1
62121,920.0,1930.0,4.0,,,0,0.09,0.5,0,0,0,0,0,0,0,1,0,0
13513663,,,,,,0,0.06,0.1,0,0,0,0,0,0,0,0,0,2
44209392,,,,,,0,0.02,0.14,0,0,0,0,0,0,0,0,0,2
84224627,500.0,500.0,2.0,,,0,0.17,0.23,1,0,0,0,0,1,0,0,0,0
95841282,200.0,100.0,1.0,,,0,0.06,0.36,0,0,0,0,0,0,0,1,0,0
62850093,2600.0,200.0,8.0,,,0,0.06,0.16,0,0,0,0,0,0,0,1,0,0
9028399,2600.0,200.0,8.0,,,0,0.09,0.14,0,0,0,0,0,0,0,1,0,0
19420830,2600.0,200.0,8.0,,,0,0.05,0.1,0,0,0,0,0,0,0,1,0,0
39505816,2600.0,200.0,8.0,,,0,0.09,0.12,0,0,0,0,0,0,0,1,0,0
65959844,,,,,,0,1.5,1.05,0,0,0,0,0,0,0,0,0,1
95727991,1000.0,2000.0,5.0,,,0,0.11,0.2,0,0,0,0,0,0,0,1,0,0
37474917,1000.0,1500.0,5.0,,,0,0.1,0.11,1,0,0,0,1,0,0,0,0,0
14289852,,,,,,0,0.11,0.23,0,0,0,0,0,0,0,0,0,1
300102003,,,,,,0,0.43,0.42,0,0,0,0,0,0,0,0,0,3
50690129,800.0,600.0,2.0,,,0,0.03,0.12,0,0,0,0,0,0,0,1,0,0
96501677,0.0,500.0,2.0,,,0,0.2,0.19,0,0,0,0,0,0,0,1,0,0
54360049,1800.0,0.0,4.0,,,0,0.17,0.23,0,0,0,0,0,0,0,1,0,0
45955628,600.0,1900.0,3.0,,,0,0.08,0.16,0,0,0,0,0,0,0,1,0,0
50619462,,,,,,0,0.15,0.18,0,0,0,0,0,0,0,0,0,1
61245403,1500.0,500.0,4.0,,,0,0.06,0.2,0,0,0,0,0,0,0,1,0,0
91740879,,,,,,0,0.11,0.42,0,0,0,0,0,0,0,0,0,1
93220472,2000.0,100.0,4.0,,,0,0.77,0.87,0,0,0,0,0,0,0,1,0,0
36468556,,,,,,0,0.23,0.31,0,0,0,0,0,0,0,0,0,2
43912676,,,,,,0,0.05,0.06,0,0,0,0,0,0,0,0,0,1
94381039,2300.0,200.0,5.0,,,0,0.31,0.35,0,0,0,0,0,0,0,1,0,0
54092240,1000.0,1000.0,4.0,,,0,0.05,0.13,0,0,0,0,0,0,0,1,0,0
25472513,100.0,800.0,2.0,,,0,1.44,1.23,1,0,0,0,1,0,0,0,0,0
48589580,2400.0,,,3.0,,3,0.5,2.24,1,0,0,0,0,0,1,0,0,0
67378104,,,,,,0,0.08,0.25,0,0,0,0,0,0,0,0,0,1
55569674,,,,,,0,0.09,0.19,0,0,0,0,0,0,0,0,0,1
28890974,,,,,,0,0.16,0.13,0,0,0,0,0,0,0,0,0,1
32995007,2400.0,1500.0,6.0,,,0,0.75,0.42,1,0,0,0,1,0,0,0,0,0
84491298,,,,,,0,0.48,0.4,0,0,0,0,0,0,0,0,0,2
45531624,2100.0,700.0,4.0,,,0,0.18,0.34,0,0,0,0,0,0,0,1,0,0
91152256,1400.0,1200.0,4.0,,,0,0.02,0.33,0,0,0,0,0,0,0,0,1,0
50073633,1400.0,2000.0,4.0,,,0,0.31,0.4,0,0,0,0,0,0,0,1,0,0
51394546,,,,,,0,0.03,0.23,0,0,0,0,0,0,0,0,0,2
33129626,2200.0,1600.0,6.0,,,0,0.16,0.21,1,0,1,0,0,0,0,0,0,0
47346782,100.0,2000.0,2.0,,,0,0.11,0.07,0,0,0,0,0,0,0,1,0,0
1801154,,,,,,0,0.05,0.16,0,0,0,0,0,0,0,0,0,1
96030710,1800.0,1400.0,4.0,,,0,0.03,0.21,0,0,0,0,0,0,0,0,0,0
71858682,3000.0,3000.0,12.0,,,0,0.61,0.56,1,0,0,0,1,0,0,0,0,0
4160316,,,,,,0,0.09,0.21,0,0,0,0,0,0,0,0,0,1
81696879,1200.0,1600.0,4.0,,,0,0.06,0.14,0,0,0,0,0,0,0,1,0,0
78888899,2000.0,3000.0,8.0,,,0,1.21,4.12,0,0,0,0,0,0,0,1,0,0
97698279,2000.0,3000.0,8.0,,,0,0.07,0.19,0,0,0,0,0,0,0,1,0,0
15982593,3500.0,2000.0,12.0,,,0,4.73,9.91,1,0,0,0,1,0,0,0,0,0
40155014,,,,,,0,0.12,0.2,0,0,0,0,0,0,0,0,0,2
15005145,1600.0,1600.0,4.0,,,0,0.08,0.1,0,0,0,0,0,0,0,0,0,0
8841431,2600.0,2600.0,8.0,,,0,0.1,0.26,1,0,0,0,1,0,0,0,0,0
42493140,1000.0,2000.0,4.0,,,0,6.11,8.96,0,0,0,0,0,0,0,1,0,0
77543769,,,,,,0,0.13,0.19,0,0,0,0,0,0,0,0,0,2
20228463,0.0,1850.0,3.0,,,0,0.05,0.19,0,0,0,0,0,0,0,1,0,0
82340057,,,,,,0,32.94,4.88,0,0,0,0,0,0,0,0,0,4
24175232,3000.0,1000.0,8.0,,,0,0.59,0.97,0,0,0,1,0,0,0,1,0,0
54828837,,,,,,0,0.17,0.17,0,0,0,0,0,0,0,0,0,1
7623640,100.0,300.0,1.0,,,0,0.12,0.19,0,0,0,0,0,0,0,1,0,0
43632709,0.0,1600.0,2.0,,,0,0.09,0.15,0,0,0,0,0,0,0,1,0,0
28106077,,,,,,0,0.12,0.14,0,0,0,0,0,0,0,0,0,1
83021423,1200.0,1800.0,6.0,,,0,0.15,0.12,0,0,0,0,0,0,0,1,0,0
48276469,,,,,,0,0.24,0.15,0,0,0,0,0,0,0,0,0,2
1248895,,,,,,0,0.02,0.13,0,0,0,0,0,0,0,0,0,2
51449743,,,,,,0,0.2,0.12,0,0,0,0,0,0,0,0,0,2
57139487,,,,,,0,0.22,0.43,0,0,0,0,0,0,0,0,0,2
3171055,,,,,,0,0.06,0.16,0,0,0,0,0,0,0,0,0,2
96930127,1600.0,1100.0,4.0,,,0,0.14,0.13,0,0,0,0,0,0,0,1,0,0
79323590,,,,,,0,0.35,0.49,0,0,0,0,0,0,0,0,0,1
25050038,,,,,,0,0.16,0.1,0,0,0,0,0,0,0,0,0,2
9581215,,,,,,0,0.17,0.23,0,0,0,0,0,0,0,0,0,2
85893201,,,,,,0,0.02,0.13,0,0,0,0,0,0,0,0,0,2
39980304,,,,,,0,2.32,1.6,0,0,0,0,0,0,0,0,0,2
13764881,100.0,100.0,1.0,,,0,0.38,2.12,0,0,0,0,0,0,0,0,0,0
91623717,,,,,,0,0.76,0.66,0,0,0,0,0,0,0,0,0,1
90812044,,,,,,0,0.16,0.26,0,0,0,0,0,0,0,0,0,1
9952083,,,,,,0,0.25,0.25,0,0,0,0,0,0,0,0,0,1
88190453,1000.0,600.0,4.0,,,0,0.08,0.11,0,0,0,0,0,0,0,1,0,0
22205600,,,,,,0,0.14,0.15,0,0,0,0,0,0,0,0,0,2
77252217,2400.0,0.0,4.0,,,0,0.06,0.2,0,0,0,0,0,0,0,1,0,0
65393205,2450.0,2000.0,7.0,,,0,0.36,0.26,0,0,0,1,0,0,0,0,0,0
32600024,500.0,1800.0,4.0,,,0,0.13,0.16,0,0,0,0,0,0,0,1,0,0
44430454,200.0,2000.0,3.0,,,0,0.04,0.13,0,0,0,0,0,0,0,0,1,0
46001505,,,,,,0,0.27,0.36,0,0,0,0,0,0,0,0,0,2
82382815,,,,,,0,0.06,0.1,0,0,0,0,0,0,0,0,0,2
50643638,2700.0,2100.0,8.0,,,0,0.16,0.13,1,0,0,0,1,0,0,0,0,0
4031928,,,,,,0,0.02,0.19,0,0,0,0,0,0,0,0,0,1
74095602,,,,,,0,0.12,0.24,0,0,0,0,0,0,0,0,0,2
18914778,400.0,300.0,1.0,,,0,0.11,0.23,0,0,0,0,0,0,0,0,1,0
25652655,0.0,0.0,1.0,,,0,0.1,0.17,0,0,0,0,0,0,0,0,0,0
24673894,,,,,,0,0.12,0.1,0,0,0,0,0,0,0,0,0,2
76352503,2000.0,0.0,6.0,,,0,0.13,0.19,0,0,0,0,0,0,0,1,0,0
19048328,2800.0,2200.0,9.0,,,0,0.36,0.33,1,0,0,0,1,0,0,0,0,0
29925614,1500.0,1500.0,7.0,,,0,0.09,0.1,0,0,0,0,0,0,0,1,0,0
51788412,4500.0,3000.0,10.0,,,0,0.41,1.07,1,0,1,0,0,0,0,0,0,0
22850702,3500.0,2800.0,10.0,,,0,0.53,0.31,1,0,0,0,1,0,0,0,0,0
13076804,2500.0,1800.0,8.0,,,0,7.3,5.1,1,0,0,0,1,0,0,0,0,0
49565413,2000.0,1800.0,6.0,,,0,0.07,0.14,1,0,0,0,1,0,0,0,0,0
34966096,2000.0,2000.0,6.0,,,0,0.05,0.15,0,0,0,0,0,0,0,1,0,0
4923662,,,,,,0,0.06,0.21,0,0,0,0,0,0,0,0,0,2
72630549,2400.0,1900.0,6.0,,,0,0.08,0.24,0,0,0,0,0,0,0,1,0,0
54040484,0.0,0.0,3.0,,,0,0.35,0.4,0,0,0,0,0,0,0,1,0,0
26873574,2600.0,1500.0,7.0,,,0,0.16,0.22,0,0,0,0,0,0,0,1,0,0
6500778,,,,,,0,0.33,0.29,0,0,0,0,0,0,0,0,0,1
55878038,3000.0,0.0,8.0,,,0,0.08,0.17,0,0,0,0,0,0,0,1,0,0
82301904,3000.0,2500.0,8.0,,,0,0.25,0.3,0,0,0,0,0,0,0,1,0,0
4538826,3000.0,2500.0,8.0,,1.0,0,1.53,0.78,0,1,0,0,0,0,0,1,0,0
61044390,,,,,,0,0.03,0.1,0,0,0,0,0,0,0,0,0,1
41424250,3500.0,2000.0,10.0,,,0,0.0,0.0,0,0,0,0,0,0,0,1,0,0
21082832,,,,,,0,0.07,0.19,0,0,0,0,0,0,0,0,0,1
31385077,2500.0,1800.0,8.0,,,0,0.17,0.28,1,0,0,0,1,0,0,0,0,0
97439308,,,,,,0,0.04,0.12,0,0,0,0,0,0,0,0,0,1
18859369,1700.0,1600.0,4.0,,,0,0.18,0.2,0,0,0,0,0,0,0,1,0,0
97940434,2500.0,1600.0,7.0,,,0,0.08,0.19,0,0,0,0,0,0,0,1,0,0
4081825,,,,,,0,0.08,0.1,0,0,0,0,0,0,0,0,0,2
36407615,2600.0,2600.0,7.0,,,0,1.99,1.24,1,0,0,0,1,0,0,0,0,0
2372506,,,,,,0,0.17,0.23,0,0,0,0,0,0,0,0,0,1
66699781,1600.0,600.0,4.0,,,0,0.26,0.21,0,0,0,0,0,0,0,0,0,0
75983808,,,,,,0,0.09,0.13,0,0,0,0,0,0,0,0,0,1
1434352,0.0,0.0,1.0,,,0,0.02,0.12,0,0,0,0,0,0,0,1,0,0
24226942,2400.0,1600.0,8.0,,,0,0.8,0.33,0,0,0,0,0,0,0,1,0,0
60329973,,,,,,0,0.02,0.1,0,0,0,0,0,0,0,0,0,2
3040496,3000.0,2500.0,8.0,,,0,0.43,0.33,1,0,0,0,1,0,0,0,0,0
15256925,,,,,,0,3.99,4.47,0,0,0,0,0,0,0,0,0,1
76766706,,,,,,0,0.24,0.24,0,0,0,0,0,0,0,0,0,1
9596126,2300.0,2000.0,6.0,,,0,0.33,0.38,0,0,0,0,0,0,0,1,0,0
99266988,,,,,,0,0.11,0.17,0,0,0,0,0,0,0,0,0,1
27439792,0.0,0.0,1.0,,,0,0.28,0.26,0,0,0,0,0,0,0,1,0,0
11593137,,,,,,0,0.18,0.24,0,0,0,0,0,0,0,0,0,2
53871273,1800.0,1050.0,4.0,,,0,0.14,0.32,0,0,0,0,0,0,0,1,0,0
30327674,1500.0,1500.0,4.0,,,0,0.18,0.16,0,0,0,0,0,0,0,1,0,0
94243005,,,,,,0,0.12,0.21,0,0,0,0,0,0,0,0,0,1
46609443,1500.0,1000.0,3.0,,,0,25.32,30.97,0,0,0,0,0,0,0,0,0,0
24780790,100.0,1000.0,4.0,,,0,0.16,0.2,0,0,0,0,0,0,0,0,0,0
47829960,1400.0,1500.0,4.0,,,0,0.09,0.2,0,0,0,0,0,0,0,1,0,0
92221402,,,,,,0,0.19,0.21,0,0,0,0,0,0,0,0,0,1
13179332,100.0,2100.0,1.0,,,0,0.04,0.05,0,0,0,0,0,0,0,0,1,0
85325774,,,,,,0,0.03,0.08,0,0,0,0,0,0,0,0,0,1
94886282,,,,,,0,0.11,0.15,0,0,0,0,0,0,0,0,0,1
84482694,,,,,,0,0.11,0.12,0,0,0,0,0,0,0,0,0,1
7841921,2300.0,2100.0,7.0,,,0,1.28,1.19,0,0,0,0,0,0,0,1,0,0
49191560,1800.0,1300.0,4.0,,,0,0.09,0.17,0,0,0,0,0,0,0,1,0,0
50412166,100.0,100.0,1.0,,,0,0.09,0.18,0,0,0,0,0,0,0,1,0,0
27519978,1850.0,,,4.0,,4,12.82,16.95,1,0,0,0,0,0,1,0,0,0
48016074,1850.0,1500.0,6.0,,,0,0.17,0.24,1,0,1,0,0,0,0,0,0,0
64753157,300.0,200.0,3.0,,,0,0.11,0.24,0,0,0,0,0,0,0,1,0,0
37421579,1100.0,800.0,3.0,,,0,0.18,0.34,1,0,1,0,0,0,0,0,0,0
4965193,3000.0,1600.0,7.0,,,0,5.09,5.15,1,0,0,0,0,1,0,0,0,0
77435268,2000.0,0.0,4.0,,,0,0.05,0.11,0,0,0,0,0,0,0,1,0,0
69313735,,,,,,0,0.09,0.12,0,0,0,0,0,0,0,0,0,1
94136469,400.0,2400.0,6.0,,,0,0.13,0.27,0,0,0,0,0,0,0,1,0,0
27189308,300.0,200.0,1.0,,,0,0.05,0.09,0,0,0,0,0,0,0,1,0,0
29251488,1000.0,1850.0,3.0,,0.0,0,0.08,0.11,0,1,0,0,0,0,0,1,0,0
87955518,,,,,,0,0.06,0.1,0,0,0,0,0,0,0,0,0,2
81599449,700.0,1400.0,2.0,,,0,0.02,0.15,0,0,0,0,0,0,0,0,0,0
55100740,1400.0,700.0,2.0,,,0,0.08,0.1,0,0,0,0,0,0,0,0,0,0
18993198,0.0,2100.0,2.0,,,0,0.03,0.11,0,0,0,0,0,0,0,0,0,0
300302046,,,,,,0,0.0,0.07,0,0,0,0,0,0,0,0,0,3
525110,700.0,400.0,2.0,,,0,0.35,0.2,0,0,0,0,0,0,0,0,0,0
58699500,500.0,,0.0,2.0,,2,0.19,0.14,1,0,0,0,0,0,1,0,0,0
45037489,2700.0,2300.0,8.0,,,0,0.07,0.12,1,0,0,0,1,0,0,0,0,0
13023431,2600.0,2600.0,7.0,,,0,0.13,0.2,1,0,1,0,0,0,0,0,0,0
7392745,300.0,300.0,3.0,,,0,0.02,0.07,0,0,0,0,0,0,0,1,0,0
7392746,,,,,,0,0.0,0.0,0,0,0,0,0,0,0,0,0,4
67616300,,,,,,0,1.31,0.87,0,0,0,0,0,0,0,0,0,1
12021072,,,,,,0,0.15,0.48,0,0,0,0,0,0,0,0,0,1
300302047,,,,,,0,0.0,0.1,0,0,0,0,0,0,0,0,0,3
501000006,3000.0,3000.0,9.0,,,0,103.44,575.0,0,0,0,0,0,0,0,1,0,0
63136489,,,,,,0,0.72,1.0,0,0,0,0,0,0,0,0,0,1
4796100,2100.0,1800.0,6.0,,,0,0.05,0.13,1,0,1,0,0,0,0,0,0,0
38264974,3100.0,2800.0,8.0,,,0,0.08,0.26,1,0,1,0,0,0,0,0,0,0
1769875,2100.0,1800.0,6.0,,,0,0.16,0.16,1,0,1,0,0,0,0,0,0,0
79229522,0.0,0.0,8.0,,,0,1.97,2.03,1,0,1,0,0,0,0,0,0,0
87116928,0.0,0.0,10.0,,,0,0.3,0.26,1,0,1,0,0,0,0,0,0,0
64599569,-1.0,-1.0,9.0,,,0,0.07,0.14,1,0,1,0,0,0,0,0,0,0
84058253,2100.0,1600.0,5.0,,,0,0.19,0.12,1,0,1,0,0,0,0,0,0,0
16956455,1800.0,1000.0,4.0,,,0,0.06,0.09,0,0,0,0,0,0,0,1,0,0
87294988,1800.0,2800.0,8.0,,,0,0.17,0.2,0,0,0,0,0,0,0,1,0,0
56532632,,,,,,0,0.67,0.44,0,0,0,0,0,0,0,0,0,2
61488417,0.0,0.0,1.0,,,0,3.39,3.64,0,0,0,0,0,0,0,0,0,0
27352108,0.0,0.0,1.0,,,0,0.03,0.11,0,0,0,0,0,0,0,1,0,0
7198399,1600.0,1000.0,4.0,,,0,1.32,3.76,0,0,0,0,0,0,0,1,0,0
90027012,1400.0,1000.0,6.0,,,0,0.48,0.24,0,0,0,0,0,0,0,1,0,0
40884383,1100.0,500.0,3.0,,,0,0.05,0.09,0,0,0,0,0,0,0,1,0,0
81380218,,,,,,0,0.04,0.16,0,0,0,0,0,0,0,0,0,1
22916281,1600.0,0.0,3.0,,,0,0.08,0.17,0,0,0,0,0,0,0,0,1,0
98076754,,,,,,0,0.06,0.07,0,0,0,0,0,0,0,0,0,2
21888494,,,,,,0,0.02,0.23,0,0,0,0,0,0,0,0,0,1
99902789,800.0,800.0,2.0,,,0,0.08,0.09,0,0,0,0,0,0,0,1,0,0
95905259,1800.0,200.0,4.0,,,0,0.03,0.07,0,0,0,0,0,0,0,1,0,0
38412161,1900.0,800.0,4.0,,,0,0.08,0.14,0,0,0,0,0,0,0,1,0,0
60948488,2500.0,2500.0,7.0,,,0,0.5,0.95,0,0,0,0,0,0,0,1,0,0
54878729,1250.0,1250.0,4.0,,,0,0.22,0.66,0,0,0,0,0,0,0,1,0,0
25397880,300.0,1200.0,2.0,,,0,0.28,0.27,0,0,0,0,0,0,0,1,0,0
12289247,2000.0,1700.0,6.0,,8.0,0,0.11,0.2,0,1,0,0,0,0,0,1,0,0
24506253,1000.0,1800.0,5.0,,,0,0.12,0.08,0,0,0,0,0,0,0,1,0,0
94766498,1500.0,1000.0,4.0,,,0,0.29,0.13,0,0,0,0,0,0,0,1,0,0
20154092,0.0,1800.0,4.0,,,0,0.25,0.13,0,0,0,0,0,0,0,1,0,0
4357063,,,,,,0,0.34,0.37,0,0,0,0,0,0,0,0,0,1
52158283,800.0,1600.0,4.0,,,0,0.21,0.15,0,0,0,0,0,0,0,1,0,0
15941690,1300.0,400.0,3.0,,,0,0.36,0.23,0,0,0,0,0,0,0,1,0,0
93730230,2100.0,1000.0,3.0,,,0,2.37,1.13,1,0,0,0,0,1,0,0,0,0
51435705,900.0,600.0,3.0,,,0,0.02,0.22,0,0,0,0,0,0,0,1,0,0
50797682,,,,,,0,0.12,0.11,0,0,0,0,0,0,0,0,0,2
88552992,1300.0,1400.0,4.0,,,0,0.29,0.18,0,0,0,0,0,0,0,1,0,0
72837335,300.0,900.0,3.0,,,0,0.27,0.41,0,0,0,0,0,0,0,1,0,0
97112505,1500.0,300.0,4.0,,,0,0.06,0.04,0,0,0,0,0,0,0,1,0,0
25163248,1500.0,700.0,3.0,,,0,0.15,0.13,0,0,0,0,0,0,0,1,0,0
87430304,1800.0,1600.0,5.0,,,0,0.14,0.33,0,0,0,0,0,0,0,1,0,0
38007744,900.0,1800.0,5.0,,,0,0.08,0.12,0,0,0,0,0,0,0,1,0,0
67559101,1700.0,1000.0,4.0,,,0,0.13,0.17,0,0,0,0,0,0,0,1,0,0
24861088,1800.0,1500.0,4.0,,,0,0.02,0.23,0,0,0,0,0,0,0,1,0,0
26345570,,,,,,0,0.17,0.13,0,0,0,0,0,0,0,0,0,1
93543806,600.0,600.0,6.0,,,0,0.23,0.26,0,0,0,0,0,0,0,1,0,0
90951921,,,,,,0,0.21,0.12,0,0,0,0,0,0,0,0,0,1
98204536,,,,,,0,0.11,0.14,0,0,0,0,0,0,0,0,0,1
5291803,1800.0,900.0,5.0,,,0,0.26,0.31,0,0,0,0,0,0,0,1,0,0
2089016,1000.0,1000.0,4.0,,,0,0.09,0.05,0,0,0,0,0,0,0,1,0,0
2609443,2300.0,2600.0,5.0,,,0,0.02,0.14,1,0,0,0,0,1,0,0,0,0
65591858,1600.0,1900.0,5.0,,,0,0.07,0.04,0,0,0,0,0,0,0,1,0,0
17363041,600.0,400.0,2.0,,,0,0.17,0.27,0,0,0,0,0,0,0,1,0,0
42682609,400.0,600.0,2.0,,,0,0.11,0.18,0,0,0,0,0,0,0,1,0,0
16241441,300.0,300.0,2.0,,,0,0.4,0.29,0,0,0,0,0,0,0,1,0,0
42239546,700.0,100.0,2.0,,,0,0.15,0.37,0,0,0,0,0,0,0,1,0,0
43751755,800.0,300.0,2.0,,,0,0.18,0.48,0,0,0,0,0,0,0,1,0,0
29246354,100.0,700.0,2.0,,,0,0.25,0.24,0,0,0,0,0,0,0,1,0,0
46910446,,,,,,0,0.11,0.12,0,0,0,0,0,0,0,0,0,1
18271561,,,,,,0,0.08,0.14,0,0,0,0,0,0,0,0,0,2
95888876,2400.0,1500.0,6.0,,,0,1.81,2.43,0,0,0,0,0,0,0,0,0,0
72287557,,,,,,0,0.06,0.11,0,0,0,0,0,0,0,0,0,2
50916353,1200.0,1400.0,4.0,,,0,0.46,0.45,0,0,0,0,0,0,0,1,0,0
8508055,1200.0,0.0,3.0,,,0,0.14,0.16,0,0,0,0,0,0,0,0,1,0
73090586,2100.0,2100.0,7.0,,,0,0.0,0.0,1,0,0,0,0,1,0,0,0,0
75934716,2100.0,2100.0,7.0,,,0,0.0,0.0,0,0,0,0,0,0,0,1,0,0
29092121,1000.0,2000.0,6.0,,,0,0.36,0.26,0,0,0,0,0,0,0,1,0,0
99397762,,,,,,0,0.06,0.1,0,0,0,0,0,0,0,0,0,2
79094383,0.0,0.0,1.0,,,0,0.04,0.08,0,0,0,0,0,0,0,1,0,0
55496220,,,,,,0,0.1,0.1,0,0,0,0,0,0,0,0,0,1
58383100,0.0,0.0,4.0,,,0,0.02,0.1,0,0,0,0,0,0,0,1,0,0
79853073,1350.0,1800.0,3.0,,,0,4.86,2.98,0,0,0,0,0,0,0,1,0,0
98905,,,,,,0,0.02,0.12,0,0,0,0,0,0,0,0,0,2
21999001,1600.0,800.0,4.0,,,0,0.04,0.06,0,0,0,0,0,0,0,1,0,0
81974607,1400.0,1200.0,4.0,,,0,0.07,0.12,0,0,0,0,0,0,0,1,0,0
57143342,1600.0,1200.0,3.0,,,0,0.08,0.14,0,0,0,0,0,0,0,1,0,0
12954226,2200.0,2500.0,7.0,,,0,0.09,0.13,1,0,0,0,1,0,0,0,0,0
59388357,,,,,,0,0.07,0.1,0,0,0,0,0,0,0,0,0,1
46290741,2350.0,2150.0,7.0,,,0,0.08,0.16,0,0,0,0,0,0,0,1,0,0
1482001,0.0,,0.0,1.0,,1,0.3,1.19,1,0,0,0,0,0,1,0,0,0
57496978,,,,,,0,0.06,0.09,0,0,0,0,0,0,0,0,0,1
98234196,1900.0,1900.0,4.0,,,0,0.07,0.14,0,0,0,0,0,0,0,0,1,0
41218256,1000.0,800.0,3.0,,,0,0.08,0.62,0,0,0,0,0,0,0,0,1,0
22479888,,,,,,0,0.26,0.57,0,0,0,0,0,0,0,0,0,2
33506331,0.0,0.0,1.0,,,0,0.09,0.16,0,0,0,0,0,0,0,1,0,0
58518520,0.0,900.0,2.0,,,0,0.17,0.39,0,0,0,0,0,0,0,1,0,0
46613515,300.0,200.0,1.0,,,0,0.25,0.31,0,0,0,0,0,0,0,1,0,0
21570001,,,,,,0,0.02,0.09,0,0,0,0,0,0,0,0,0,1
70717628,1200.0,800.0,3.0,,,0,0.19,0.21,0,0,0,0,0,0,0,1,0,0
7102732,1600.0,1800.0,4.0,,,0,0.08,0.17,0,0,0,0,0,0,0,1,0,0
97811903,-1.0,0.0,8.0,,,0,0.17,0.22,0,0,0,0,0,0,0,1,0,0
70095046,2300.0,1100.0,7.0,,,0,0.21,0.16,0,0,0,0,0,0,0,1,0,0
6089145,,,,,,0,0.22,0.19,0,0,0,0,0,0,0,0,0,1
90036274,2500.0,2000.0,7.0,,4.0,0,0.03,0.12,1,1,0,0,1,0,0,1,0,0
82044280,2500.0,2000.0,7.0,,,0,0.15,0.18,1,0,0,0,1,0,0,0,0,0
54603525,2500.0,2000.0,7.0,,,0,0.0,0.0,1,0,0,0,1,0,0,0,0,0
33900648,,,,,,0,0.13,0.12,0,0,0,0,0,0,0,0,0,1
45778242,1500.0,1500.0,3.0,,,0,0.02,0.12,0,0,0,0,0,0,0,1,0,0
2992467,300.0,2100.0,2.0,,,0,0.08,0.12,0,0,0,0,0,0,0,1,0,0
8323633,,,,,,0,0.16,0.2,0,0,0,0,0,0,0,0,0,2
87468732,600.0,1200.0,4.0,,4.0,0,0.03,0.17,0,1,0,0,0,0,0,1,0,0
51476410,1200.0,,,2.0,,2,0.09,0.22,1,0,0,0,0,0,1,0,0,0
77087109,1200.0,600.0,3.0,,,0,0.18,0.31,0,0,0,0,0,0,0,0,0,0
4478086,800.0,,0.0,2.0,,2,0.03,0.11,1,0,0,0,0,0,1,0,0,0
75041269,,,,,,0,0.14,0.22,0,0,0,0,0,0,0,0,0,1
21830679,1800.0,1000.0,4.0,,,0,0.03,0.13,0,0,0,0,0,0,0,1,0,0
41739381,500.0,,,1.0,,1,0.11,0.14,1,0,0,0,0,0,1,0,0,0
84797028,,,,,,0,0.02,1.59,0,0,0,0,0,0,0,0,0,1
86871615,,,,,,0,0.0,0.0,0,0,0,0,0,0,0,0,0,4
86871614,,,,,,0,0.03,0.06,0,0,0,0,0,0,0,0,0,2
22723778,-1.0,-1.0,12.0,,,0,1.13,2.95,1,0,1,0,0,0,0,0,0,0
78082039,,,,,,0,0.76,1.04,0,0,0,0,0,0,0,0,0,1
9348522,0.0,3000.0,9.0,,,0,0.12,0.06,1,0,0,0,1,0,0,0,0,0
17810268,500.0,0.0,4.0,,,0,0.17,0.27,0,0,0,0,0,0,0,1,0,0
79703905,1300.0,0.0,4.0,,,0,0.19,0.24,0,0,0,0,0,0,0,1,0,0
43318266,900.0,0.0,4.0,,,0,0.16,0.24,0,0,0,0,0,0,0,1,0,0
57610714,3000.0,1000.0,8.0,,,0,0.09,0.18,0,0,0,0,0,0,0,1,0,0
83604828,0.0,0.0,1.0,,,0,0.11,0.17,0,0,0,0,0,0,0,1,0,0
20003527,1000.0,1000.0,5.0,,,0,0.06,0.18,0,0,0,0,0,0,0,1,0,0
83982270,0.0,1000.0,3.0,,,0,0.19,0.18,0,0,0,0,0,0,0,1,0,0
56597272,0.0,0.0,1.0,,,0,0.15,0.23,0,0,0,0,0,0,0,1,0,0
80825553,200.0,600.0,1.0,,,0,0.1,0.25,0,0,0,0,0,0,0,0,1,0
13474291,1000.0,0.0,4.0,,,0,0.1,0.01,0,0,0,0,0,0,0,1,0,0
16197610,800.0,0.0,4.0,,,0,0.13,0.2,0,0,0,0,0,0,0,1,0,0
88210105,,,,,,0,0.08,0.11,0,0,0,0,0,0,0,0,0,1
90135989,,,,,,0,0.07,0.21,0,0,0,0,0,0,0,0,0,1
56597273,,,,,,0,0.0,0.0,0,0,0,0,0,0,0,0,0,4
300302059,,,,,,0,0.0,0.04,0,0,0,0,0,0,0,0,0,3
82159583,2500.0,2500.0,7.0,,,0,2.72,2.21,0,0,0,0,0,0,0,1,0,0
19491080,1900.0,800.0,5.0,,7.0,0,0.88,2.88,0,1,0,0,0,0,0,1,0,0
31533473,200.0,1800.0,5.0,,,0,0.12,0.3,1,0,1,0,0,0,0,0,0,0
30109445,1000.0,,,2.0,,2,0.27,0.22,1,0,0,0,0,0,1,0,0,0
91237821,0.0,2000.0,3.0,,,0,0.12,0.2,1,0,0,0,0,1,0,0,0,0
84031736,,,,,,0,0.11,0.14,0,0,0,0,0,0,0,0,0,2
42759961,500.0,1000.0,1.0,,,0,2.66,3.19,0,0,0,1,0,0,0,1,0,0
83232904,,,,,,0,0.76,1.26,0,0,0,0,0,0,0,0,0,1
57847269,,,,,,0,0.09,0.15,0,0,0,0,0,0,0,0,0,1
93172951,600.0,1300.0,6.0,,,0,0.11,0.21,1,0,0,0,1,0,0,0,0,0
6547248,,,,,,0,0.09,0.17,0,0,0,0,0,0,0,0,0,2
20448151,,,,,,0,1.03,1.49,0,0,0,0,0,0,0,0,0,1
70058649,,,,,,0,0.1,0.14,0,0,0,0,0,0,0,0,0,2
92667214,1350.0,0.0,2.0,,,0,0.17,0.57,0,0,0,0,0,0,0,0,1,0
94703021,1000.0,2200.0,7.0,,,0,0.03,0.07,0,0,0,0,0,0,0,1,0,0
67136033,2600.0,2700.0,8.0,,,0,0.05,0.15,0,0,0,0,0,0,0,1,0,0
42541548,1200.0,1500.0,4.0,,,0,0.02,0.08,0,0,0,0,0,0,0,1,0,0
30741334,2800.0,2000.0,8.0,,,0,0.16,0.17,1,0,0,0,0,1,0,0,0,0
3534077,1600.0,1200.0,4.0,,,0,0.12,0.13,0,0,0,0,0,0,0,1,0,0
86801871,600.0,300.0,2.0,,,0,0.5,0.67,0,0,0,0,0,0,0,1,0,0
75109441,800.0,1400.0,3.0,,,0,1.76,0.83,0,0,0,0,0,0,0,1,0,0
94395649,1300.0,900.0,4.0,,,0,0.12,0.41,0,0,0,0,0,0,0,1,0,0
42338879,1600.0,2000.0,5.0,,,0,0.07,0.23,0,0,0,0,0,0,0,0,0,0
33413638,800.0,900.0,3.0,,,0,0.72,18.26,0,0,0,0,0,0,0,1,0,0
40240595,0.0,2000.0,3.0,,,0,0.05,0.28,0,0,0,0,0,0,0,1,0,0
77840540,,,,,,0,3.18,1.83,0,0,0,0,0,0,0,0,0,1
300104004,,,,,,0,0.0,0.0,0,0,0,0,0,0,0,0,0,3
80368942,,,,,,0,2.32,0.21,0,0,0,0,0,0,0,0,0,1
43644025,,,,,,0,0.15,0.13,0,0,0,0,0,0,0,0,0,1
56641453,,,,,,0,0.16,0.15,0,0,0,0,0,0,0,0,0,2
65496056,1400.0,1200.0,4.0,,,0,0.23,0.45,0,0,0,0,0,0,0,1,0,0
99342953,,,,,,0,3.95,5.11,0,0,0,0,0,0,0,0,0,1
37119142,500.0,2300.0,5.0,,,0,0.07,0.21,0,0,0,0,0,0,0,1,0,0
30114823,1300.0,500.0,3.0,,,0,0.08,0.14,0,0,0,0,0,0,0,1,0,0
33750856,,,,,,0,0.1,0.25,0,0,0,0,0,0,0,0,0,2
5088741,2300.0,2000.0,4.0,,,0,0.1,0.16,1,0,0,0,0,1,0,0,0,0
74652966,500.0,500.0,3.0,,,0,0.11,0.24,0,0,0,0,0,0,0,1,0,0
75130221,1600.0,800.0,4.0,,,0,0.29,0.21,0,0,0,0,0,0,0,1,0,0
53413628,1300.0,,0.0,2.0,,2,0.09,0.23,1,0,0,0,0,0,1,0,0,0
45462149,1300.0,,,2.0,,2,0.02,0.12,1,0,0,0,0,0,1,0,0,0
48736598,2800.0,,,3.0,,3,0.16,0.28,1,0,0,0,0,0,1,0,0,0
84121193,2300.0,,,2.0,,2,0.15,0.35,1,0,0,0,0,0,1,0,0,0
8662794,1800.0,0.0,4.0,,,0,0.15,0.2,0,0,0,0,0,0,0,1,0,0
65830223,,,,,,0,0.42,0.58,0,0,0,0,0,0,0,0,0,2
24661486,1600.0,1200.0,4.0,,,0,0.13,0.18,0,0,0,0,0,0,0,1,0,0
40383551,,,,,,0,0.16,0.11,0,0,0,0,0,0,0,0,0,1
60682203,,,,,,0,0.34,0.48,0,0,0,0,0,0,0,0,0,1
300302060,,,,,,0,0.0,0.2,0,0,0,0,0,0,0,0,0,3
7565547,,,,,,0,0.05,0.22,0,0,0,0,0,0,0,0,0,2
54656181,1400.0,1600.0,4.0,,,0,0.03,0.04,0,0,0,0,0,0,0,1,0,0
23693634,2800.0,1000.0,8.0,,,0,0.24,0.33,1,0,0,0,1,0,0,0,0,0
38898779,3300.0,1500.0,10.0,,,0,0.87,1.45,0,0,0,0,0,0,0,1,0,0
52518793,,,,,,0,1.18,2.52,0,0,0,0,0,0,0,0,0,1
37480144,,,,,,0,0.05,0.11,0,0,0,0,0,0,0,0,0,1
12501230,2500.0,1200.0,6.0,,,0,0.05,0.11,1,0,0,0,1,0,0,0,0,0
8964854,,,,,,0,0.02,0.32,0,0,0,0,0,0,0,0,0,1
17217034,1500.0,,,2.0,,2,0.31,0.18,1,0,0,0,0,0,1,0,0,0
8806072,1600.0,800.0,4.0,,,0,0.07,0.09,0,0,0,0,0,0,0,1,0,0
44800181,2200.0,1500.0,5.0,,,0,0.22,0.11,0,0,0,0,0,0,0,1,0,0
72921536,0.0,0.0,1.0,,,0,0.0,0.0,0,0,0,0,0,0,0,1,0,0
33453260,,,,,,0,3.94,3.39,0,0,0,0,0,0,0,0,0,1
77631175,2400.0,1200.0,4.0,,,0,0.19,0.73,1,0,0,0,0,1,0,0,0,0
10375182,1200.0,1900.0,4.0,,,0,0.12,0.13,0,0,0,0,0,0,0,1,0,0
78184733,,,,,,0,0.04,0.12,0,0,0,0,0,0,0,0,0,2
22666164,1000.0,600.0,4.0,,,0,0.05,0.11,0,0,0,0,0,0,0,1,0,0
53388413,2100.0,1600.0,6.0,,,0,0.36,0.23,0,0,0,0,0,0,0,1,0,0
12197543,,,,,,0,0.09,0.16,0,0,0,0,0,0,0,0,0,2
72867001,2500.0,1600.0,10.0,,,0,0.12,0.12,1,0,0,0,1,0,0,0,0,0
43417563,,,,,,0,0.04,0.08,0,0,0,0,0,0,0,0,0,1
40465719,,,,,,0,0.2,0.29,0,0,0,0,0,0,0,0,0,2
14772491,,,,,,0,0.11,0.13,0,0,0,0,0,0,0,0,0,1
27450401,,,,,,0,0.0,0.0,0,0,0,0,0,0,0,0,0,4
48216773,,,,,,0,0.16,0.16,0,0,0,0,0,0,0,0,0,2
94192409,,,,,,0,0.07,0.12,0,0,0,0,0,0,0,0,0,2
83602069,500.0,1200.0,3.0,,,0,0.19,0.42,0,0,0,0,0,0,0,0,0,0
79627627,1400.0,2800.0,8.0,,,0,0.04,0.09,0,0,0,0,0,0,0,1,0,0
20501450,,,,,,0,0.05,0.14,0,0,0,0,0,0,0,0,0,1
14283055,,,,,,0,0.13,0.52,0,0,0,0,0,0,0,0,0,1
35306215,1600.0,,,2.0,,2,0.21,0.49,1,0,0,0,0,0,1,0,0,0
68018709,100.0,2000.0,4.0,,,0,0.39,0.33,0,0,0,0,0,0,0,1,0,0
44656450,100.0,2000.0,4.0,,,0,0.07,0.21,0,0,0,0,0,0,0,1,0,0
57093995,,,,,,0,0.2,0.7,0,0,0,0,0,0,0,0,0,1
44839512,2700.0,1300.0,7.0,,,0,0.51,0.72,0,0,0,0,0,0,0,1,0,0
47247792,2300.0,2800.0,7.0,,,0,0.34,0.38,1,0,1,0,0,0,0,0,0,0
8454126,2000.0,0.0,2.0,,,0,0.15,0.21,0,0,0,1,0,0,0,1,0,0
53618197,800.0,1850.0,2.0,,,0,0.11,0.25,0,0,0,1,0,0,0,1,0,0
17375316,,,,,,0,0.99,1.09,0,0,0,0,0,0,0,0,0,1
15721123,1100.0,2500.0,5.0,,,0,0.11,0.11,0,0,0,0,0,0,0,1,0,0
67630339,,,,,,0,0.04,0.13,0,0,0,0,0,0,0,0,0,2
20590515,,,,,,0,0.15,0.85,0,0,0,0,0,0,0,0,0,2
31000575,,,,,,0,0.05,0.1,0,0,0,0,0,0,0,0,0,2
2980764,0.0,0.0,1.0,,,0,11.59,6.83,0,0,0,0,0,0,0,1,0,0
63413494,,,,,,0,0.06,0.18,0,0,0,0,0,0,0,0,0,2
43513897,800.0,2000.0,4.0,,,0,0.19,0.19,0,0,0,0,0,0,0,1,0,0
15871676,1300.0,800.0,3.0,,,0,0.15,0.15,0,0,0,0,0,0,0,1,0,0
41269771,1600.0,1400.0,4.0,,,0,0.2,0.25,0,0,0,0,0,0,0,1,0,0
16906241,2200.0,1200.0,6.0,,,0,0.08,0.2,0,0,0,0,0,0,0,1,0,0
42391240,2400.0,900.0,6.0,,,0,0.12,0.16,0,0,0,0,0,0,0,1,0,0
86825483,,,,,,0,0.08,0.2,0,0,0,0,0,0,0,0,0,1
82913020,1600.0,1550.0,4.0,,,0,0.11,0.14,0,0,0,0,0,0,0,1,0,0
33302589,1700.0,600.0,4.0,,,0,0.69,0.58,0,0,0,0,0,0,0,1,0,0
47579719,1900.0,1100.0,3.0,,,0,0.51,0.48,1,0,0,0,0,1,0,0,0,0
70908596,1800.0,700.0,4.0,,,0,0.15,1.1,0,0,0,0,0,0,0,1,0,0
17129783,1000.0,1800.0,3.0,,,0,0.18,0.25,0,0,0,0,0,0,0,1,0,0
63545861,,,,,,0,0.14,0.23,0,0,0,0,0,0,0,0,0,2
26329679,2400.0,500.0,4.0,,,0,0.34,0.12,1,0,0,0,0,1,0,0,0,0
73964868,2500.0,1500.0,5.0,,,0,0.11,0.12,1,0,0,0,0,1,0,0,0,0
78364470,1700.0,600.0,4.0,,,0,0.2,1.32,0,0,0,0,0,0,0,1,0,0
2091298,2400.0,800.0,4.0,,,0,0.78,0.92,1,0,0,0,0,1,0,0,0,0
38495396,2700.0,2000.0,6.0,,,0,0.13,0.16,1,0,0,0,0,1,0,0,0,0
70624184,900.0,100.0,2.0,,,0,0.18,0.27,0,0,0,0,0,0,0,1,0,0
78486968,700.0,1900.0,3.0,,,0,0.45,0.66,0,0,0,0,0,0,0,1,0,0
44635489,100.0,1600.0,1.0,,,0,0.31,0.37,0,0,0,0,0,0,0,1,0,0
78358521,1550.0,1600.0,4.0,,,0,3.96,1.5,0,0,0,0,0,0,0,1,0,0
35631584,,,,,,0,1.02,0.73,0,0,0,0,0,0,0,0,0,1
90156158,,,,,,0,0.37,0.38,0,0,0,0,0,0,0,0,0,1
10125011,,,,,,0,0.12,0.13,0,0,0,0,0,0,0,0,0,1
4820694,,,,,,0,0.13,0.26,0,0,0,0,0,0,0,0,0,1
35544402,,,,,,0,0.05,0.2,0,0,0,0,0,0,0,0,0,1
40143123,2300.0,1600.0,5.0,,,0,0.08,0.19,0,0,0,0,0,0,0,1,0,0
14759024,2100.0,1400.0,5.0,,,0,0.34,0.68,0,0,0,0,0,0,0,1,0,0
34475451,1000.0,1300.0,3.0,,,0,0.05,0.18,0,0,0,0,0,0,0,1,0,0
300302025,,,,,,0,0.0,0.07,0,0,0,0,0,0,0,0,0,3
16616620,,,,,,0,0.16,0.09,0,0,0,0,0,0,0,0,0,1
87170768,1500.0,2200.0,6.0,,,0,0.19,0.32,0,0,0,0,0,0,0,1,0,0
41933425,,,,,,0,0.09,0.13,0,0,0,0,0,0,0,0,0,1
69270537,,,,,,0,0.27,4.41,0,0,0,0,0,0,0,0,0,1
83544697,,,,,,0,0.49,0.68,0,0,0,0,0,0,0,0,0,1
10925955,,,,,,0,0.05,0.1,0,0,0,0,0,0,0,0,0,1
62777823,,,,,,0,0.06,0.1,0,0,0,0,0,0,0,0,0,2
68057622,,,,,,0,0.08,0.31,0,0,0,0,0,0,0,0,0,1
46259438,,,,,,0,0.04,0.1,0,0,0,0,0,0,0,0,0,2
56673480,,,,,,0,0.33,0.33,0,0,0,0,0,0,0,0,0,1
33244944,,,,,,0,0.16,0.17,0,0,0,0,0,0,0,0,0,1
69035382,,,,,,0,0.11,0.15,0,0,0,0,0,0,0,0,0,1
96420087,,,,,,0,0.1,0.32,0,0,0,0,0,0,0,0,0,1
19828680,,,,,,0,0.11,0.14,0,0,0,0,0,0,0,0,0,1
23204029,3000.0,2600.0,9.0,,,0,5.3,5.11,1,0,1,0,0,0,0,0,0,0
291414,0.0,0.0,1.0,,,0,0.08,0.17,0,0,0,0,0,0,0,0,0,0
20007374,,,,,,0,0.06,0.1,0,0,0,0,0,0,0,0,0,2
82639107,,,,,,0,0.06,0.13,0,0,0,0,0,0,0,0,0,1
43471513,1800.0,500.0,4.0,,,0,0.14,0.23,0,0,0,0,0,0,0,1,0,0
62966332,,,,,,0,1.0,0.55,0,0,0,0,0,0,0,0,0,1
67098897,1600.0,0.0,2.0,,,0,0.15,0.12,1,0,0,0,1,0,0,0,0,0
68810435,1000.0,0.0,1.0,,,0,0.02,3.96,0,0,0,0,0,0,0,1,0,0
83819309,500.0,1500.0,3.0,,,0,0.02,0.05,0,0,0,0,0,0,0,1,0,0
70219023,3000.0,3000.0,9.0,,,0,0.11,0.06,1,0,1,0,0,0,0,0,0,0
21843307,,,,,,0,0.05,0.11,0,0,0,0,0,0,0,0,0,2
66457407,0.0,0.0,1.0,,,0,0.57,0.77,0,0,0,0,0,0,0,0,0,0
26376390,0.0,0.0,1.0,,,0,0.46,0.63,0,0,0,0,0,0,0,1,0,0
42566602,2400.0,500.0,6.0,,,0,0.14,0.13,1,0,0,0,1,0,0,0,0,0
82692552,1300.0,2700.0,7.0,,,0,0.11,0.24,0,0,0,0,0,0,0,1,0,0
18517177,,,,,,0,0.17,0.12,0,0,0,0,0,0,0,0,0,2
59385322,,,,,,0,0.02,0.11,0,0,0,0,0,0,0,0,0,1
13997673,,,,,,0,0.42,0.79,0,0,0,0,0,0,0,0,0,1
3806388,0.0,1600.0,2.0,,,0,0.05,0.11,0,0,0,0,0,0,0,0,0,0
36560997,,,,,,0,0.42,0.21,0,0,0,0,0,0,0,0,0,1
8057630,,,,,,0,0.12,0.19,0,0,0,0,0,0,0,0,0,2
30770156,,,,,,0,24.99,14.23,0,0,0,0,0,0,0,0,0,1
92565383,500.0,1700.0,4.0,,,0,0.11,0.12,0,0,0,0,0,0,0,1,0,0
26257572,,,,,,0,0.41,0.55,0,0,0,0,0,0,0,0,0,1
34290067,1100.0,700.0,3.0,,,0,1.64,11.96,0,0,0,0,0,0,0,0,1,0
13235258,,,,,,0,0.07,0.18,0,0,0,0,0,0,0,0,0,2
67949763,,,,,,0,0.14,0.16,0,0,0,0,0,0,0,0,0,2
2561846,,,,,,0,0.08,0.11,0,0,0,0,0,0,0,0,0,1
21123811,4000.0,4000.0,12.0,,,0,0.78,0.79,1,0,0,0,1,0,0,0,0,0
27450400,100.0,300.0,1.0,,,0,0.09,0.12,0,0,0,0,0,0,0,1,0,0
8267140,,,,,,0,0.02,0.2,0,0,0,0,0,0,0,0,0,1
84012625,,,,,,0,0.07,0.1,0,0,0,0,0,0,0,0,0,1
68319538,2600.0,1800.0,5.0,,,0,17.1,36.89,1,0,0,0,1,0,0,0,0,0
51192573,2600.0,2000.0,7.0,,,0,0.89,0.3,0,0,0,0,0,0,0,1,0,0
37442336,4000.0,4000.0,12.0,,,0,1.42,2.86,1,0,0,0,1,0,0,0,0,0
1487805,2600.0,,,3.0,,3,0.06,0.23,1,0,0,0,0,0,1,0,0,0
74139959,2000.0,,,5.0,,5,0.08,0.15,1,0,0,0,0,0,1,0,0,0
85679527,1500.0,2450.0,7.0,,,0,0.04,0.13,0,0,0,0,0,0,0,1,0,0
38999506,2900.0,2450.0,8.0,,,0,0.43,1.07,0,0,0,0,0,0,0,0,1,0
85314178,2900.0,2450.0,8.0,,,0,0.05,0.15,0,0,0,0,0,0,0,1,0,0
91654806,,,,,,0,0.09,0.14,0,0,0,0,0,0,0,0,0,1
23265313,,,,,,0,0.06,0.13,0,0,0,0,0,0,0,0,0,1
5519829,400.0,1500.0,3.0,,,0,0.28,0.85,0,0,0,0,0,0,0,0,0,0
38834303,,,,,,0,0.04,0.05,0,0,0,0,0,0,0,0,0,1
42309337,,,,,,0,0.18,0.15,0,0,0,0,0,0,0,0,0,2
94561645,,,,,,0,0.11,0.11,0,0,0,0,0,0,0,0,0,2
11136371,,,,,,0,0.1,0.09,0,0,0,0,0,0,0,0,0,2
100200298,,,,,,0,0.0,0.0,0,0,0,0,0,0,0,0,0,1
30488793,,,,,,0,0.05,0.09,0,0,0,0,0,0,0,0,0,2
26259179,100.0,100.0,2.0,,,0,0.09,0.06,0,0,0,0,0,0,0,1,0,0
90276649,1200.0,2000.0,5.0,,9.0,0,0.06,0.18,0,1,0,0,0,0,0,1,0,0
91479482,500.0,200.0,1.0,,,0,0.41,0.44,0,0,0,0,0,0,0,0,0,0
28340377,,,,,,0,0.22,0.35,0,0,0,0,0,0,0,0,0,2
24449083,,,,,,0,0.04,0.07,0,0,0,0,0,0,0,0,0,1
74458486,,,,,,0,0.08,0.11,0,0,0,0,0,0,0,0,0,2
91782219,2550.0,2500.0,8.0,,,0,0.08,0.11,0,0,0,1,0,0,0,0,0,0
36975314,,,,,,0,0.06,0.1,0,0,0,0,0,0,0,0,0,2
32835363,,,,,,0,0.07,0.09,0,0,0,0,0,0,0,0,0,1
60349525,3000.0,0.0,8.0,,,0,0.12,0.12,0,0,0,0,0,0,0,1,0,0
58916810,1500.0,900.0,3.0,,,0,5.85,5.07,0,0,0,0,0,0,0,1,0,0
28637168,300.0,900.0,3.0,,,0,0.07,0.11,0,0,0,0,0,0,0,1,0,0
18828179,2400.0,1000.0,6.0,,,0,14.48,11.99,0,0,0,0,0,0,0,1,0,0
69042950,,,,,,0,0.11,0.13,0,0,0,0,0,0,0,0,0,1
87526784,0.0,2000.0,3.0,,,0,0.08,0.09,0,0,0,0,0,0,0,1,0,0
23915499,1400.0,1600.0,3.0,,,0,0.07,0.16,0,0,0,0,0,0,0,1,0,0
50319138,0.0,1500.0,3.0,,,0,0.09,0.09,0,0,0,0,0,0,0,1,0,0
93889755,1350.0,1400.0,4.0,,,0,0.09,0.13,0,0,0,0,0,0,0,1,0,0
67494157,1600.0,1400.0,5.0,,,0,0.08,0.22,0,0,0,0,0,0,0,0,1,0
38289717,1600.0,1200.0,4.0,,,0,0.21,0.4,0,0,0,0,0,0,0,0,1,0
53713014,1600.0,1200.0,4.0,,,0,0.09,0.19,0,0,0,0,0,0,0,0,1,0
96915510,3000.0,3000.0,10.0,,,0,0.05,0.18,0,0,0,1,0,0,0,1,0,0
5780210,800.0,600.0,3.0,,,0,0.02,0.09,0,0,0,0,0,0,0,0,0,0
15305240,,,,,,0,0.07,0.23,0,0,0,0,0,0,0,0,0,1
31036355,,,,,,0,0.07,0.22,0,0,0,0,0,0,0,0,0,1
78811937,,,,,,0,0.11,0.18,0,0,0,0,0,0,0,0,0,1
52571838,1300.0,1200.0,3.0,,,0,0.14,0.08,0,0,0,0,0,0,0,1,0,0
49144107,1000.0,1900.0,3.0,,,0,0.04,0.13,0,0,0,0,0,0,0,1,0,0
49600724,,,,,,0,0.13,0.16,0,0,0,0,0,0,0,0,0,2
3294539,2400.0,2600.0,7.0,,,0,1.34,1.83,1,0,0,0,1,0,0,0,0,0
80321197,2800.0,2600.0,8.0,,,0,1.46,0.9,1,0,0,0,1,0,0,0,0,0
50604072,3300.0,3100.0,10.0,,,0,0.31,0.25,0,0,0,0,0,0,0,1,0,0
99398682,,,,,,0,0.21,0.13,0,0,0,0,0,0,0,0,0,1
63436931,0.0,0.0,12.0,,,0,0.3,0.24,1,0,0,0,1,0,0,0,0,0
29053656,0.0,0.0,12.0,,,0,0.0,0.0,1,0,0,0,1,0,0,0,0,0
24566654,,,,,,0,0.09,0.2,0,0,0,0,0,0,0,0,0,2
18861006,2250.0,1800.0,6.0,,,0,0.13,0.13,0,0,0,0,0,0,0,1,0,0
98173209,,,,,,0,0.08,0.14,0,0,0,0,0,0,0,0,0,1
38250531,2500.0,0.0,5.0,,,0,0.12,0.17,1,0,0,0,0,1,0,0,0,0
14618326,300.0,300.0,1.0,,,0,0.05,0.13,0,0,0,0,0,0,0,1,0,0
30270176,3000.0,0.0,10.0,,,0,0.48,0.41,0,0,0,0,0,0,0,1,0,0
72664875,4500.0,3000.0,10.0,,,0,0.3,0.26,1,0,1,0,0,0,0,0,0,0
34761841,800.0,300.0,2.0,,,0,0.08,0.21,0,0,0,0,0,0,0,0,0,0
28358902,1500.0,1200.0,4.0,,,0,0.02,0.14,0,0,0,0,0,0,0,1,0,0
46696593,2300.0,1800.0,6.0,,,0,0.11,0.11,1,0,1,0,0,0,0,0,0,0
18654201,1200.0,2400.0,6.0,,,0,0.38,0.18,0,0,0,0,0,0,0,1,0,0
77699839,1300.0,1300.0,3.0,,,0,112.11,0.0,0,0,0,0,0,0,0,0,1,0
24082387,,,,,,0,0.13,0.16,0,0,0,0,0,0,0,0,0,2
46961802,,,,,,0,0.07,0.1,0,0,0,0,0,0,0,0,0,1
20862918,,,,,,0,0.05,0.19,0,0,0,0,0,0,0,0,0,1
37083210,,,,,,0,0.43,0.66,0,0,0,0,0,0,0,0,0,2
9097866,900.0,600.0,2.0,,,0,0.05,0.13,0,0,0,0,0,0,0,1,0,0
40740224,400.0,400.0,2.0,,,0,0.15,0.05,0,0,0,0,0,0,0,1,0,0
53241226,,,,,,0,0.12,0.12,0,0,0,0,0,0,0,0,0,1
73146473,400.0,400.0,2.0,,,0,0.12,0.18,0,0,0,0,0,0,0,1,0,0
56889,,,,,,0,0.17,0.25,0,0,0,0,0,0,0,0,0,2
50277355,700.0,,,2.0,,2,0.08,0.11,1,0,0,0,0,0,1,0,0,0
74976215,1800.0,1200.0,4.0,,,0,0.08,0.13,0,0,0,0,0,0,0,1,0,0
52644170,2500.0,2800.0,8.0,,,0,0.06,0.11,1,0,0,0,1,0,0,0,0,0
65681983,,,,,,0,0.3,0.26,0,0,0,0,0,0,0,0,0,1
80054655,300.0,300.0,1.0,,,0,0.25,0.23,0,0,0,0,0,0,0,1,0,0
72218246,800.0,,,2.0,,2,0.05,0.08,1,0,0,0,0,0,1,0,0,0
77998771,1850.0,1600.0,5.0,,,0,7.99,0.0,0,0,0,0,0,0,0,0,1,0
64806765,1400.0,1200.0,4.0,,,0,0.04,0.08,0,0,0,0,0,0,0,1,0,0
63111591,,,,,,0,0.26,4.72,0,0,0,0,0,0,0,0,0,2
50756327,1000.0,,0.0,2.0,,2,0.5,1.0,1,0,0,0,0,0,1,0,0,0
875572,1800.0,1000.0,4.0,,,0,0.27,0.31,0,0,0,0,0,0,0,1,0,0
9505425,1800.0,1000.0,4.0,,,0,0.06,0.12,0,0,0,0,0,0,0,1,0,0
95511642,0.0,2100.0,2.0,,,0,0.06,0.16,0,0,0,0,0,0,0,0,1,0
15185344,2000.0,2000.0,3.0,,,0,0.05,0.23,1,0,0,0,0,1,0,0,0,0
73853830,1900.0,1200.0,4.0,,,0,0.08,0.27,0,0,0,0,0,0,0,0,0,0
91646304,800.0,1800.0,3.0,,,0,0.13,0.11,0,0,0,0,0,0,0,0,0,0
54525057,600.0,2000.0,4.0,,,0,0.15,0.13,0,0,0,0,0,0,0,1,0,0
45002991,2000.0,,,3.0,,3,0.6,0.27,1,0,0,0,0,0,1,0,0,0
55838342,,,,,,0,0.13,0.14,0,0,0,0,0,0,0,0,0,2
28031913,1200.0,1600.0,3.0,,,0,0.13,0.13,0,0,0,0,0,0,0,1,0,0
72228247,100.0,,,1.0,,1,0.17,0.17,1,0,0,0,0,0,1,0,0,0
81524756,1600.0,1000.0,4.0,,,0,0.18,0.17,0,0,0,0,0,0,0,1,0,0
96434581,,,,,,0,0.12,0.11,0,0,0,0,0,0,0,0,0,1
55241609,400.0,2000.0,3.0,,,0,0.14,0.15,0,0,0,0,0,0,0,1,0,0
9617996,1000.0,,,2.0,,2,0.13,0.11,1,0,0,0,0,0,1,0,0,0
69039982,,,,,,0,0.11,0.14,0,0,0,0,0,0,0,0,0,1
39528955,500.0,,,2.0,,2,0.11,0.11,1,0,0,0,0,0,1,0,0,0
87497553,,,,,,0,0.1,0.18,0,0,0,0,0,0,0,0,0,1
55312487,,,,,,0,0.07,0.11,0,0,0,0,0,0,0,0,0,2
57728570,,,,,,0,0.12,0.22,0,0,0,0,0,0,0,0,0,2
88667504,,,,,,0,0.05,0.08,0,0,0,0,0,0,0,0,0,2
39712330,,,,,,0,0.18,0.24,0,0,0,0,0,0,0,0,0,2
23950192,1300.0,0.0,2.0,,,0,0.04,0.16,0,0,0,0,0,0,0,0,0,0
72881007,,,,,,0,0.05,0.1,0,0,0,0,0,0,0,0,0,1
58371671,,,,,,0,0.06,0.14,0,0,0,0,0,0,0,0,0,1
95326659,,,,,,0,0.09,0.03,0,0,0,0,0,0,0,0,0,1
69937550,1700.0,1600.0,4.0,,,0,0.05,0.08,0,0,0,0,0,0,0,1,0,0
32933942,1200.0,400.0,3.0,,,0,0.05,0.08,0,0,0,0,0,0,0,1,0,0
21698716,1400.0,800.0,4.0,,,0,0.08,0.09,0,0,0,0,0,0,0,1,0,0
68215963,600.0,2000.0,3.0,,,0,0.03,0.08,0,0,0,0,0,0,0,1,0,0
36795102,3000.0,0.0,8.0,,,0,0.29,0.23,0,0,0,0,0,0,0,1,0,0
32710364,300.0,300.0,3.0,,,0,0.07,0.09,0,0,0,0,0,0,0,1,0,0
7093411,1800.0,1200.0,4.0,,,0,0.05,0.11,0,0,0,0,0,0,0,1,0,0
95600067,1600.0,1000.0,4.0,,,0,0.09,0.09,0,0,0,0,0,0,0,1,0,0
35486099,,,,,,0,0.05,0.1,0,0,0,0,0,0,0,0,0,1
9334391,,,,,,0,0.32,0.2,0,0,0,0,0,0,0,0,0,1
85766789,,,,,,0,0.09,0.13,0,0,0,0,0,0,0,0,0,2
47149093,,,,,,0,0.09,0.12,0,0,0,0,0,0,0,0,0,2
84343351,3500.0,3000.0,12.0,,,0,0.36,0.38,1,0,0,0,1,0,0,0,0,0
59765225,3000.0,2500.0,10.0,,,0,0.14,0.14,1,0,0,0,1,0,0,0,0,0
87259933,,,,,,0,0.09,0.09,0,0,0,0,0,0,0,0,0,2
93169863,200.0,100.0,1.0,,,0,0.22,0.25,0,0,0,0,0,0,0,1,0,0
86999951,2000.0,3000.0,10.0,,,0,1.05,0.69,0,0,0,0,0,0,0,1,0,0
14469229,1500.0,1800.0,4.0,,2.0,0,0.07,0.11,0,1,0,0,0,0,0,1,0,0
87475570,1300.0,1000.0,3.0,,5.0,0,0.08,0.1,0,1,0,0,0,0,0,1,0,0
11155484,,,,,,0,0.17,0.23,0,0,0,0,0,0,0,0,0,2
47121070,,,,,,0,0.15,0.1,0,0,0,0,0,0,0,0,0,2
8275702,,,,,,0,0.03,0.13,0,0,0,0,0,0,0,0,0,1
96331676,,,,,,0,0.11,0.12,0,0,0,0,0,0,0,0,0,2
10004783,,,,,,0,0.08,0.09,0,0,0,0,0,0,0,0,0,1
79531196,500.0,500.0,2.0,,,0,0.14,0.96,0,0,0,0,0,0,0,1,0,0
82099401,100.0,100.0,1.0,,,0,0.25,0.32,0,0,0,0,0,0,0,1,0,0
98881700,1100.0,800.0,5.0,,,0,0.09,0.12,0,0,0,0,0,0,0,1,0,0
7903368,0.0,0.0,1.0,,,0,0.08,0.14,0,0,0,0,0,0,0,1,0,0
300302026,,,,,,0,0.0,0.11,0,0,0,0,0,0,0,0,0,3
47408488,,,,,,0,0.06,0.09,0,0,0,0,0,0,0,0,0,1
50954680,3000.0,2500.0,8.0,,,0,0.09,0.19,1,0,0,0,1,0,0,0,0,0
3576031,,,,,,0,0.03,0.11,0,0,0,0,0,0,0,0,0,1
76359406,2500.0,1500.0,5.0,,,0,0.65,0.53,1,0,0,0,1,0,0,0,0,0
20050865,500.0,500.0,2.0,,,0,0.22,0.38,0,0,0,0,0,0,0,0,0,0
53829527,,,,,,0,0.13,0.17,0,0,0,0,0,0,0,0,0,2
47736165,2600.0,2100.0,7.0,,,0,0.09,0.16,1,0,0,0,1,0,0,0,0,0
52176579,,,,,,0,0.06,0.2,0,0,0,0,0,0,0,0,0,2
50588353,1500.0,,0.0,2.0,,2,0.3,0.28,1,0,0,0,0,0,1,0,0,0
65400671,1500.0,,,3.0,,3,0.24,0.31,1,0,0,0,0,0,1,0,0,0
99274184,,,,,,0,0.02,0.21,0,0,0,0,0,0,0,0,0,2
31552317,,,,,,0,0.09,0.2,0,0,0,0,0,0,0,0,0,1
2743001,2800.0,2000.0,9.0,,,0,0.08,0.14,1,0,0,0,1,0,0,0,0,0
56049970,500.0,2000.0,2.0,,,0,0.09,0.29,0,0,0,0,0,0,0,1,0,0
93665266,500.0,500.0,1.0,,,0,0.04,0.1,0,0,0,0,0,0,0,0,0,0
39964797,1800.0,2000.0,4.0,,,0,1.44,0.61,1,0,0,0,1,0,0,0,0,0
13455674,3000.0,3000.0,9.0,,,0,0.13,0.16,1,0,0,0,1,0,0,0,0,0
66938505,500.0,500.0,3.0,,,0,0.03,0.09,0,0,0,0,0,0,0,0,0,0
55326322,1800.0,1000.0,4.0,,,0,0.1,0.24,0,0,0,0,0,0,0,1,0,0
83443619,1000.0,1800.0,3.0,,,0,0.84,0.83,0,0,0,0,0,0,0,1,0,0
25865565,1900.0,2250.0,5.0,,,0,0.1,0.14,0,0,0,0,0,0,0,1,0,0
3422200,2000.0,1500.0,5.0,,,0,1.14,0.55,0,0,0,0,0,0,0,1,0,0
29838323,1500.0,1500.0,3.0,,,0,0.14,0.53,0,0,0,0,0,0,0,1,0,0
55326323,,,,,,0,0.31,0.34,0,0,0,0,0,0,0,0,0,4
99471856,800.0,2000.0,2.0,,,0,0.35,0.44,0,0,0,0,0,0,0,0,0,0
10789972,500.0,1000.0,4.0,,,0,0.06,0.14,0,0,0,1,0,0,0,1,0,0
17530001,600.0,1900.0,4.0,,,0,0.04,0.09,0,0,0,0,0,0,0,1,0,0
2434862,,,,,,0,0.26,0.31,0,0,0,0,0,0,0,0,0,2
100460006,,,,,,0,0.0,0.0,0,0,0,0,0,0,0,0,0,1
38606913,,,,,,0,0.22,0.23,0,0,0,0,0,0,0,0,0,2
1218214,,,,,,0,0.32,0.37,0,0,0,0,0,0,0,0,0,1
9659580,,,,,,0,1.1,0.55,0,0,0,0,0,0,0,0,0,1
8837932,,,,,,0,0.15,0.16,0,0,0,0,0,0,0,0,0,2
71442223,,,,,,0,0.21,0.22,0,0,0,0,0,0,0,0,0,2
35058588,,,,,,0,0.29,0.28,0,0,0,0,0,0,0,0,0,1
89552119,100.0,2000.0,8.0,,,0,0.02,0.05,0,0,0,0,0,0,0,1,0,0
27178262,,,,,,0,1.36,1.15,0,0,0,0,0,0,0,0,0,1
37812118,,,,,,0,0.16,0.05,0,0,0,0,0,0,0,0,0,1
69526976,1800.0,600.0,4.0,,,0,0.05,0.11,0,0,0,0,0,0,0,1,0,0
35960413,2200.0,600.0,6.0,,,0,0.04,0.1,0,0,0,0,0,0,0,1,0,0
21915012,0.0,600.0,4.0,,,0,0.1,0.15,1,0,0,0,1,0,0,0,0,0
1566817,1000.0,600.0,2.0,,,0,0.03,0.19,0,0,0,0,0,0,0,1,0,0
11851647,600.0,600.0,1.0,,,0,0.03,0.09,0,0,0,0,0,0,0,1,0,0
31603289,0.0,2200.0,2.0,,,0,0.02,0.13,1,0,0,0,1,0,0,0,0,0
31425736,0.0,1600.0,1.0,,,0,0.55,1.33,0,0,0,0,0,0,0,1,0,0
85802526,1500.0,800.0,4.0,,,0,0.05,0.31,0,0,0,0,0,0,0,1,0,0
98095162,2400.0,,0.0,3.0,,3,0.91,0.76,1,0,0,0,0,0,1,0,0,0
14509651,2800.0,2200.0,8.0,,,0,1.44,1.01,0,0,0,0,0,0,0,1,0,0
41398771,,,,,,0,0.02,0.08,0,0,0,0,0,0,0,0,0,2
66742250,,,,,,0,0.05,0.06,0,0,0,0,0,0,0,0,0,2
34690953,,,,,,0,0.03,0.12,0,0,0,0,0,0,0,0,0,1
84970821,,,,,,0,0.18,0.34,0,0,0,0,0,0,0,0,0,2
64998567,,,,,,0,0.09,0.22,0,0,0,0,0,0,0,0,0,2
28279543,2000.0,1500.0,5.0,,,0,0.07,0.14,0,0,0,0,0,0,0,0,1,0
61525276,2000.0,1500.0,5.0,,,0,0.08,0.15,0,0,0,0,0,0,0,1,0,0
72064891,2000.0,1500.0,5.0,,,0,0.14,0.3,1,0,1,0,0,0,0,0,0,0
7241272,2000.0,1500.0,5.0,,,0,0.11,0.22,0,0,0,0,0,0,0,1,0,0
12470447,,,,,,0,0.05,0.12,0,0,0,0,0,0,0,0,0,1
2926176,,,,,,0,0.53,0.3,0,0,0,0,0,0,0,0,0,2
94749594,,,,,,0,0.11,0.21,0,0,0,0,0,0,0,0,0,1
12863633,,,,,,0,0.1,0.18,0,0,0,0,0,0,0,0,0,2
94377247,,,,,,0,0.05,0.1,0,0,0,0,0,0,0,0,0,1
81788994,,,,,,0,0.1,0.11,0,0,0,0,0,0,0,0,0,1
33391067,,,,,,0,0.04,0.11,0,0,0,0,0,0,0,0,0,1
98867329,,,,,,0,0.14,0.09,0,0,0,0,0,0,0,0,0,1
42199039,,,,,,0,0.18,0.25,0,0,0,0,0,0,0,0,0,1
46967601,,,,,,0,0.08,0.21,0,0,0,0,0,0,0,0,0,1
71545247,0.0,2100.0,3.0,,,0,0.02,0.13,0,0,0,0,0,0,0,0,0,0
23249029,,,,,,0,0.16,0.14,0,0,0,0,0,0,0,0,0,1
31434645,,,,,,0,2.42,0.71,0,0,0,0,0,0,0,0,0,1
18489208,200.0,200.0,1.0,,,0,0.1,0.19,0,0,0,0,0,0,0,1,0,0
26857786,1600.0,800.0,3.0,,,0,0.07,0.13,0,0,0,0,0,0,0,1,0,0
58851034,,,,,,0,0.02,0.08,0,0,0,0,0,0,0,0,0,2
22026707,600.0,500.0,2.0,,,0,1.74,14.99,0,0,0,0,0,0,0,0,1,0
68756810,0.0,2000.0,5.0,,,0,0.06,0.2,0,0,0,0,0,0,0,1,0,0
67926903,0.0,0.0,7.0,,,0,0.46,0.4,1,0,0,0,0,1,0,0,0,0
76419637,2400.0,2000.0,4.0,,,0,0.36,0.28,1,0,0,0,0,1,0,0,0,0
88754763,3800.0,2300.0,9.0,,,0,0.84,0.67,1,0,0,0,0,1,0,0,0,0
13030280,3000.0,2400.0,5.0,,,0,0.44,0.34,1,0,0,0,0,1,0,0,0,0
23454876,2500.0,1900.0,5.0,,,0,0.28,0.23,1,0,0,0,0,1,0,0,0,0
3685372,3100.0,1500.0,9.0,,,0,0.11,0.17,1,0,0,0,0,1,0,0,0,0
79791695,0.0,0.0,7.0,,,0,1.05,7.88,1,0,0,0,0,1,0,0,0,0
41309158,2600.0,1600.0,4.0,,,0,0.17,0.11,1,0,0,0,0,1,0,0,0,0
61374414,2000.0,3000.0,6.0,,,0,0.15,0.17,1,0,0,0,0,1,0,0,0,0
41147577,3000.0,2500.0,7.0,,,0,0.45,0.46,1,0,0,0,0,1,0,0,0,0
49202331,3800.0,4000.0,11.0,,,0,0.22,0.33,1,0,0,0,0,1,0,0,0,0
77235086,1800.0,1500.0,6.0,,,0,0.04,0.11,0,0,0,1,0,0,0,1,0,0
39618799,2700.0,2400.0,8.0,,,0,0.06,0.19,0,0,0,1,0,0,0,1,0,0
3629090,1600.0,2000.0,6.0,,,0,0.06,0.12,0,0,0,1,0,0,0,1,0,0
91668401,2500.0,2600.0,8.0,,,0,0.1,0.19,0,0,0,1,0,0,0,1,0,0
99427357,1000.0,1000.0,5.0,,,0,0.24,0.46,0,0,0,1,0,0,0,1,0,0
78316184,3000.0,2000.0,10.0,,,0,0.12,0.24,0,0,0,1,0,0,0,1,0,0
59907935,1000.0,2000.0,4.0,,,0,0.09,0.22,0,0,0,0,0,0,0,1,0,0
68774379,800.0,2800.0,6.0,,,0,0.66,0.62,0,0,0,0,0,0,0,1,0,0
300302027,,,,,,0,0.0,0.16,0,0,0,0,0,0,0,0,0,3
10248389,2100.0,800.0,7.0,,,0,0.08,0.17,1,0,1,0,0,0,0,0,0,0
6400512,750.0,700.0,2.0,,,0,3.19,0.0,0,0,0,0,0,0,0,0,1,0
39439590,2500.0,1900.0,7.0,,,0,0.07,0.08,0,0,0,0,0,0,0,1,0,0
70095154,2100.0,1600.0,5.0,,,0,0.02,0.21,0,0,0,0,0,0,0,1,0,0
23893227,400.0,1500.0,2.0,,,0,0.1,0.11,0,0,0,0,0,0,0,1,0,0
59281922,1800.0,800.0,4.0,,,0,0.09,0.11,0,0,0,0,0,0,0,1,0,0
56364287,100.0,100.0,1.0,,,0,0.21,0.24,0,0,0,0,0,0,0,1,0,0
10443957,2100.0,1600.0,6.0,,,0,0.23,0.22,1,0,0,0,0,1,0,0,0,0
1142880,200.0,200.0,1.0,,,0,0.13,0.2,0,0,0,0,0,0,0,1,0,0
58069384,2100.0,1600.0,5.0,,,0,1.23,1.2,1,0,0,0,0,1,0,0,0,0
46724542,2100.0,,,2.0,,2,0.88,4.45,1,0,0,0,0,0,1,0,0,0
29975188,1100.0,1600.0,4.0,,,0,0.1,0.1,0,0,0,0,0,0,0,1,0,0
5373478,1500.0,1000.0,4.0,,,0,0.08,0.05,0,0,0,0,0,0,0,1,0,0
66664203,2100.0,1600.0,5.0,,,0,0.0,0.0,0,0,0,0,0,0,0,1,0,0
28053106,200.0,300.0,2.0,,,0,0.12,0.2,0,0,0,0,0,0,0,1,0,0
33093439,-1.0,-1.0,10.0,,,0,0.11,0.1,0,0,0,0,0,0,0,1,0,0
60600126,,,,,,0,0.16,0.19,0,0,0,0,0,0,0,0,0,1
1546123,4000.0,2800.0,10.0,,,0,0.07,0.12,1,0,1,0,0,0,0,0,0,0
30275298,4000.0,2800.0,10.0,,,0,0.0,0.0,1,0,1,0,0,0,0,0,0,0
38265153,,,,,,0,0.08,0.16,0,0,0,0,0,0,0,0,0,1
91663373,1200.0,1800.0,4.0,,,0,0.99,0.5,0,0,0,0,0,0,0,1,0,0
32768230,,,,,,0,0.1,0.13,0,0,0,0,0,0,0,0,0,1
82315403,2800.0,4000.0,10.0,,,0,5.84,2.08,1,0,1,0,0,0,0,0,0,0
30655537,1400.0,1200.0,4.0,,,0,0.02,0.14,0,0,0,0,0,0,0,0,1,0
76763417,800.0,1800.0,4.0,,,0,0.09,0.2,0,0,0,0,0,0,0,1,0,0
80316585,1800.0,1300.0,4.0,,,0,0.19,0.52,0,0,0,0,0,0,0,1,0,0
34124316,900.0,900.0,3.0,,,0,0.29,1.6,0,0,0,0,0,0,0,1,0,0
19715246,1000.0,2100.0,5.0,,,0,0.12,0.23,0,0,0,0,0,0,0,1,0,0
76986005,300.0,800.0,3.0,,,0,0.14,0.23,0,0,0,0,0,0,0,1,0,0
35050257,400.0,600.0,1.0,,,0,0.04,0.09,0,0,0,0,0,0,0,1,0,0
4162088,2400.0,1800.0,7.0,,,0,1.27,0.97,0,0,0,0,0,0,0,1,0,0
12670770,,,,,,0,0.07,0.1,0,0,0,0,0,0,0,0,0,2
64268668,1900.0,1200.0,5.0,,,0,0.24,0.2,0,0,0,0,0,0,0,1,0,0
37057012,2600.0,1900.0,7.0,,,0,3.63,5.08,1,0,1,0,0,0,0,0,0,0
30042158,100.0,600.0,2.0,,,0,0.14,0.23,0,0,0,0,0,0,0,1,0,0
76103404,300.0,200.0,2.0,,,0,0.08,0.17,0,0,0,0,0,0,0,1,0,0
29719112,0.0,2100.0,1.0,,,0,0.05,0.11,0,0,0,0,0,0,0,1,0,0
3370104,1200.0,1600.0,4.0,,,0,0.03,0.03,0,0,0,0,0,0,0,1,0,0
2158562,2300.0,1600.0,6.0,,,0,0.06,0.13,0,0,0,0,0,0,0,1,0,0
39978267,1400.0,1000.0,4.0,,,0,0.02,0.12,0,0,0,0,0,0,0,1,0,0
86686671,,,,,,0,0.06,0.07,0,0,0,0,0,0,0,0,0,1
33041277,,,,,,0,0.34,0.56,0,0,0,0,0,0,0,0,0,1
89112729,1800.0,1400.0,5.0,,,0,0.06,0.13,1,0,1,0,0,0,0,0,0,0
90440725,,,,,,0,0.07,0.08,0,0,0,0,0,0,0,0,0,2
32393580,2100.0,2000.0,5.0,,,0,0.05,0.1,0,0,0,0,0,0,0,1,0,0
63224564,,,,,,0,0.11,0.22,0,0,0,0,0,0,0,0,0,1
63261835,2600.0,1400.0,8.0,,,0,2.59,6.92,1,0,0,0,1,0,0,0,0,0
44865098,1500.0,1700.0,5.0,,,0,0.0,0.0,0,0,0,0,0,0,0,0,1,0
75559356,1400.0,1200.0,4.0,,,0,1.58,17.1,0,0,0,0,0,0,0,0,1,0
63477921,,,,,,0,0.12,0.27,0,0,0,0,0,0,0,0,0,2
49375719,1000.0,800.0,3.0,,,0,0.09,0.16,0,0,0,0,0,0,0,1,0,0
42600274,1800.0,1600.0,5.0,,,0,0.08,0.17,0,0,0,0,0,0,0,1,0,0
74157028,2800.0,2100.0,8.0,,,0,0.17,0.26,1,0,1,0,0,0,0,0,0,0
3657444,0.0,0.0,1.0,,,0,0.16,0.1,0,0,0,0,0,0,0,1,0,0
69015963,700.0,500.0,2.0,,,0,1.41,3.55,0,0,0,0,0,0,0,1,0,0
48766543,2500.0,1600.0,5.0,,,0,0.14,0.8,0,0,0,0,0,0,0,0,1,0
45078193,1600.0,800.0,3.0,,,0,0.09,0.15,0,0,0,0,0,0,0,1,0,0
5370235,800.0,2100.0,4.0,,,0,0.1,0.22,0,0,0,0,0,0,0,1,0,0
82562802,1600.0,800.0,3.0,,,0,0.1,0.22,0,0,0,0,0,0,0,1,0,0
40418351,1000.0,1000.0,8.0,,,0,0.1,0.09,1,0,1,0,0,0,0,0,0,0
77625948,800.0,800.0,4.0,,,0,0.1,0.13,0,0,0,0,0,0,0,1,0,0
37542782,5000.0,3800.0,12.0,,,0,0.21,0.17,1,0,1,0,0,0,0,0,0,0
41230939,800.0,800.0,4.0,,,0,0.04,0.13,0,0,0,0,0,0,0,1,0,0
80033124,,,,,,0,0.02,0.11,0,0,0,0,0,0,0,0,0,1
44352516,,,,,,0,0.08,0.12,0,0,0,0,0,0,0,0,0,1
1157683,,,,,,0,0.09,0.07,0,0,0,0,0,0,0,0,0,2
3019642,800.0,800.0,4.0,,,0,0.08,0.15,0,0,0,0,0,0,0,1,0,0
64753988,,,,,,0,0.28,0.44,0,0,0,0,0,0,0,0,0,1
300302028,,,,,,0,0.0,0.0,0,0,0,0,0,0,0,0,0,3
56100345,800.0,2100.0,5.0,,,0,4.11,3.93,0,0,0,0,0,0,0,1,0,0
18967507,2000.0,2000.0,10.0,,,0,0.07,0.14,1,0,1,0,0,0,0,0,0,0
55704856,,,,,,0,0.1,0.13,0,0,0,0,0,0,0,0,0,1
96428622,1400.0,200.0,4.0,,,0,0.06,0.06,0,0,0,0,0,0,0,1,0,0
58199906,,,,,,0,0.13,0.13,0,0,0,0,0,0,0,0,0,1
92773018,,,,,,0,0.09,0.13,0,0,0,0,0,0,0,0,0,2
63031396,,,,,,0,0.23,0.16,0,0,0,0,0,0,0,0,0,1
59023523,2400.0,1000.0,6.0,,,0,0.14,0.11,0,0,0,0,0,0,0,1,0,0
82428674,,,,,,0,0.08,0.1,0,0,0,0,0,0,0,0,0,2
18597560,,,,,,0,0.11,0.14,0,0,0,0,0,0,0,0,0,2
47295267,,,,,,0,0.13,0.14,0,0,0,0,0,0,0,0,0,1
37007105,,,,,,0,0.02,0.1,0,0,0,0,0,0,0,0,0,1
89238128,2000.0,,0.0,3.0,,3,0.04,0.08,1,0,0,0,0,0,1,0,0,0
91269402,,,,,,0,0.02,0.07,0,0,0,0,0,0,0,0,0,2
42717221,2500.0,2000.0,7.0,,,0,0.09,0.24,1,0,1,0,0,0,0,0,0,0
64865,2500.0,2000.0,7.0,,,0,0.23,0.24,0,0,0,1,0,0,0,1,0,0
37458564,800.0,,,2.0,,2,2.03,2.1,1,0,0,0,0,0,1,0,0,0
14505685,1000.0,1000.0,2.0,,,0,0.06,0.14,0,0,0,0,0,0,0,1,0,0
92422871,2300.0,1500.0,6.0,,,0,0.13,0.17,1,0,1,0,0,0,0,0,0,0
60279710,2400.0,,,3.0,,3,0.1,0.23,1,0,0,0,0,0,1,0,0,0
645087,1400.0,300.0,4.0,,,0,0.04,0.12,0,0,0,0,0,0,0,1,0,0
25200959,1000.0,1000.0,3.0,,,0,0.08,0.15,1,0,0,0,1,0,0,0,0,0
24731391,2500.0,2000.0,7.0,,,0,0.1,0.25,0,0,0,1,0,0,0,1,0,0
63533837,2500.0,2000.0,7.0,,,0,0.51,0.69,1,0,0,0,1,0,0,0,0,0
56337500,1800.0,800.0,3.0,,,0,0.08,0.18,1,0,0,0,0,1,0,0,0,0
65037172,0.0,0.0,1.0,,,0,0.07,0.22,0,0,0,1,0,0,0,1,0,0
86784733,100.0,100.0,1.0,,,0,0.73,0.51,0,0,0,0,0,0,0,0,0,0
46104361,1800.0,2400.0,6.0,,,0,0.12,0.22,0,0,0,0,0,0,0,1,0,0
52698008,800.0,,,2.0,,2,0.64,0.87,1,0,0,0,0,0,1,0,0,0
11674673,800.0,,,2.0,,2,0.18,0.2,1,0,0,0,0,0,1,0,0,0
36033786,1800.0,800.0,4.0,,,0,0.05,0.11,0,0,0,0,0,0,0,1,0,0
51020079,1500.0,1700.0,4.0,,,0,0.03,0.11,0,0,0,0,0,0,0,1,0,0
34614910,1800.0,800.0,4.0,,,0,0.17,0.28,0,0,0,0,0,0,0,1,0,0
32828635,,,,,,0,0.12,0.3,0,0,0,0,0,0,0,0,0,1
5494820,,,,,,0,0.3,0.2,0,0,0,0,0,0,0,0,0,1
22147147,,,,,,0,0.12,0.16,0,0,0,0,0,0,0,0,0,1
29612557,,,,,,0,0.17,0.16,0,0,0,0,0,0,0,0,0,1
21036656,1000.0,1800.0,4.0,,,0,0.07,0.14,0,0,0,0,0,0,0,0,0,0
45945685,800.0,1000.0,3.0,,,0,0.11,0.14,0,0,0,0,0,0,0,0,1,0
43839002,,,,,,0,0.06,0.16,0,0,0,0,0,0,0,0,0,1
4433488,,,,,,0,0.04,0.06,0,0,0,0,0,0,0,0,0,2
82886276,,,,,,0,0.03,0.1,0,0,0,0,0,0,0,0,0,2
60018643,,,,,,0,0.11,0.19,0,0,0,0,0,0,0,0,0,1
7403341,,,,,,0,0.11,0.21,0,0,0,0,0,0,0,0,0,2
77449773,,,,,,0,0.04,0.03,0,0,0,0,0,0,0,0,0,1
65801012,,,,,,0,0.08,0.2,0,0,0,0,0,0,0,0,0,1
57160136,,,,,,0,0.15,0.19,0,0,0,0,0,0,0,0,0,1
34010534,,,,,,0,0.23,0.38,0,0,0,0,0,0,0,0,0,1
73558460,,,,,,0,0.09,0.17,0,0,0,0,0,0,0,0,0,1
36368606,,,,,,0,0.07,0.13,0,0,0,0,0,0,0,0,0,2
19943114,,,,,,0,0.02,0.1,0,0,0,0,0,0,0,0,0,2
34767865,,,,,,0,0.12,0.25,0,0,0,0,0,0,0,0,0,1
57900671,,,,,,0,0.15,0.28,0,0,0,0,0,0,0,0,0,1
42461852,,,,,,0,0.11,0.29,0,0,0,0,0,0,0,0,0,1
61583217,,,,,,0,0.04,0.14,0,0,0,0,0,0,0,0,0,1
47471667,,,,,,0,0.0,0.0,0,0,0,0,0,0,0,0,0,1
43405287,,,,,,0,0.09,0.11,0,0,0,0,0,0,0,0,0,2
8698851,,,,,,0,0.17,0.13,0,0,0,0,0,0,0,0,0,2
6186304,,,,,,0,0.76,0.69,0,0,0,0,0,0,0,0,0,1
74329404,,,,,,0,0.08,0.12,0,0,0,0,0,0,0,0,0,1
9201964,,,,,,0,0.07,0.08,0,0,0,0,0,0,0,0,0,2
62868900,,,,,,0,0.1,0.15,0,0,0,0,0,0,0,0,0,2
89899996,,,,,,0,0.11,0.12,0,0,0,0,0,0,0,0,0,1
48032131,,,,,,0,0.18,0.31,0,0,0,0,0,0,0,0,0,2
99075257,,,,,,0,0.11,0.11,0,0,0,0,0,0,0,0,0,2
99357565,0.0,0.0,1.0,,,0,0.08,0.21,0,0,0,0,0,0,0,1,0,0
79279397,100.0,1000.0,1.0,,,0,0.07,0.15,0,0,0,0,0,0,0,1,0,0
26841274,,,,,,0,0.09,0.25,0,0,0,0,0,0,0,0,0,2
81057959,1300.0,1100.0,4.0,,,0,0.02,0.41,0,0,0,0,0,0,0,0,1,0
2833249,,,,,,0,0.11,0.07,0,0,0,0,0,0,0,0,0,2
9910360,2500.0,2000.0,8.0,,,0,0.45,0.4,1,0,1,0,0,0,0,0,0,0
70074904,1700.0,1600.0,4.0,,,0,0.5,1.12,0,0,0,0,0,0,0,1,0,0
56790702,2500.0,2500.0,8.0,,,0,0.04,0.08,0,0,0,0,0,0,0,1,0,0
60912752,,,,,,0,0.03,0.1,0,0,0,0,0,0,0,0,0,1
48148828,1400.0,1400.0,3.0,,,0,0.17,0.58,0,0,0,0,0,0,0,1,0,0
24508238,100.0,100.0,1.0,,,0,0.02,0.64,0,0,0,0,0,0,0,1,0,0
33423043,,,,,,0,0.39,0.49,0,0,0,0,0,0,0,0,0,1
44792253,1000.0,1000.0,4.0,,,0,0.13,0.12,0,0,0,0,0,0,0,1,0,0
8628798,,,,,,0,0.32,0.75,0,0,0,0,0,0,0,0,0,2
80208158,3000.0,1500.0,10.0,,,0,0.12,0.27,0,0,0,0,0,0,0,1,0,0
52702748,1400.0,1000.0,4.0,,,0,0.15,0.11,0,0,0,0,0,0,0,1,0,0
15574615,4000.0,0.0,10.0,,,0,0.16,0.2,0,0,0,0,0,0,0,1,0,0
75991479,1200.0,800.0,3.0,,,0,0.05,0.13,0,0,0,0,0,0,0,1,0,0
83626916,,,,,,0,0.08,0.11,0,0,0,0,0,0,0,0,0,2
3773196,800.0,1200.0,2.0,,,0,0.14,0.1,0,0,0,0,0,0,0,1,0,0
89015998,1500.0,800.0,3.0,,,0,0.03,0.09,0,0,0,0,0,0,0,1,0,0
16638212,0.0,100.0,1.0,,,0,0.11,0.28,0,0,0,0,0,0,0,0,0,0
48092532,1800.0,200.0,4.0,,,0,0.15,0.25,0,0,0,0,0,0,0,1,0,0
51701885,500.0,1800.0,2.0,,,0,0.16,0.17,0,0,0,0,0,0,0,1,0,0
86498013,100.0,2000.0,1.0,,,0,0.05,0.15,0,0,0,0,0,0,0,0,1,0
5606466,,,,,,0,0.23,0.23,0,0,0,0,0,0,0,0,0,2
95291684,1800.0,900.0,4.0,,,0,0.22,0.18,0,0,0,0,0,0,0,1,0,0
37043180,1200.0,1000.0,4.0,,,0,0.33,0.24,0,0,0,0,0,0,0,1,0,0
7572887,1500.0,1600.0,4.0,,,0,0.27,0.49,0,0,0,0,0,0,0,1,0,0
76552147,,,,,,0,0.05,0.04,0,0,0,0,0,0,0,0,0,2
82112775,1700.0,1500.0,5.0,,,0,0.11,0.15,0,0,0,0,0,0,0,1,0,0
9622164,,,,,,0,0.04,0.63,0,0,0,0,0,0,0,0,0,1
36614113,0.0,2000.0,4.0,,1.0,0,0.09,0.14,0,1,0,0,0,0,0,1,0,0
19808608,1400.0,1800.0,4.0,,,0,0.23,0.13,0,0,0,0,0,0,0,1,0,0
39153655,1800.0,600.0,4.0,,6.0,0,0.74,0.92,0,1,0,0,0,0,0,1,0,0
5997110,2000.0,2000.0,8.0,,1.0,0,0.32,0.09,0,1,0,0,0,0,0,1,0,0
93317313,0.0,1800.0,4.0,,,0,0.05,0.09,0,0,0,0,0,0,0,1,0,0
32349062,2000.0,2000.0,6.0,,3.0,0,0.15,0.34,0,1,0,0,0,0,0,1,0,0
55415564,2000.0,0.0,4.0,,8.0,0,0.09,0.2,0,1,0,0,0,0,0,1,0,0
74387963,1000.0,0.0,5.0,,4.0,0,0.13,0.14,0,1,0,0,0,0,0,1,0,0
33334269,600.0,300.0,2.0,,,0,0.15,0.12,0,0,0,0,0,0,0,0,0,0
28406301,1200.0,1200.0,4.0,,1.0,0,0.1,0.35,0,1,0,0,0,0,0,1,0,0
19580308,100.0,1900.0,1.0,,,0,0.29,0.13,0,0,0,0,0,0,0,0,0,0
67322708,400.0,400.0,2.0,,,0,0.09,0.12,0,0,0,0,0,0,0,0,0,0
12822541,100.0,2100.0,4.0,,,0,0.13,0.38,0,0,0,0,0,0,0,1,0,0
72291412,300.0,300.0,1.0,,,0,0.08,0.12,0,0,0,0,0,0,0,1,0,0
48210156,300.0,600.0,3.0,,,0,0.71,0.5,0,0,0,0,0,0,0,0,0,0
72181263,600.0,1800.0,4.0,,3.0,0,2.0,2.62,0,1,0,0,0,0,0,1,0,0
32146097,1700.0,2100.0,5.0,,,0,0.1,0.11,0,0,0,0,0,0,0,1,0,0
17979378,2000.0,700.0,5.0,,6.0,0,0.1,0.19,0,1,0,0,0,0,0,1,0,0
81571633,2300.0,1500.0,6.0,,8.0,0,0.06,0.15,0,1,0,0,0,0,0,1,0,0
8643186,,,,,,0,0.11,0.14,0,0,0,0,0,0,0,0,0,2
71069715,,,,,,0,0.07,0.21,0,0,0,0,0,0,0,0,0,2
46796664,0.0,0.0,4.0,,1.0,0,0.41,0.34,0,1,0,0,0,0,0,1,0,0
74605254,0.0,0.0,10.0,,1.0,0,0.06,0.11,0,1,0,0,0,0,0,1,0,0
11609969,0.0,0.0,1.0,,10.0,0,0.14,0.38,0,1,0,0,0,0,0,1,0,0
19302550,0.0,0.0,7.0,,10.0,0,0.16,0.39,0,1,0,0,0,0,0,1,0,0
46035545,2000.0,2000.0,6.0,,8.0,0,0.04,0.14,0,1,0,0,0,0,0,1,0,0
41546,1800.0,2600.0,8.0,,6.0,0,0.25,0.19,0,1,0,0,0,0,0,1,0,0
42382265,0.0,1000.0,2.0,,9.0,0,0.19,0.2,0,1,0,0,0,0,0,1,0,0
45206713,200.0,200.0,2.0,,,0,0.16,0.1,0,0,0,0,0,0,0,1,0,0
59123937,2300.0,2800.0,7.0,,,0,0.11,0.2,0,0,0,0,0,0,0,1,0,0
9024198,1800.0,,,2.0,,2,0.82,1.19,1,0,0,0,0,0,1,0,0,0
11852093,1500.0,2000.0,6.0,,,0,0.03,0.17,1,0,1,0,0,0,0,0,0,0
83303851,2700.0,2000.0,7.0,,4.0,0,0.19,0.25,0,1,0,0,0,0,0,1,0,0
811734,,,,,,0,0.11,0.15,0,0,0,0,0,0,0,0,0,2
44852429,2800.0,2200.0,8.0,,,0,0.27,1.25,1,0,0,0,1,0,0,0,0,0
21686473,-1.0,0.0,10.0,,1.0,0,0.1,0.25,0,1,0,0,0,0,0,1,0,0
46593546,3000.0,3000.0,10.0,,10.0,0,0.31,1.07,1,1,0,0,0,1,0,1,0,0
47198668,3000.0,1000.0,8.0,,4.0,0,0.06,0.59,0,1,0,0,0,0,0,1,0,0
56619314,2600.0,2400.0,7.0,,,0,1.48,0.87,0,0,0,0,0,0,0,1,0,0
8463720,3000.0,2500.0,8.0,,,0,0.28,0.32,1,0,1,0,0,0,0,0,0,0
15939229,3500.0,3000.0,8.0,,,0,0.24,0.28,1,0,0,0,0,1,0,0,0,0
70576413,2100.0,1900.0,6.0,,,0,0.08,0.11,1,0,0,0,1,0,0,0,0,0
16006416,2800.0,2400.0,8.0,,,0,0.12,0.24,1,0,1,0,0,0,0,0,0,0
74583607,2000.0,1500.0,6.0,,,0,0.55,0.29,1,0,1,0,0,0,0,0,0,0
6766208,3000.0,2500.0,10.0,,,0,0.77,0.49,1,0,0,0,1,0,0,0,0,0
987311,2500.0,2000.0,7.0,,,0,0.29,0.26,1,0,0,0,1,0,0,0,0,0
91781484,,,,,,0,0.12,0.18,0,0,0,0,0,0,0,0,0,2
72648577,,,,,,0,0.07,0.1,0,0,0,0,0,0,0,0,0,2
71612253,2300.0,2000.0,5.0,,,0,0.08,0.1,1,0,0,0,0,1,0,0,0,0
74069667,2200.0,3000.0,8.0,,5.0,0,0.39,0.67,0,1,0,0,0,0,0,1,0,0
82956492,2800.0,2000.0,7.0,,,0,0.18,0.24,1,0,1,0,0,0,0,0,0,0
92536468,2600.0,1200.0,7.0,,3.0,0,0.05,0.15,0,1,0,0,0,0,0,1,0,0
30998403,2200.0,,,3.0,,3,0.97,1.14,1,0,0,0,0,0,1,0,0,0
51497409,1900.0,1000.0,3.0,,,0,0.46,0.51,1,0,0,0,0,1,0,0,0,0
72402069,3500.0,3000.0,10.0,,1.0,0,0.13,0.17,1,1,0,0,1,0,0,1,0,0
18897163,3500.0,3000.0,8.0,,1.0,0,0.14,0.12,1,1,0,0,0,1,0,1,0,0
84569886,3500.0,3000.0,10.0,,1.0,0,0.1,0.13,1,1,1,0,0,0,0,1,0,0
76029419,2800.0,2500.0,7.0,,4.0,0,0.05,0.15,0,1,0,0,0,0,0,1,0,0
44186624,2800.0,2100.0,7.0,,,0,0.16,0.35,0,0,0,0,0,0,0,1,0,0
25857977,2800.0,2000.0,8.0,,8.0,0,0.25,0.3,0,1,0,0,0,0,0,1,0,0
79559912,2800.0,1800.0,6.0,,,0,3.06,5.27,1,0,0,0,0,1,0,0,0,0
3758046,2400.0,1200.0,4.0,,,0,0.93,0.96,1,0,0,0,0,1,0,0,0,0
27873305,3200.0,3000.0,10.0,,,0,0.91,0.7,1,0,1,0,0,0,0,0,0,0
32232538,1800.0,2500.0,4.0,,,0,0.16,0.23,1,0,0,0,0,1,0,0,0,0
20715411,3000.0,0.0,8.0,,0.0,0,5.28,6.22,0,1,0,0,0,0,0,1,0,0
71398055,4000.0,4000.0,12.0,,13.0,0,0.33,0.49,1,1,1,0,0,0,0,1,0,0
97417863,3000.0,3000.0,12.0,,10.0,0,0.15,0.31,0,1,0,0,0,0,0,1,0,0
71249758,,,,,,0,1.84,5.88,0,0,0,0,0,0,0,0,0,2
64233143,,,,,,0,0.16,0.26,0,0,0,0,0,0,0,0,0,2
50696588,,,,,,0,0.05,0.09,0,0,0,0,0,0,0,0,0,2
41090784,1600.0,2200.0,6.0,,,0,0.05,0.15,0,0,0,0,0,0,0,1,0,0
69133798,2900.0,2500.0,10.0,,,0,0.03,0.13,0,0,0,0,0,0,0,1,0,0
39943352,2400.0,400.0,4.0,,3.0,0,0.25,0.26,1,1,0,0,0,1,0,1,0,0
10755984,2600.0,1800.0,7.0,,,0,0.52,0.35,1,0,0,0,1,0,0,0,0,0
581014,1800.0,800.0,4.0,,,0,0.22,0.25,1,0,0,0,0,1,0,0,0,0
34109611,1400.0,1200.0,4.0,,,0,1.31,0.41,1,0,0,0,1,0,0,0,0,0
84766279,2200.0,800.0,5.0,,,0,0.57,0.65,1,0,0,0,1,0,0,0,0,0
76937326,1900.0,2600.0,6.0,,,0,0.22,0.2,1,0,0,0,1,0,0,0,0,0
2766877,1500.0,1100.0,2.0,,,0,5.06,17.63,1,0,0,0,0,1,0,0,0,0
29552709,2000.0,1300.0,6.0,,,0,0.13,0.52,1,0,0,0,1,0,0,0,0,0
42542842,1000.0,0.0,2.0,,,0,0.02,0.19,0,0,0,0,0,0,0,0,0,0
44584775,,,,,,0,0.07,0.17,0,0,0,0,0,0,0,0,0,2
28378427,,,,,,0,0.07,0.04,0,0,0,0,0,0,0,0,0,2
95448692,,,,,,0,0.03,0.12,0,0,0,0,0,0,0,0,0,2
60741115,100.0,800.0,2.0,,,0,0.06,0.09,0,0,0,0,0,0,0,1,0,0
87106146,,,,,,0,0.04,0.08,0,0,0,0,0,0,0,0,0,2
50613779,600.0,1200.0,3.0,,,0,0.14,0.12,0,0,0,0,0,0,0,1,0,0
46031686,,,,,,0,1.66,2.06,0,0,0,0,0,0,0,0,0,2
35268887,,,,,,0,0.07,0.12,0,0,0,0,0,0,0,0,0,2
98535702,,,,,,0,2.3,0.12,0,0,0,0,0,0,0,0,0,2
59546528,1700.0,900.0,4.0,,,0,0.06,0.17,0,0,0,0,0,0,0,1,0,0
52738610,1600.0,800.0,4.0,,,0,0.36,0.44,0,0,0,0,0,0,0,1,0,0
33298291,,,,,,0,0.03,0.03,0,0,0,0,0,0,0,0,0,2
59983499,300.0,200.0,1.0,,,0,21.13,8.72,0,0,0,0,0,0,0,0,1,0
90925163,1700.0,1000.0,4.0,,,0,0.02,0.42,0,0,0,0,0,0,0,1,0,0
36629635,300.0,300.0,3.0,,,0,0.04,0.1,0,0,0,0,0,0,0,1,0,0
15341821,300.0,300.0,3.0,,,0,1.4,0.89,0,0,0,0,0,0,0,1,0,0
43316238,3000.0,0.0,8.0,,,0,0.1,0.12,0,0,0,0,0,0,0,1,0,0
16209941,1500.0,400.0,4.0,,,0,0.09,0.17,0,0,0,0,0,0,0,1,0,0
23213239,,,,,,0,0.06,0.09,0,0,0,0,0,0,0,0,0,1
26302107,2400.0,1000.0,7.0,,,0,0.3,0.36,0,0,0,0,0,0,0,1,0,0
57433966,,,,,,0,0.13,0.22,0,0,0,0,0,0,0,0,0,1
83928661,,,,,,0,0.09,0.16,0,0,0,0,0,0,0,0,0,1
52350806,1800.0,400.0,4.0,,,0,0.06,0.4,0,0,0,0,0,0,0,1,0,0
70711847,1600.0,2800.0,7.0,,,0,0.09,0.1,0,0,0,0,0,0,0,1,0,0
83518674,1200.0,3000.0,8.0,,,0,0.26,0.5,0,0,0,0,0,0,0,1,0,0
25140659,,,,,,0,0.26,0.32,0,0,0,0,0,0,0,0,0,1
90807199,2800.0,2400.0,8.0,,,0,0.2,0.19,0,0,0,0,0,0,0,1,0,0
15083304,,,,,,0,0.44,0.64,0,0,0,0,0,0,0,0,0,2
43694650,500.0,2000.0,3.0,,,0,0.04,0.2,0,0,0,0,0,0,0,1,0,0
99745551,1300.0,0.0,3.0,,,0,0.13,0.18,0,0,0,0,0,0,0,1,0,0
58468105,2000.0,3000.0,10.0,,,0,0.11,0.29,1,0,1,0,0,0,0,0,0,0
76895648,,,,,,0,0.48,0.76,0,0,0,0,0,0,0,0,0,1
22082432,,,,,,0,0.05,0.21,0,0,0,0,0,0,0,0,0,1
48588176,600.0,600.0,2.0,,,0,0.07,0.11,0,0,0,0,0,0,0,1,0,0
66192538,2300.0,0.0,6.0,,,0,0.05,0.16,0,0,0,0,0,0,0,1,0,0
18386170,2800.0,2500.0,9.0,,,0,0.72,0.61,1,0,1,0,0,0,0,0,0,0
83531441,1000.0,2500.0,3.0,,,0,0.17,0.26,1,0,0,0,0,1,0,0,0,0
97001138,,,,,,0,0.2,0.22,0,0,0,0,0,0,0,0,0,2
34479658,2500.0,2300.0,8.0,,,0,0.04,0.18,0,0,0,0,0,0,0,1,0,0
28593329,0.0,0.0,5.0,,,0,0.02,0.08,0,0,0,0,0,0,0,1,0,0
95685352,3000.0,2500.0,7.0,,10.0,0,0.25,0.3,1,1,0,0,0,1,0,1,0,0
65192027,2800.0,1000.0,7.0,,,0,0.3,0.37,0,0,0,0,0,0,0,1,0,0
39030883,2800.0,1000.0,7.0,,,0,0.0,0.0,0,0,0,0,0,0,0,1,0,0
78144171,2800.0,1000.0,7.0,,,0,0.48,0.55,1,0,0,0,0,1,0,0,0,0
72520073,600.0,1400.0,3.0,,,0,0.07,0.15,0,0,0,0,0,0,0,1,0,0
41949033,1200.0,1200.0,4.0,,,0,0.02,0.73,0,0,0,0,0,0,0,0,1,0
80071763,2000.0,1200.0,5.0,,,0,2.4,7.63,1,0,1,0,0,0,0,0,0,0
67049542,1000.0,1000.0,3.0,,,0,0.02,0.03,0,0,0,0,0,0,0,0,1,0
81034083,0.0,0.0,2.0,,,0,0.02,0.21,0,0,0,0,0,0,0,1,0,0
11321183,1800.0,1500.0,4.0,,,0,0.06,0.11,0,0,0,0,0,0,0,0,1,0
57784563,1800.0,1500.0,4.0,,,0,0.17,0.24,0,0,0,0,0,0,0,1,0,0
86805855,2200.0,1500.0,6.0,,,0,5.83,4.42,1,0,1,0,0,0,0,0,0,0
77538567,,,,,,0,0.24,0.64,0,0,0,0,0,0,0,0,0,2
44341034,100.0,100.0,1.0,,,0,0.63,0.4,0,0,0,0,0,0,0,1,0,0
49702428,,,,,,0,0.23,0.28,0,0,0,0,0,0,0,0,0,1
75190122,,,,,,0,0.35,0.56,0,0,0,0,0,0,0,0,0,1
12071500,,,,,,0,0.09,0.15,0,0,0,0,0,0,0,0,0,1
8634636,800.0,500.0,2.0,,,0,0.1,0.15,0,0,0,0,0,0,0,1,0,0
33875961,1000.0,1500.0,4.0,,,0,0.05,0.11,0,0,0,0,0,0,0,1,0,0
73452089,2800.0,2300.0,8.0,,,0,0.15,0.3,1,0,1,0,0,0,0,0,0,0
64626565,800.0,2500.0,8.0,,,0,0.07,0.13,1,0,0,0,0,1,0,0,0,0
32344688,1610.0,1460.0,5.0,,,0,0.0,0.0,0,0,0,0,0,0,0,0,1,0
53527835,,,,,,0,0.05,0.09,0,0,0,0,0,0,0,0,0,1
4663194,,,,,,0,3.27,5.71,0,0,0,0,0,0,0,0,0,1
1804528,,,,,,0,0.14,0.25,0,0,0,0,0,0,0,0,0,2
77124096,,,,,,0,0.27,0.73,0,0,0,0,0,0,0,0,0,1
37209439,,,,,,0,0.05,0.11,0,0,0,0,0,0,0,0,0,2
33814281,,,,,,0,0.06,0.12,0,0,0,0,0,0,0,0,0,1
54936778,,,,,,0,0.02,0.07,0,0,0,0,0,0,0,0,0,2
60168186,,,,,,0,0.18,0.24,0,0,0,0,0,0,0,0,0,1
9030160,,,,,,0,1.58,1.71,0,0,0,0,0,0,0,0,0,2
46372010,,,,,,0,0.39,0.5,0,0,0,0,0,0,0,0,0,1
73360025,,,,,,0,0.06,0.07,0,0,0,0,0,0,0,0,0,1
9765723,,,,,,0,0.11,0.18,0,0,0,0,0,0,0,0,0,2
45974017,,,,,,0,0.11,0.21,0,0,0,0,0,0,0,0,0,1
32665564,,,,,,0,0.03,0.12,0,0,0,0,0,0,0,0,0,1
70231910,,,,,,0,0.09,0.64,0,0,0,0,0,0,0,0,0,1
98696958,,,,,,0,4.2,7.79,0,0,0,0,0,0,0,0,0,1
300302061,,,,,,0,0.0,0.06,0,0,0,0,0,0,0,0,0,3
52768390,3000.0,1000.0,10.0,,,0,0.0,0.0,0,0,0,0,0,0,0,1,0,0
91596726,1600.0,200.0,4.0,,,0,0.2,0.11,0,0,0,0,0,0,0,1,0,0
3701074,,,,,,0,2.0,9.32,0,0,0,0,0,0,0,0,0,2
65824822,,,,,,0,0.09,0.1,0,0,0,0,0,0,0,0,0,2
70187958,1100.0,300.0,2.0,,,0,0.17,0.16,0,0,0,0,0,0,0,1,0,0
78053598,,,,,,0,0.3,0.2,0,0,0,0,0,0,0,0,0,1
109401,1200.0,2400.0,5.0,,,0,0.11,0.25,1,0,0,0,1,0,0,0,0,0
31919988,2000.0,1000.0,4.0,,,0,0.28,0.44,1,0,0,0,1,0,0,0,0,0
62312469,1800.0,1400.0,4.0,,5.0,0,0.05,0.11,0,1,0,0,0,0,0,1,0,0
18803791,,,,,,0,0.12,0.31,0,0,0,0,0,0,0,0,0,1
65287621,2400.0,1500.0,6.0,,,0,0.05,0.18,0,0,0,0,0,0,0,1,0,0
89111398,2200.0,1800.0,6.0,,,0,0.84,1.24,0,0,0,0,0,0,0,0,0,0
81755371,1500.0,0.0,4.0,,,0,0.13,0.12,0,0,0,0,0,0,0,1,0,0
53194323,,,,,,0,0.12,0.14,0,0,0,0,0,0,0,0,0,1
21417692,2000.0,800.0,4.0,,,0,0.14,0.84,0,0,0,0,0,0,0,1,0,0
88643579,2600.0,2100.0,8.0,,,0,13.01,12.47,1,0,0,0,1,0,0,0,0,0
62002838,2600.0,2100.0,8.0,,,0,0.1,0.24,0,0,0,0,0,0,0,1,0,0
4614116,,,,,,0,0.02,0.18,0,0,0,0,0,0,0,0,0,1
29436665,2500.0,2100.0,7.0,,,0,2.55,6.12,0,0,0,0,0,0,0,1,0,0
674561,,,,,,0,0.07,0.11,0,0,0,0,0,0,0,0,0,1
88685329,1700.0,1700.0,4.0,,,0,0.02,0.07,0,0,0,0,0,0,0,1,0,0
90928333,,,,,,0,0.13,0.11,0,0,0,0,0,0,0,0,0,1
9064354,,,,,,0,0.05,0.13,0,0,0,0,0,0,0,0,0,2
13722870,2200.0,800.0,6.0,,,0,6.37,4.61,1,0,1,0,0,0,0,0,0,0
94979322,2200.0,800.0,6.0,,,0,0.08,0.13,0,0,0,0,0,0,0,1,0,0
67904682,0.0,3000.0,8.0,,,0,0.24,0.2,1,0,0,0,1,0,0,0,0,0
94820406,,,,,,0,0.14,0.29,0,0,0,0,0,0,0,0,0,1
41114306,0.0,0.0,2.0,,,0,0.17,0.16,0,0,0,0,0,0,0,1,0,0
70676581,2300.0,1700.0,5.0,,,0,0.5,0.36,0,0,0,0,0,0,0,1,0,0
9159938,800.0,900.0,3.0,,,0,0.03,0.12,0,0,0,0,0,0,0,0,1,0
14536035,1700.0,1600.0,4.0,,,0,6.11,5.78,0,0,0,0,0,0,0,1,0,0
26746975,3800.0,3800.0,12.0,,,0,0.12,0.17,0,0,0,0,0,0,0,1,0,0
75326861,2800.0,2300.0,7.0,,,0,0.54,0.54,1,0,0,0,1,0,0,0,0,0
53129443,,,,,,0,0.1,0.23,0,0,0,0,0,0,0,0,0,1
72880377,3000.0,2000.0,8.0,,,0,0.48,0.71,0,0,0,0,0,0,0,1,0,0
26914168,1100.0,1900.0,4.0,,,0,0.08,0.17,0,0,0,0,0,0,0,1,0,0
16964437,,,,,,0,0.16,0.27,0,0,0,0,0,0,0,0,0,2
66214679,3000.0,1800.0,8.0,,,0,0.92,0.94,0,0,0,0,0,0,0,1,0,0
19357125,1600.0,400.0,4.0,,,0,0.4,0.64,0,0,0,0,0,0,0,1,0,0
5562461,,,,,,0,0.49,0.93,0,0,0,0,0,0,0,0,0,2
74567889,500.0,,,1.0,,1,0.16,0.19,1,0,0,0,0,0,1,0,0,0
90980792,1200.0,1500.0,4.0,,,0,0.15,0.14,0,0,0,0,0,0,0,1,0,0
53375573,1200.0,800.0,3.0,,,0,0.02,0.12,0,0,0,0,0,0,0,0,1,0
85313220,1000.0,300.0,4.0,,,0,0.09,0.11,0,0,0,0,0,0,0,1,0,0
12817939,1700.0,600.0,6.0,,,0,0.1,0.18,0,0,0,0,0,0,0,1,0,0
58206034,2800.0,900.0,8.0,,,0,0.13,0.29,0,0,0,0,0,0,0,1,0,0
2314238,,,,,,0,0.06,0.22,0,0,0,0,0,0,0,0,0,1
99789342,,,,,,0,0.09,0.18,0,0,0,0,0,0,0,0,0,1
111280,,,,,,0,0.18,0.4,0,0,0,0,0,0,0,0,0,1
41735184,,,,,,0,0.56,0.72,0,0,0,0,0,0,0,0,0,1
59016454,,,,,,0,0.12,0.16,0,0,0,0,0,0,0,0,0,2
71440209,,,,,,0,0.13,0.32,0,0,0,0,0,0,0,0,0,2
70168345,,,,,,0,0.38,1.95,0,0,0,0,0,0,0,0,0,1
82404868,,,,,,0,1.02,0.59,0,0,0,0,0,0,0,0,0,1
47222536,,,,,,0,0.15,0.31,0,0,0,0,0,0,0,0,0,1
41350417,,,,,,0,6.11,7.4,0,0,0,0,0,0,0,0,0,1
46986414,2500.0,2100.0,7.0,,,0,0.02,0.36,0,0,0,0,0,0,0,0,1,0
38033121,2000.0,1700.0,6.0,,,0,0.15,0.44,0,0,0,0,0,0,0,1,0,0
43892408,2600.0,1700.0,7.0,,,0,0.9,2.06,1,0,1,0,0,0,0,0,0,0
2501624,2000.0,1700.0,6.0,,,0,29.28,68.97,0,0,0,0,0,0,0,1,0,0
50725996,2500.0,2100.0,7.0,,,0,8.38,8.68,0,0,0,0,0,0,0,1,0,0
40737112,2800.0,2600.0,8.0,,,0,0.34,1.12,0,0,0,0,0,0,0,1,0,0
59400890,2800.0,2600.0,8.0,,,0,93.05,80.29,1,0,1,0,0,0,0,0,0,0
41721210,3000.0,2500.0,8.0,,,0,0.42,1.07,1,0,1,0,0,0,0,0,0,0
5829717,2900.0,2400.0,8.0,,,0,0.37,2.68,1,0,1,0,0,0,0,0,0,0
342673,2500.0,2100.0,7.0,,,0,0.23,0.52,0,0,0,0,0,0,0,1,0,0
88570003,2500.0,2100.0,7.0,,,0,2.11,2.97,0,0,0,0,0,0,0,1,0,0
41722932,,,,,,0,0.04,0.1,0,0,0,0,0,0,0,0,0,1
97642679,2700.0,1500.0,8.0,,,0,0.2,0.53,0,0,0,1,0,0,0,1,0,0
74713516,100.0,1000.0,1.0,,,0,0.5,0.46,0,0,0,0,0,0,0,1,0,0
1102515,1000.0,1000.0,3.0,,,0,0.33,0.61,0,0,0,0,0,0,0,1,0,0
20522190,,,,,,0,0.82,0.5,0,0,0,0,0,0,0,0,0,2
31829185,2200.0,2800.0,8.0,,,0,0.08,0.12,0,0,0,0,0,0,0,1,0,0
90249148,2200.0,2800.0,8.0,,,0,0.0,0.0,0,0,0,0,0,0,0,1,0,0
21960890,1000.0,1400.0,4.0,,,0,0.16,0.27,0,0,0,0,0,0,0,1,0,0
38107923,2400.0,1600.0,8.0,,,0,0.99,0.63,0,0,0,0,0,0,0,1,0,0
98502113,2900.0,2400.0,8.0,,,0,0.18,0.39,1,0,1,0,0,0,0,0,0,0
53038955,2900.0,2400.0,8.0,,,0,0.0,0.0,1,0,1,0,0,0,0,0,0,0
13193642,300.0,400.0,1.0,,,0,0.0,0.0,0,0,0,0,0,0,0,0,1,0
89558090,600.0,1000.0,3.0,,,0,0.13,0.43,0,0,0,0,0,0,0,0,1,0
99261403,1100.0,1500.0,4.0,,,0,0.25,0.55,0,0,0,0,0,0,0,0,1,0
16195942,2500.0,2000.0,4.0,,,0,0.36,0.45,1,0,0,0,0,1,0,0,0,0
90091224,2500.0,2000.0,4.0,,,0,0.0,0.0,1,0,0,0,0,1,0,0,0,0
45462639,1700.0,2200.0,6.0,,,0,0.12,0.19,0,0,0,0,0,0,0,1,0,0
9287078,,,,,,0,0.11,0.27,0,0,0,0,0,0,0,0,0,2
1621413,3000.0,2500.0,5.0,,,0,0.22,0.39,1,0,0,0,0,1,0,0,0,0
97021916,1300.0,300.0,3.0,,,0,0.12,0.1,0,0,0,0,0,0,0,0,0,0
85562745,,,,,,0,0.1,0.12,0,0,0,0,0,0,0,0,0,1
90724272,800.0,1000.0,2.0,,,0,0.09,0.28,0,0,0,0,0,0,0,1,0,0
53982768,2450.0,1600.0,6.0,,,0,0.16,0.17,0,0,0,0,0,0,0,1,0,0
54693926,,,,,,0,0.12,0.21,0,0,0,0,0,0,0,0,0,1
76045757,,,,,,0,0.64,1.12,0,0,0,0,0,0,0,0,0,2
92377303,2800.0,3200.0,9.0,,,0,2.52,4.84,0,0,0,0,0,0,0,1,0,0
16625614,,,,,,0,0.19,0.23,0,0,0,0,0,0,0,0,0,1
69402394,,,,,,0,0.32,0.2,0,0,0,0,0,0,0,0,0,2
61587183,1000.0,1000.0,3.0,,,0,0.12,0.08,0,0,0,0,0,0,0,1,0,0
6967870,1200.0,1000.0,3.0,,,0,0.19,0.26,0,0,0,0,0,0,0,1,0,0
48768179,1800.0,1500.0,5.0,,,0,0.05,0.07,0,0,0,0,0,0,0,1,0,0
74153887,1000.0,1800.0,4.0,,,0,0.06,0.08,0,0,0,0,0,0,0,1,0,0
40933924,1000.0,1000.0,4.0,,,0,0.25,0.53,0,0,0,0,0,0,0,1,0,0
20858318,,,,,,0,0.03,0.23,0,0,0,0,0,0,0,0,0,2
40196604,1000.0,1000.0,3.0,,,0,0.57,0.0,0,0,0,0,0,0,0,0,1,0
11366199,2700.0,1000.0,7.0,,,0,1.03,1.05,0,0,0,0,0,0,0,1,0,0
41930553,,,,,,0,0.05,0.14,0,0,0,0,0,0,0,0,0,2
47233801,,,,,,0,0.38,0.3,0,0,0,0,0,0,0,0,0,1
8198621,,,,,,0,0.18,0.23,0,0,0,0,0,0,0,0,0,4
12930501,,,,,,0,0.21,0.2,0,0,0,0,0,0,0,0,0,2
81759748,0.0,0.0,1.0,,,0,0.1,0.11,0,0,0,0,0,0,0,1,0,0
38167722,,,,,,0,0.42,1.02,0,0,0,0,0,0,0,0,0,2
51993760,1600.0,0.0,3.0,,,0,0.18,0.21,0,0,0,0,0,0,0,1,0,0
87988305,1600.0,0.0,3.0,,,0,0.17,0.26,0,0,0,0,0,0,0,1,0,0
93599951,,,,,,0,0.15,0.17,0,0,0,0,0,0,0,0,0,2
14386013,,,,,,0,0.3,0.65,0,0,0,0,0,0,0,0,0,1
32646477,2600.0,1800.0,7.0,,,0,0.55,2.22,1,0,0,0,1,0,0,0,0,0
87917187,0.0,0.0,5.0,,,0,0.23,0.24,0,0,0,0,0,0,0,1,0,0
39613288,,,,,,0,0.14,0.15,0,0,0,0,0,0,0,0,0,2
97383507,2300.0,,,3.0,,3,0.07,0.19,1,0,0,0,0,0,1,0,0,0
40235813,,,,,,0,9.29,9.62,0,0,0,0,0,0,0,0,0,1
76614003,1000.0,1300.0,2.0,,,0,0.09,0.17,0,0,0,0,0,0,0,0,0,0
89494469,1300.0,1100.0,4.0,,,0,0.02,0.43,0,0,0,0,0,0,0,0,1,0
15141103,0.0,0.0,8.0,,,0,0.0,0.0,0,0,0,0,0,0,0,0,0,0
51546708,0.0,0.0,10.0,,,0,0.0,0.0,0,0,0,0,0,0,0,0,0,0
46826483,2600.0,1800.0,7.0,,,0,0.0,0.0,0,0,0,0,0,0,0,1,0,0
300302062,,,,,,0,0.0,0.25,0,0,0,0,0,0,0,0,0,3
83269557,1800.0,1050.0,4.0,,,0,0.13,0.11,0,0,0,0,0,0,0,0,0,0
50164989,0.0,1000.0,2.0,,,0,0.14,0.37,0,0,0,0,0,0,0,1,0,0
65282484,2800.0,1400.0,8.0,,,0,8.15,6.85,0,0,0,0,0,0,0,1,0,0
35565537,1800.0,1700.0,5.0,,,0,0.05,0.19,0,0,0,0,0,0,0,0,1,0
65956182,,,,,,0,0.29,0.19,0,0,0,0,0,0,0,0,0,1
76672730,,,,,,0,0.16,0.13,0,0,0,0,0,0,0,0,0,1
10131855,,,,,,0,0.03,0.16,0,0,0,0,0,0,0,0,0,2
74117290,,,,,,0,0.34,0.41,0,0,0,0,0,0,0,0,0,1
61623148,,,,,,0,0.33,0.37,0,0,0,0,0,0,0,0,0,1
93554166,,,,,,0,0.09,0.1,0,0,0,0,0,0,0,0,0,1
3167439,,,,,,0,0.09,0.15,0,0,0,0,0,0,0,0,0,2
30284022,,,,,,0,0.2,0.13,0,0,0,0,0,0,0,0,0,1
59784896,1800.0,400.0,4.0,,,0,0.05,0.09,0,0,0,0,0,0,0,1,0,0
38247752,0.0,1400.0,2.0,,,0,1.37,1.19,0,0,0,0,0,0,0,1,0,0
34314989,0.0,0.0,4.0,,,0,0.0,0.0,0,0,0,0,0,0,0,1,0,0
45895206,,,,,,0,0.24,0.49,0,0,0,0,0,0,0,0,0,1
35798491,300.0,1400.0,3.0,,,0,0.1,0.1,0,0,0,0,0,0,0,1,0,0
39343610,1200.0,1000.0,7.0,,,0,0.11,0.14,0,0,0,0,0,0,0,1,0,0
50383626,3000.0,2000.0,8.0,,,0,0.92,2.11,0,0,0,0,0,0,0,1,0,0
30127518,,,,,,0,0.57,0.61,0,0,0,0,0,0,0,0,0,2
17881964,1500.0,1250.0,4.0,,,0,0.26,3.39,1,0,1,0,0,0,0,0,0,0
5388481,1700.0,1150.0,4.0,,,0,0.02,0.14,0,0,0,0,0,0,0,0,1,0
78861134,1700.0,1100.0,4.0,,,0,0.02,0.1,0,0,0,0,0,0,0,0,1,0
25460258,2400.0,1200.0,5.0,,,0,0.13,0.18,0,0,0,0,0,0,0,1,0,0
29876529,,,,,,0,0.1,0.13,0,0,0,0,0,0,0,0,0,2
76202610,100.0,100.0,1.0,,,0,0.04,0.09,0,0,0,0,0,0,0,1,0,0
51728779,1800.0,2800.0,6.0,,,0,0.08,0.18,0,0,0,0,0,0,0,1,0,0
85771019,3000.0,2500.0,8.0,,,0,0.2,0.25,0,0,0,0,0,0,0,1,0,0
14517422,,,,,,0,0.06,0.15,0,0,0,0,0,0,0,0,0,1
99941223,,,,,,0,0.07,0.21,0,0,0,0,0,0,0,0,0,1
58787301,,,,,,0,0.47,0.49,0,0,0,0,0,0,0,0,0,2
55690251,3000.0,2800.0,10.0,,,0,0.27,0.25,0,0,0,0,0,0,0,1,0,0
10426067,0.0,0.0,4.0,,,0,0.48,0.95,0,0,0,0,0,0,0,1,0,0
47664723,2300.0,2000.0,5.0,,,0,0.11,0.19,0,0,0,0,0,0,0,1,0,0
87990236,,,,,,0,0.1,0.11,0,0,0,0,0,0,0,0,0,2
10136446,3000.0,3000.0,12.0,,,0,7.89,7.11,1,0,1,0,0,0,0,0,0,0
84031359,2400.0,800.0,6.0,,,0,0.09,0.18,0,0,0,0,0,0,0,1,0,0
52840267,2500.0,2900.0,10.0,,,0,0.1,0.15,0,0,0,0,0,0,0,1,0,0
57579381,1700.0,1200.0,5.0,,,0,0.18,0.46,0,0,0,0,0,0,0,1,0,0
25451652,3000.0,3000.0,11.0,,,0,0.08,0.2,0,0,0,0,0,0,0,1,0,0
25339070,2600.0,2600.0,7.0,,,0,0.37,0.24,0,0,0,0,0,0,0,1,0,0
18168997,2700.0,2500.0,8.0,,,0,0.05,0.21,0,0,0,0,0,0,0,1,0,0
67316075,1400.0,600.0,4.0,,,0,0.47,1.06,0,0,0,0,0,0,0,1,0,0
50501121,,,,,,0,0.07,0.2,0,0,0,0,0,0,0,0,0,2
11260714,2900.0,2400.0,8.0,,,0,0.5,0.32,0,0,0,0,0,0,0,1,0,0
88234365,2800.0,2100.0,9.0,,,0,9.4,16.49,0,0,0,0,0,0,0,1,0,0
92807548,700.0,1000.0,3.0,,,0,0.27,0.21,0,0,0,0,0,0,0,1,0,0
54527349,,,,,,0,0.08,0.2,0,0,0,0,0,0,0,0,0,2
40921744,2800.0,2300.0,8.0,,,0,0.34,0.25,0,0,0,0,0,0,0,1,0,0
80168720,,,,,,0,0.05,0.15,0,0,0,0,0,0,0,0,0,1
93709215,2300.0,1800.0,7.0,,,0,0.71,1.06,0,0,0,0,0,0,0,1,0,0
79266769,2800.0,,0.0,4.0,,4,1.36,4.36,1,0,0,0,0,0,1,0,0,0
60417395,4000.0,4000.0,10.0,,,0,2.96,1.95,0,0,0,0,0,0,0,1,0,0
83445539,1300.0,300.0,3.0,,,0,0.57,0.49,0,0,0,0,0,0,0,0,0,0
76925842,1900.0,1400.0,5.0,,,0,0.28,0.23,0,0,0,0,0,0,0,1,0,0
70054514,0.0,300.0,1.0,,,0,0.12,0.11,0,0,0,0,0,0,0,1,0,0
34659866,0.0,0.0,1.0,,,0,0.26,0.81,0,0,0,0,0,0,0,1,0,0
57662975,2700.0,2500.0,8.0,,,0,0.04,0.02,0,0,0,0,0,0,0,0,0,0
64414267,2600.0,550.0,4.0,,,0,3.48,3.9,1,0,0,0,0,1,0,0,0,0
1035143,300.0,200.0,1.0,,,0,0.25,0.71,0,0,0,0,0,0,0,1,0,0
83584898,,,,,,0,0.11,0.17,0,0,0,0,0,0,0,0,0,1
43500484,1200.0,900.0,3.0,,,0,0.02,0.1,0,0,0,0,0,0,0,0,1,0
86271510,-1.0,0.0,1.0,,,0,0.04,0.06,0,0,0,0,0,0,0,1,0,0
35394356,700.0,1800.0,4.0,,,0,0.03,0.05,0,0,0,0,0,0,0,1,0,0
34257001,600.0,1200.0,3.0,,,0,0.03,0.12,0,0,0,0,0,0,0,1,0,0
84816245,,,,,,0,0.0,0.0,0,0,0,0,0,0,0,0,0,4
23331401,,,,,,0,0.0,0.0,0,0,0,0,0,0,0,0,0,4
84816244,0.0,0.0,1.0,,,0,0.09,0.13,0,0,0,0,0,0,0,1,0,0
12500059,500.0,1800.0,1.0,,,0,0.08,0.13,0,0,0,0,0,0,0,1,0,0
6351548,1400.0,1200.0,4.0,,,0,0.13,0.12,0,0,0,0,0,0,0,1,0,0
27383110,,,,,,0,0.26,0.42,0,0,0,0,0,0,0,0,0,1
57549932,1500.0,500.0,3.0,,,0,0.07,0.08,0,0,0,0,0,0,0,0,0,0
91336701,1600.0,,,2.0,,2,0.45,0.52,1,0,0,0,0,0,1,0,0,0
29116732,1700.0,0.0,4.0,,,0,0.05,0.16,0,0,0,0,0,0,0,1,0,0
95286165,,,,,,0,0.1,0.38,0,0,0,0,0,0,0,0,0,1
19159413,,,,,,0,0.05,0.38,0,0,0,0,0,0,0,0,0,1
32441317,,,,,,0,0.07,0.13,0,0,0,0,0,0,0,0,0,1
75527221,,,,,,0,0.18,0.35,0,0,0,0,0,0,0,0,0,2
69122763,,,,,,0,0.02,0.18,0,0,0,0,0,0,0,0,0,2
89462956,,,,,,0,0.06,0.11,0,0,0,0,0,0,0,0,0,2
14943837,1000.0,2000.0,4.0,,,0,0.32,0.93,0,0,0,0,0,0,0,0,0,0
65703851,,,,,,0,2.73,7.3,0,0,0,0,0,0,0,0,0,2
10209545,1000.0,1500.0,4.0,,,0,0.02,0.11,0,0,0,0,0,0,0,1,0,0
66328392,,,,,,0,0.39,0.42,0,0,0,0,0,0,0,0,0,1
70485614,,,,,,0,0.09,0.15,0,0,0,0,0,0,0,0,0,1
35027493,,,,,,0,0.1,0.21,0,0,0,0,0,0,0,0,0,2
1149109,,,,,,0,0.44,0.03,0,0,0,0,0,0,0,0,0,1
33062423,,,,,,0,0.04,0.22,0,0,0,0,0,0,0,0,0,1
1861629,2300.0,,0.0,3.0,,3,0.1,0.14,1,0,0,0,0,0,1,0,0,0
30822527,2300.0,,,3.0,,3,0.1,0.32,1,0,0,0,0,0,1,0,0,0
61245672,2300.0,,,3.0,,3,0.09,0.12,1,0,0,0,0,0,1,0,0,0
74665150,2300.0,,,3.0,,3,0.18,0.31,1,0,0,0,0,0,1,0,0,0
20240828,50.0,50.0,1.0,,,0,0.0,0.0,0,0,0,0,0,0,0,0,1,0
2732323,300.0,200.0,2.0,,,0,0.12,0.2,0,0,0,0,0,0,0,1,0,0
25034083,300.0,500.0,2.0,,,0,0.14,0.23,0,0,0,0,0,0,0,1,0,0
69542930,,,,,,0,0.14,0.29,0,0,0,0,0,0,0,0,0,1
28654932,,,,,,0,0.12,0.14,0,0,0,0,0,0,0,0,0,2
17559367,1000.0,1100.0,3.0,,,0,0.2,0.14,0,0,0,0,0,0,0,1,0,0
101403059,,,,,,0,0.0,0.0,0,0,0,0,0,0,0,0,0,1
72060415,,,,,,0,0.2,0.28,0,0,0,0,0,0,0,0,0,1
8495780,0.0,500.0,1.0,,,0,0.03,0.13,0,0,0,0,0,0,0,1,0,0
78868119,200.0,400.0,2.0,,,0,0.06,0.15,0,0,0,0,0,0,0,0,0,0
71978434,1200.0,1500.0,3.0,,,0,0.15,0.23,0,0,0,0,0,0,0,0,0,0
50793215,1500.0,2700.0,7.0,,,0,0.17,0.6,1,0,0,0,1,0,0,0,0,0
33467872,1800.0,1500.0,5.0,,,0,0.97,1.31,1,0,0,0,1,0,0,0,0,0
45483489,400.0,2000.0,2.0,,,0,0.02,0.1,0,0,0,0,0,0,0,1,0,0
8649148,1600.0,1300.0,4.0,,,0,0.08,0.09,0,0,0,0,0,0,0,1,0,0
22804410,0.0,0.0,10.0,,,0,0.94,0.99,0,0,0,0,0,0,0,1,0,0
67886895,0.0,0.0,10.0,,,0,0.0,0.0,0,0,0,0,0,0,0,1,0,0
1586457,900.0,900.0,9.0,,,0,0.08,0.16,0,0,0,0,0,0,0,1,0,0
13314457,600.0,100.0,1.0,,,0,0.15,0.19,0,0,0,0,0,0,0,1,0,0
28593363,1900.0,1600.0,5.0,,,0,0.1,0.16,1,0,1,0,0,0,0,0,0,0
24128274,1600.0,1800.0,5.0,,,0,0.02,0.06,0,0,0,0,0,0,0,1,0,0
76353872,100.0,1700.0,3.0,,,0,0.06,0.13,0,0,0,0,0,0,0,1,0,0
92327802,1000.0,1000.0,3.0,,,0,0.03,0.06,0,0,0,0,0,0,0,1,0,0
51782995,1400.0,200.0,2.0,,,0,0.22,0.27,0,0,0,0,0,0,0,1,0,0
82498947,200.0,1600.0,3.0,,,0,0.08,0.1,0,0,0,0,0,0,0,0,0,0
31897444,1400.0,,,2.0,,2,0.06,0.09,1,0,0,0,0,0,1,0,0,0
2525268,1600.0,2000.0,4.0,,,0,0.12,0.55,0,0,0,0,0,0,0,1,0,0
71417170,,,,,,0,0.11,0.19,0,0,0,0,0,0,0,0,0,2
24268052,,,,,,0,0.21,0.2,0,0,0,0,0,0,0,0,0,2
96687733,,,,,,0,0.07,0.16,0,0,0,0,0,0,0,0,0,1
59687381,,,,,,0,0.06,0.08,0,0,0,0,0,0,0,0,0,1
28877100,,,,,,0,0.68,0.28,0,0,0,0,0,0,0,0,0,2
58582979,1000.0,600.0,3.0,,,0,0.11,0.18,0,0,0,0,0,0,0,1,0,0
92171126,100.0,1000.0,1.0,,0.0,0,0.06,0.22,0,1,0,0,0,0,0,1,0,0
37421075,,,,,,0,0.04,0.13,0,0,0,0,0,0,0,0,0,2
36995273,,,,,,0,0.35,0.44,0,0,0,0,0,0,0,0,0,1
50426119,2500.0,2500.0,7.0,,,0,0.12,0.22,0,0,0,0,0,0,0,1,0,0
87621407,1400.0,1000.0,4.0,,,0,1.96,2.22,0,0,0,0,0,0,0,1,0,0
85718645,2400.0,1000.0,6.0,,,0,6.3,6.68,0,0,0,0,0,0,0,1,0,0
300302063,,,,,,0,0.0,0.11,0,0,0,0,0,0,0,0,0,3
44763025,,,,,,0,1.08,1.36,0,0,0,0,0,0,0,0,0,1
39719977,,,,,,0,0.07,0.13,0,0,0,0,0,0,0,0,0,1
59839761,,,,,,0,0.02,0.12,0,0,0,0,0,0,0,0,0,2
57568840,1500.0,900.0,3.0,,,0,0.25,0.66,0,0,0,0,0,0,0,0,0,0
3129133,,,,,,0,0.14,0.33,0,0,0,0,0,0,0,0,0,1
12262393,1600.0,1400.0,4.0,,,0,0.09,0.16,0,0,0,0,0,0,0,1,0,0
12079734,1200.0,1000.0,4.0,,,0,0.04,0.11,0,0,0,0,0,0,0,1,0,0
59504256,2000.0,0.0,10.0,,,0,0.34,0.39,0,0,0,0,0,0,0,1,0,0
48934760,,,,,,0,0.12,0.36,0,0,0,0,0,0,0,0,0,1
86124104,1800.0,1000.0,4.0,,,0,0.09,0.21,0,0,0,1,0,0,0,1,0,0
72426662,2400.0,2000.0,8.0,,,0,3.86,0.97,0,0,0,1,0,0,0,1,0,0
59913418,3000.0,3000.0,10.0,,,0,0.29,0.23,0,0,0,1,0,0,0,1,0,0
26364381,3300.0,2000.0,8.0,,,0,0.0,0.0,0,0,0,0,0,0,0,1,0,0
72575145,,,,,,0,0.04,0.21,0,0,0,0,0,0,0,0,0,1
65536818,0.0,2800.0,5.0,,,0,0.07,0.14,1,0,0,0,1,0,0,0,0,0
12890860,3000.0,2800.0,10.0,,,0,0.03,0.14,1,0,1,0,0,0,0,0,0,0
13974207,1700.0,1000.0,4.0,,,0,0.1,0.22,0,0,0,0,0,0,0,1,0,0
10474647,100.0,100.0,2.0,,,0,0.03,0.07,0,0,0,0,0,0,0,1,0,0
8279188,,,,,,0,0.16,0.11,0,0,0,0,0,0,0,0,0,2
37798171,1400.0,0.0,5.0,,,0,0.17,0.22,0,0,0,0,0,0,0,1,0,0
46708514,3000.0,2700.0,10.0,,,0,0.02,0.12,0,0,0,0,0,0,0,1,0,0
39131963,,,,,,0,0.77,0.68,0,0,0,0,0,0,0,0,0,2
44883830,,,,,,0,0.15,0.29,0,0,0,0,0,0,0,0,0,1
12965761,300.0,2000.0,4.0,,,0,0.02,0.15,0,0,0,0,0,0,0,1,0,0
81985784,1600.0,1800.0,4.0,,,0,0.05,0.09,0,0,0,0,0,0,0,1,0,0
84451804,1900.0,0.0,5.0,,,0,3.03,7.32,0,0,0,0,0,0,0,1,0,0
78613627,1500.0,1700.0,4.0,,,0,0.04,0.14,0,0,0,0,0,0,0,1,0,0
69579761,1100.0,1800.0,3.0,,,0,0.2,0.32,0,0,0,0,0,0,0,1,0,0
2326738,500.0,600.0,3.0,,,0,0.37,0.32,0,0,0,0,0,0,0,1,0,0
33695750,500.0,500.0,3.0,,,0,0.02,0.08,0,0,0,0,0,0,0,1,0,0
81059524,2200.0,1700.0,6.0,,,0,0.27,0.42,0,0,0,0,0,0,0,1,0,0
9637706,1600.0,300.0,3.0,,,0,0.27,0.3,0,0,0,0,0,0,0,1,0,0
42079445,,,,,,0,0.07,0.17,0,0,0,0,0,0,0,0,0,2
63410069,1500.0,2400.0,6.0,,,0,0.09,0.2,1,0,0,0,1,0,0,0,0,0
38981606,800.0,1000.0,4.0,,,0,0.06,0.13,0,0,0,0,0,0,0,1,0,0
93747864,,,,,,0,0.27,0.98,0,0,0,0,0,0,0,0,0,2
81977953,2300.0,2000.0,6.0,,,0,0.25,0.27,0,0,0,0,0,0,0,1,0,0
13409151,900.0,300.0,3.0,,,0,0.15,0.42,0,0,0,0,0,0,0,1,0,0
36693940,,,,,,0,0.11,0.21,0,0,0,0,0,0,0,0,0,2
94693857,500.0,500.0,1.0,,,0,0.09,0.09,0,0,0,0,0,0,0,0,0,0
59368956,500.0,500.0,2.0,,,0,0.11,0.14,0,0,0,0,0,0,0,1,0,0
75944053,500.0,500.0,3.0,,,0,0.09,0.13,0,0,0,0,0,0,0,1,0,0
22227683,500.0,500.0,4.0,,,0,0.06,0.13,0,0,0,0,0,0,0,1,0,0
10117149,500.0,500.0,5.0,,10.0,0,0.08,0.15,0,1,0,0,0,0,0,1,0,0
55106249,500.0,500.0,6.0,,1.0,0,0.07,0.12,0,1,0,0,0,0,0,1,0,0
97588916,500.0,500.0,7.0,,10.0,0,0.05,0.11,0,1,0,0,0,0,0,1,0,0
24573625,500.0,500.0,8.0,,1.0,0,0.07,0.11,0,1,0,0,0,0,0,1,0,0
25494711,500.0,500.0,9.0,,,0,0.08,0.12,0,0,0,0,0,0,0,1,0,0
12215894,,,,,,0,0.04,0.11,0,0,0,0,0,0,0,0,0,1
89544521,500.0,500.0,10.0,,,0,0.05,0.1,1,0,0,0,1,0,0,0,0,0
42908201,1700.0,1400.0,4.0,,,0,0.1,0.12,0,0,0,0,0,0,0,1,0,0
71200730,2800.0,3000.0,8.0,,,0,0.12,0.29,0,0,0,0,0,0,0,1,0,0
76728962,2800.0,2200.0,8.0,,,0,0.49,0.37,0,0,0,0,0,0,0,1,0,0
34149830,,,,,,0,0.04,0.14,0,0,0,0,0,0,0,0,0,2
99543666,,,,,,0,0.07,0.15,0,0,0,0,0,0,0,0,0,1
90179822,0.0,2000.0,1.0,,,0,0.06,0.08,0,0,0,0,0,0,0,1,0,0
53971455,2500.0,2500.0,12.0,,,0,0.31,0.24,1,0,0,0,1,0,0,0,0,0
18666161,3200.0,3200.0,11.0,,,0,0.18,0.2,1,0,1,0,0,0,0,0,0,0
72272462,2500.0,2500.0,8.0,,,0,0.11,0.11,1,0,1,0,0,0,0,0,0,0
36577931,400.0,400.0,1.0,,,0,0.02,0.07,0,0,0,0,0,0,0,1,0,0
72192100,1100.0,1800.0,3.0,,,0,0.12,0.15,0,0,0,0,0,0,0,1,0,0
48128081,,,,,,0,0.0,0.0,0,0,0,0,0,0,0,0,0,1
22634473,,,,,,0,0.11,0.1,0,0,0,0,0,0,0,0,0,2
94212438,,,,,,0,0.06,0.11,0,0,0,0,0,0,0,0,0,2
45809008,,,,,,0,0.24,0.29,0,0,0,0,0,0,0,0,0,1
300201002,,,,,,0,0.0,0.0,0,0,0,0,0,0,0,0,0,3
76263644,3000.0,3000.0,10.0,,,0,0.13,0.17,1,0,1,0,0,0,0,0,0,0
55461064,300.0,600.0,3.0,,,0,0.21,0.14,0,0,0,0,0,0,0,1,0,0
77608643,800.0,800.0,3.0,,,0,0.14,0.17,0,0,0,0,0,0,0,1,0,0
63362460,1600.0,1400.0,4.0,,,0,0.11,0.23,0,0,0,0,0,0,0,1,0,0
30757127,2000.0,2600.0,6.0,,,0,0.13,0.12,1,0,1,0,0,0,0,0,0,0
26964762,0.0,0.0,1.0,,,0,0.16,0.4,0,0,0,0,0,0,0,1,0,0
81866673,2100.0,1000.0,6.0,,,0,0.02,0.31,0,0,0,0,0,0,0,1,0,0
64184058,1600.0,1000.0,4.0,,,0,0.31,0.38,0,0,0,0,0,0,0,1,0,0
54749427,100.0,2700.0,4.0,,,0,0.22,0.3,0,0,0,0,0,0,0,1,0,0
16605586,1100.0,600.0,3.0,,,0,0.16,0.25,0,0,0,0,0,0,0,1,0,0
39829561,1000.0,0.0,2.0,,,0,0.24,0.27,0,0,0,0,0,0,0,1,0,0
25158975,3400.0,2400.0,8.0,,,0,0.44,3.82,0,0,0,0,0,0,0,1,0,0
60461804,2500.0,2100.0,8.0,,,0,0.63,0.55,1,0,1,0,0,0,0,0,0,0
13093792,1400.0,1600.0,4.0,,,0,0.08,0.11,0,0,0,0,0,0,0,1,0,0
56570271,300.0,300.0,1.0,,,0,0.31,0.27,0,0,0,0,0,0,0,1,0,0
17132130,3400.0,2400.0,8.0,,,0,0.16,0.25,0,0,0,0,0,0,0,1,0,0
69394324,2900.0,2600.0,10.0,,,0,0.5,0.51,1,0,1,0,0,0,0,0,0,0
41613948,600.0,800.0,3.0,,,0,0.13,0.25,0,0,0,0,0,0,0,1,0,0
62542673,600.0,800.0,3.0,,,0,6.21,8.75,0,0,0,0,0,0,0,1,0,0
28355718,1000.0,1000.0,6.0,,,0,0.26,0.3,0,0,0,0,0,0,0,1,0,0
48150362,1600.0,800.0,4.0,,,0,0.14,0.24,0,0,0,0,0,0,0,1,0,0
36625827,400.0,700.0,3.0,,,0,0.07,0.12,0,0,0,0,0,0,0,1,0,0
40591390,-1.0,-1.0,8.0,,,0,0.34,0.38,0,0,0,0,0,0,0,1,0,0
54641720,-1.0,2800.0,8.0,,,0,0.38,3.67,1,0,1,0,0,0,0,0,0,0
98931282,400.0,700.0,3.0,,,0,0.16,0.26,0,0,0,0,0,0,0,1,0,0
66262416,0.0,600.0,1.0,,,0,0.07,0.19,0,0,0,0,0,0,0,1,0,0
91691605,1600.0,1200.0,4.0,,,0,0.19,0.24,0,0,0,0,0,0,0,1,0,0
93431862,1200.0,1700.0,4.0,,,0,0.18,0.35,0,0,0,0,0,0,0,1,0,0
93657021,3000.0,3000.0,10.0,,,0,0.14,0.3,1,0,1,0,0,0,0,0,0,0
37780349,1000.0,1000.0,5.0,,,0,0.24,0.28,0,0,0,0,0,0,0,1,0,0
90579153,2800.0,2400.0,8.0,,,0,0.44,0.37,1,0,1,0,0,0,0,0,0,0
80744121,1000.0,1000.0,4.0,,,0,0.17,0.15,0,0,0,0,0,0,0,1,0,0
9411399,800.0,800.0,6.0,,,0,0.16,0.23,0,0,0,0,0,0,0,1,0,0
83965310,1900.0,600.0,8.0,,,0,0.23,0.38,0,0,0,0,0,0,0,1,0,0
15294090,,,,,,0,0.11,0.1,0,0,0,0,0,0,0,0,0,2
35464895,,,,,,0,0.07,0.11,0,0,0,0,0,0,0,0,0,2
73481154,1500.0,1000.0,4.0,,,0,0.03,0.09,0,0,0,0,0,0,0,0,1,0
80186010,1800.0,1100.0,4.0,,,0,0.31,0.32,0,0,0,0,0,0,0,1,0,0
18739764,,,,,,0,0.21,0.31,0,0,0,0,0,0,0,0,0,2
59235795,2000.0,1500.0,7.0,,,0,0.08,0.1,0,0,0,0,0,0,0,1,0,0
44373896,2000.0,3000.0,8.0,,,0,0.14,0.3,1,0,1,0,0,0,0,0,0,0
98956134,,,,,,0,0.16,0.19,0,0,0,0,0,0,0,0,0,2
62980542,,,,,,0,0.12,0.14,0,0,0,0,0,0,0,0,0,2
5616412,,,,,,0,0.14,0.16,0,0,0,0,0,0,0,0,0,2
21219755,,,,,,0,0.12,0.13,0,0,0,0,0,0,0,0,0,2
15155568,,,,,,0,0.11,0.23,0,0,0,0,0,0,0,0,0,2
32104431,,,,,,0,0.25,0.17,0,0,0,0,0,0,0,0,0,2
41940225,,,,,,0,0.11,0.25,0,0,0,0,0,0,0,0,0,1
30748475,,,,,,0,0.12,0.14,0,0,0,0,0,0,0,0,0,2
77859858,,,,,,0,0.26,0.13,0,0,0,0,0,0,0,0,0,2
11232355,1600.0,400.0,4.0,,,0,0.09,0.17,0,0,0,0,0,0,0,1,0,0
5560911,1000.0,3000.0,7.0,,,0,0.37,0.46,0,0,0,0,0,0,0,0,0,0
89086566,,,,,,0,0.04,0.13,0,0,0,0,0,0,0,0,0,1
24487411,2100.0,,,3.0,,3,0.04,0.11,1,0,0,0,0,0,1,0,0,0
46789706,300.0,200.0,1.0,,,0,0.29,2.14,0,0,0,0,0,0,0,1,0,0
41348446,,,,,,0,0.05,0.09,0,0,0,0,0,0,0,0,0,2
20985997,,,,,,0,0.07,0.36,0,0,0,0,0,0,0,0,0,2
85771021,,,,,,0,0.0,0.0,0,0,0,0,0,0,0,0,0,4
62587693,2000.0,3000.0,9.0,,,0,0.09,0.18,0,0,0,0,0,0,0,1,0,0
88176533,1200.0,1200.0,2.0,,,0,1.29,0.51,0,0,0,1,0,0,0,1,0,0
30037118,0.0,0.0,4.0,,,0,0.06,0.14,0,0,0,0,0,0,0,1,0,0
90311614,1200.0,800.0,2.0,,,0,0.08,0.16,0,0,0,0,0,0,0,0,0,0
70583986,2000.0,1400.0,6.0,,,0,0.22,0.23,1,0,0,0,1,0,0,0,0,0
32302078,2600.0,1000.0,6.0,,,0,0.02,0.19,1,0,0,0,0,1,0,0,0,0
19327348,500.0,1500.0,3.0,,,0,0.22,1.39,0,0,0,0,0,0,0,1,0,0
8264361,1850.0,,,2.0,,2,0.09,0.15,1,0,0,0,0,0,1,0,0,0
96967123,900.0,500.0,2.0,,,0,11.7,4.34,0,0,0,0,0,0,0,0,1,0
88757791,2000.0,2500.0,7.0,,2.0,0,0.13,0.17,0,1,0,0,0,0,0,1,0,0
14307929,2500.0,2000.0,8.0,,,0,0.29,0.27,1,0,0,0,1,0,0,0,0,0
72270339,2500.0,2000.0,7.0,,,0,0.25,0.33,0,0,0,0,0,0,0,1,0,0
23151193,2500.0,2100.0,8.0,,,0,4.34,6.26,0,0,0,0,0,0,0,1,0,0
100461000,2500.0,2000.0,7.0,,,0,0.0,0.0,0,0,0,0,0,0,0,1,0,0
53765052,2500.0,2000.0,7.0,,,0,3.37,3.14,0,0,0,0,0,0,0,1,0,0
60145298,2500.0,2100.0,8.0,,,0,0.3,0.4,0,0,0,0,0,0,0,1,0,0
101403034,2500.0,2100.0,8.0,,,0,0.0,0.0,1,0,1,0,0,0,0,0,0,0
24634594,2500.0,2200.0,8.0,,,0,0.12,0.11,1,0,0,0,1,0,0,0,0,0
78077209,2300.0,0.0,8.0,,,0,0.07,0.12,0,0,0,0,0,0,0,1,0,0
29424328,2800.0,1000.0,7.0,,,0,0.11,0.17,0,0,0,0,0,0,0,1,0,0
51644030,1800.0,1200.0,5.0,,,0,0.06,0.13,0,0,0,0,0,0,0,1,0,0
6083904,2000.0,2000.0,6.0,,,0,0.06,0.11,0,0,0,0,0,0,0,1,0,0
81994591,,,,,,0,0.23,0.27,0,0,0,0,0,0,0,0,0,1
95169481,2000.0,1200.0,4.0,,,0,0.19,0.11,1,0,0,0,0,1,0,0,0,0
98643358,,,,,,0,0.16,0.28,0,0,0,0,0,0,0,0,0,2
96857854,,,,,,0,0.13,0.21,0,0,0,0,0,0,0,0,0,2
19980975,,,,,,0,0.09,0.14,0,0,0,0,0,0,0,0,0,1
84257640,,,,,,0,0.08,0.35,0,0,0,0,0,0,0,0,0,1
17257342,1700.0,1000.0,4.0,,,0,0.05,0.15,0,0,0,0,0,0,0,1,0,0
69893315,1650.0,1800.0,5.0,,,0,0.71,0.0,0,0,0,0,0,0,0,0,1,0
11808215,,,,,,0,0.11,0.26,0,0,0,0,0,0,0,0,0,1
8868767,,,,,,0,0.11,0.19,0,0,0,0,0,0,0,0,0,2
3549275,200.0,300.0,3.0,,,0,2.0,3.63,0,0,0,0,0,0,0,1,0,0
83241722,,,,,,0,0.27,0.61,0,0,0,0,0,0,0,0,0,2
88482761,,,,,,0,0.23,0.52,0,0,0,0,0,0,0,0,0,2
59905358,,,,,,0,0.05,0.06,0,0,0,0,0,0,0,0,0,2
31863912,,,,,,0,0.31,0.16,0,0,0,0,0,0,0,0,0,2
93078761,,,,,,0,0.05,0.11,0,0,0,0,0,0,0,0,0,1
62893810,1800.0,200.0,4.0,,,0,0.07,0.16,0,0,0,0,0,0,0,1,0,0
3493058,,,,,,0,0.11,0.1,0,0,0,0,0,0,0,0,0,1
96015976,,,,,,0,0.09,0.08,0,0,0,0,0,0,0,0,0,2
66961194,1200.0,1100.0,4.0,,,0,0.1,0.14,0,0,0,0,0,0,0,1,0,0
11961740,,,,,,0,0.09,0.11,0,0,0,0,0,0,0,0,0,1
62437430,,,,,,0,0.16,0.12,0,0,0,0,0,0,0,0,0,1
50939127,1200.0,1500.0,5.0,,,0,0.24,0.22,0,0,0,0,0,0,0,1,0,0
39900763,,,,,,0,0.11,0.05,0,0,0,0,0,0,0,0,0,2
56460688,,,,,,0,0.03,0.04,0,0,0,0,0,0,0,0,0,1
31849106,,,,,,0,0.18,0.16,0,0,0,0,0,0,0,0,0,2
87880531,,,,,,0,0.09,0.14,0,0,0,0,0,0,0,0,0,1
29948642,500.0,800.0,2.0,,,0,1.63,0.94,0,0,0,0,0,0,0,0,1,0
81782376,,,,,,0,0.19,0.11,0,0,0,0,0,0,0,0,0,2
300302004,,,,,,0,0.09,0.29,0,0,0,0,0,0,0,0,0,3
49658464,,,,,,0,0.02,0.02,0,0,0,0,0,0,0,0,0,1
68950538,1500.0,500.0,3.0,,,0,0.08,0.05,0,0,0,0,0,0,0,1,0,0
32465539,0.0,2000.0,3.0,,,0,0.02,0.06,0,0,0,0,0,0,0,1,0,0
58600555,2200.0,1800.0,5.0,,,0,0.11,0.24,1,0,0,0,0,1,0,0,0,0
83048208,500.0,0.0,3.0,,,0,0.11,0.11,0,0,0,0,0,0,0,1,0,0
19301729,1000.0,1000.0,3.0,,,0,0.06,0.13,0,0,0,0,0,0,0,1,0,0
85004150,2600.0,2200.0,7.0,,,0,0.13,0.13,1,0,0,0,0,1,0,0,0,0
12615446,1800.0,1400.0,3.0,,,0,0.06,0.13,1,0,0,0,0,1,0,0,0,0
94344242,500.0,1500.0,3.0,,,0,0.08,0.08,0,0,0,0,0,0,0,1,0,0
32295838,1500.0,0.0,2.0,,,0,0.04,0.16,0,0,0,0,0,0,0,0,1,0
29515122,3200.0,2000.0,5.0,,,0,0.21,0.14,1,0,0,0,0,1,0,0,0,0
23732205,1600.0,,,2.0,,2,0.17,0.37,1,0,0,0,0,0,1,0,0,0
77683371,500.0,500.0,1.0,,,0,0.02,0.14,0,0,0,0,0,0,0,1,0,0
47292920,,,,,,0,0.04,0.22,0,0,0,0,0,0,0,0,0,1
95194279,,,,,,0,0.1,0.11,0,0,0,0,0,0,0,0,0,1
1896112,,,,,,0,0.18,0.43,0,0,0,0,0,0,0,0,0,1
1596508,1700.0,200.0,4.0,,,0,0.18,0.21,0,0,0,0,0,0,0,1,0,0
23557835,,,,,,0,8.41,10.01,0,0,0,0,0,0,0,0,0,1
89190953,,,,,,0,0.43,2.22,0,0,0,0,0,0,0,0,0,1
44046281,,,,,,0,0.06,0.05,0,0,0,0,0,0,0,0,0,2
54175023,,,,,,0,0.09,0.24,0,0,0,0,0,0,0,0,0,2
73414375,200.0,200.0,2.0,,,0,0.02,0.12,0,0,0,0,0,0,0,1,0,0
80560728,,,,,,0,0.17,0.14,0,0,0,0,0,0,0,0,0,2
54297661,,,,,,0,0.09,0.19,0,0,0,0,0,0,0,0,0,2
91800273,1200.0,2200.0,6.0,,,0,0.02,0.2,0,0,0,0,0,0,0,1,0,0
73632127,,,,,,0,0.15,0.2,0,0,0,0,0,0,0,0,0,2
17787975,,,,,,0,0.17,0.19,0,0,0,0,0,0,0,0,0,2
67095270,,,,,,0,1.01,0.58,0,0,0,0,0,0,0,0,0,2
62107612,0.0,0.0,1.0,,,0,0.21,0.24,0,0,0,0,0,0,0,1,0,0
36733451,1300.0,200.0,4.0,,,0,0.92,2.21,0,0,0,0,0,0,0,1,0,0
52254878,0.0,0.0,1.0,,,0,0.16,0.27,0,0,0,0,0,0,0,0,0,0
83326048,,,,,,0,0.13,0.15,0,0,0,0,0,0,0,0,0,2
81674782,,,,,,0,0.41,0.49,0,0,0,0,0,0,0,0,0,1
98666339,,,,,,0,0.25,0.11,0,0,0,0,0,0,0,0,0,2
70342110,,,,,,0,6.6,9.19,0,0,0,0,0,0,0,0,0,2
22959079,,,,,,0,0.02,0.24,0,0,0,0,0,0,0,0,0,1
90965652,,,,,,0,0.11,0.1,0,0,0,0,0,0,0,0,0,1
30432463,1200.0,2100.0,4.0,,5.0,0,0.08,0.29,0,1,0,0,0,0,0,1,0,0
93854893,2600.0,2100.0,8.0,,,0,0.16,0.17,1,0,0,0,0,1,0,0,0,0
300104003,,,,,,0,0.42,1.3,0,0,0,0,0,0,0,0,0,3
27143874,0.0,0.0,4.0,,,0,0.04,0.09,0,0,0,0,0,0,0,1,0,0
41128647,,,,,,0,0.07,0.09,0,0,0,0,0,0,0,0,0,1
58984738,2500.0,1200.0,6.0,,,0,0.2,0.23,0,0,0,0,0,0,0,1,0,0
28720123,1700.0,1800.0,4.0,,6.0,0,0.11,0.18,0,1,0,0,0,0,0,1,0,0
32134638,1500.0,2000.0,4.0,,6.0,0,0.07,0.14,0,1,0,0,0,0,0,1,0,0
368382,2000.0,800.0,5.0,,6.0,0,0.11,0.11,0,1,0,0,0,0,0,1,0,0
37752990,2100.0,400.0,5.0,,3.0,0,0.06,0.1,0,1,0,0,0,0,0,1,0,0
77116346,,,,,,0,0.02,0.1,0,0,0,0,0,0,0,0,0,1
74582050,,,,,,0,0.03,0.14,0,0,0,0,0,0,0,0,0,2
38988538,1700.0,1400.0,4.0,,6.0,0,0.1,0.08,0,1,0,0,0,0,0,1,0,0
64973287,1800.0,1200.0,4.0,,3.0,0,0.14,0.15,0,1,0,0,0,0,0,1,0,0
63251695,2400.0,2200.0,5.0,,6.0,0,0.13,0.19,0,1,0,0,0,0,0,1,0,0
41554273,,,,,,0,0.04,0.07,0,0,0,0,0,0,0,0,0,2
5067884,2500.0,1800.0,5.0,,3.0,0,0.09,0.12,0,1,0,0,0,0,0,1,0,0
1580833,1600.0,1800.0,4.0,,3.0,0,0.16,0.1,0,1,0,0,0,0,0,1,0,0
60675348,,,,,,0,0.1,0.14,0,0,0,0,0,0,0,0,0,2
52020510,,,,,,0,0.07,0.15,0,0,0,0,0,0,0,0,0,2
99414629,,,,,,0,0.04,0.12,0,0,0,0,0,0,0,0,0,2
38628859,1000.0,0.0,4.0,,,0,0.04,0.11,0,0,0,0,0,0,0,1,0,0
26631975,,,,,,0,0.3,0.23,0,0,0,0,0,0,0,0,0,2
78420796,,,,,,0,0.35,0.21,0,0,0,0,0,0,0,0,0,2
7336745,,,,,,0,0.06,0.17,0,0,0,0,0,0,0,0,0,2
48832775,4000.0,0.0,6.0,,,0,0.36,0.23,1,0,1,0,0,0,0,0,0,0
28292031,,,,,,0,0.09,0.19,0,0,0,0,0,0,0,0,0,2
92798873,3000.0,0.0,8.0,,,0,0.36,1.08,1,0,1,0,0,0,0,0,0,0
25419323,,,,,,0,0.04,0.12,0,0,0,0,0,0,0,0,0,2
52807032,,,,,,0,0.07,0.16,0,0,0,0,0,0,0,0,0,2
74936480,0.0,2500.0,6.0,,,0,0.15,0.24,1,0,1,0,0,0,0,0,0,0
92133240,1500.0,0.0,4.0,,,0,0.41,0.3,0,0,0,0,0,0,0,1,0,0
300203001,,,,,,0,0.08,0.11,0,0,0,0,0,0,0,0,0,3
22638495,2000.0,2950.0,8.0,,,0,0.07,0.15,1,0,1,0,0,0,0,0,0,0
84631951,1500.0,2200.0,6.0,,,0,0.02,0.15,0,0,0,0,0,0,0,1,0,0
93507434,1600.0,0.0,3.0,,,0,0.06,0.12,0,0,0,0,0,0,0,1,0,0
29996433,1800.0,0.0,4.0,,,0,0.09,0.17,0,0,0,0,0,0,0,1,0,0
22900219,3500.0,0.0,8.0,,,0,0.06,0.15,1,0,1,0,0,0,0,0,0,0
75366958,100.0,800.0,2.0,,,0,0.07,0.19,0,0,0,0,0,0,0,0,0,0
48372950,2200.0,0.0,6.0,,,0,0.05,0.09,0,0,0,0,0,0,0,1,0,0
58672736,3000.0,0.0,8.0,,,0,0.09,0.19,1,0,0,0,1,0,0,0,0,0
61269611,2000.0,0.0,6.0,,,0,0.04,0.11,0,0,0,0,0,0,0,1,0,0
77967790,3000.0,,,3.0,,3,0.06,0.18,1,0,0,0,0,0,1,0,0,0
54446813,600.0,0.0,1.0,,,0,0.07,0.15,0,0,0,0,0,0,0,1,0,0
11755663,1600.0,0.0,5.0,,,0,0.03,0.15,0,0,0,0,0,0,0,1,0,0
35770983,1000.0,0.0,2.0,,,0,0.06,0.12,0,0,0,0,0,0,0,1,0,0
82385847,2600.0,0.0,7.0,,,0,0.02,0.21,0,0,0,0,0,0,0,1,0,0
61764082,1600.0,0.0,5.0,,,0,0.03,0.11,0,0,0,0,0,0,0,1,0,0
56980148,1900.0,0.0,4.0,,,0,0.05,0.17,0,0,0,0,0,0,0,1,0,0
69121954,1000.0,,,2.0,,2,0.07,0.15,1,0,0,0,0,0,1,0,0,0
80831552,1600.0,0.0,3.0,,,0,0.02,0.16,0,0,0,0,0,0,0,1,0,0
46533533,0.0,0.0,4.0,,,0,0.13,0.16,0,0,0,0,0,0,0,0,1,0
78084378,2000.0,800.0,5.0,,,0,0.04,0.14,1,0,1,0,0,0,0,0,0,0
66472129,1500.0,1000.0,4.0,,,0,0.05,0.1,0,0,0,0,0,0,0,1,0,0
40971261,,,,,,0,0.09,0.18,0,0,0,0,0,0,0,0,0,1
58707981,500.0,2000.0,5.0,,5.0,0,0.57,0.26,0,1,0,0,0,0,0,1,0,0
24623598,,,,,,0,0.23,0.1,0,0,0,0,0,0,0,0,0,2
26834022,,,,,,0,0.13,0.25,0,0,0,0,0,0,0,0,0,2
20727787,,,,,,0,0.02,0.13,0,0,0,0,0,0,0,0,0,2
67359907,0.0,0.0,7.0,,,0,0.83,0.68,1,0,0,0,0,1,0,0,0,0
19612721,1000.0,1000.0,4.0,,,0,0.11,0.11,0,0,0,0,0,0,0,1,0,0
98999181,0.0,2000.0,2.0,,,0,1.71,0.47,0,0,0,0,0,0,0,1,0,0
15595052,1700.0,800.0,4.0,,,0,0.12,0.23,0,0,0,0,0,0,0,1,0,0
75425320,,,,,,0,0.12,0.22,0,0,0,0,0,0,0,0,0,1
46480475,,,,,,0,8.2,9.86,0,0,0,0,0,0,0,0,0,2
86553594,,,,,,0,0.05,0.09,0,0,0,0,0,0,0,0,0,2
76137614,2000.0,2300.0,5.0,,,0,0.05,0.08,0,0,0,0,0,0,0,1,0,0
87750925,1400.0,1200.0,4.0,,,0,0.12,0.13,0,0,0,0,0,0,0,0,0,0
76446915,1350.0,1000.0,4.0,,,0,0.16,0.15,0,0,0,0,0,0,0,0,1,0
41113025,1700.0,1500.0,4.0,,,0,0.05,0.09,0,0,0,0,0,0,0,1,0,0
64966519,100.0,,,2.0,,2,0.03,0.16,1,0,0,0,0,0,1,0,0,0
42149850,,,,,,0,0.04,0.07,0,0,0,0,0,0,0,0,0,1
40826495,900.0,1000.0,3.0,,,0,0.02,0.14,0,0,0,0,0,0,0,0,1,0
81965543,,,,,,0,0.08,0.11,0,0,0,0,0,0,0,0,0,2
77561728,,,,,,0,0.26,0.14,0,0,0,0,0,0,0,0,0,2
100460004,0.0,3000.0,10.0,,,0,0.0,0.0,1,0,1,0,0,0,0,0,0,0
90448279,3000.0,3000.0,12.0,,,0,0.26,0.38,1,0,0,0,0,1,0,0,0,0
12397569,,,,,,0,0.43,0.4,0,0,0,0,0,0,0,0,0,1
10032958,1500.0,900.0,5.0,,,0,0.57,0.42,0,0,0,0,0,0,0,1,0,0
20277376,1000.0,1500.0,4.0,,,0,0.05,0.04,0,0,0,0,0,0,0,1,0,0
67964209,2100.0,1500.0,5.0,,,0,0.13,0.13,0,0,0,0,0,0,0,1,0,0
1639384,2800.0,1800.0,8.0,,,0,8.67,15.73,1,0,0,0,0,1,0,0,0,0
60681103,2800.0,2800.0,8.0,,,0,0.55,0.55,0,0,0,0,0,0,0,1,0,0
62113340,1500.0,1000.0,4.0,,,0,0.44,0.83,0,0,0,0,0,0,0,0,1,0
32975247,3000.0,2000.0,10.0,,,0,0.04,0.1,0,0,0,0,0,0,0,1,0,0
89907228,,,,,,0,0.0,0.0,0,0,0,0,0,0,0,0,0,4
7373632,,,,,,0,0.14,0.23,0,0,0,0,0,0,0,0,0,1
44698398,2500.0,3000.0,8.0,,,0,0.16,0.23,1,0,0,0,0,1,0,0,0,0
61757117,2700.0,1200.0,7.0,,,0,4.75,4.92,0,0,0,1,0,0,0,1,0,0
57902462,2300.0,1800.0,6.0,,,0,0.27,0.37,0,0,0,0,0,0,0,1,0,0
81066751,,,,,,0,0.19,0.34,0,0,0,0,0,0,0,0,0,2
89914395,,,,,,0,0.02,0.11,0,0,0,0,0,0,0,0,0,2
23804920,3000.0,2000.0,6.0,,,0,0.38,0.21,1,0,1,0,0,0,0,0,0,0
97800311,2800.0,2600.0,6.0,,,0,0.7,0.54,1,0,1,0,0,0,0,0,0,0
82103466,-1.0,0.0,12.0,,,0,0.07,0.2,0,0,0,0,0,0,0,1,0,0
31423101,,,,,,0,0.2,0.32,0,0,0,0,0,0,0,0,0,1
53639887,,,,,,0,1.07,1.52,0,0,0,0,0,0,0,0,0,1
15854426,,,,,,0,0.05,0.12,0,0,0,0,0,0,0,0,0,1
49010598,,,,,,0,0.21,0.24,0,0,0,0,0,0,0,0,0,2
92919429,500.0,300.0,2.0,,,0,0.2,0.15,0,0,0,0,0,0,0,0,0,0
42427230,200.0,200.0,2.0,,,0,0.06,0.16,0,0,0,0,0,0,0,1,0,0
62681049,,,,,,0,0.1,0.13,0,0,0,0,0,0,0,0,0,2
77153811,1700.0,1000.0,4.0,,,0,0.11,0.12,0,0,0,0,0,0,0,1,0,0
33145233,1500.0,600.0,3.0,,,0,0.22,0.3,0,0,0,0,0,0,0,1,0,0
30492798,200.0,200.0,1.0,,,0,0.06,0.13,0,0,0,0,0,0,0,1,0,0
34358408,1800.0,1400.0,4.0,,,0,0.15,0.21,0,0,0,0,0,0,0,1,0,0
4141820,400.0,300.0,3.0,,,0,0.12,0.13,0,0,0,0,0,0,0,1,0,0
8903700,1200.0,2000.0,3.0,,,0,0.02,0.51,0,0,0,0,0,0,0,1,0,0
97843505,700.0,900.0,3.0,,,0,0.0,0.0,0,0,0,0,0,0,0,0,1,0
98371278,0.0,2000.0,4.0,,,0,0.02,0.11,0,0,0,0,0,0,0,1,0,0
27340877,,,,,,0,0.05,0.14,0,0,0,0,0,0,0,0,0,2
74701381,,,,,,0,0.04,0.59,0,0,0,0,0,0,0,0,0,2
56769674,,,,,,0,0.05,0.17,0,0,0,0,0,0,0,0,0,2
6260554,,,,,,0,0.15,0.14,0,0,0,0,0,0,0,0,0,2
79997591,,,,,,0,0.06,0.19,0,0,0,0,0,0,0,0,0,2
22171591,100.0,100.0,1.0,,,0,0.18,0.15,0,0,0,0,0,0,0,1,0,0
32671443,,,,,,0,0.2,0.22,0,0,0,0,0,0,0,0,0,1
47013502,1900.0,1200.0,4.0,,,0,0.22,0.19,0,0,0,0,0,0,0,1,0,0
19700943,1800.0,1900.0,4.0,,,0,0.05,0.1,0,0,0,0,0,0,0,1,0,0
57996334,1900.0,800.0,6.0,,,0,0.07,0.1,0,0,0,0,0,0,0,1,0,0
85310252,1800.0,200.0,4.0,,,0,0.09,0.22,0,0,0,0,0,0,0,1,0,0
75421661,0.0,3000.0,8.0,,,0,0.06,0.13,0,0,0,0,0,0,0,1,0,0
83274244,2300.0,900.0,6.0,,,0,0.11,0.16,0,0,0,0,0,0,0,1,0,0
39432962,1200.0,1600.0,4.0,,,0,0.07,0.24,0,0,0,0,0,0,0,1,0,0
62880279,2300.0,900.0,6.0,,,0,6.42,10.19,0,0,0,0,0,0,0,1,0,0
73866096,,,,,,0,0.22,0.19,0,0,0,0,0,0,0,0,0,1
59724555,0.0,1800.0,4.0,,,0,0.16,0.29,0,0,0,0,0,0,0,1,0,0
29491335,,,,,,0,0.0,0.0,0,0,0,0,0,0,0,0,0,4
1003028,1000.0,1000.0,4.0,,,0,0.08,0.13,0,0,0,0,0,0,0,1,0,0
33296432,1000.0,1800.0,4.0,,,0,0.08,0.24,0,0,0,0,0,0,0,1,0,0
51522296,4000.0,4000.0,12.0,,,0,1.3,0.8,0,0,0,1,0,0,0,1,0,0
13694209,2000.0,1500.0,8.0,,,0,0.3,0.21,0,0,0,0,0,0,0,1,0,0
60303688,1500.0,1500.0,4.0,,,0,0.1,0.13,0,0,0,0,0,0,0,1,0,0
29354228,,,,,,0,0.06,0.19,0,0,0,0,0,0,0,0,0,2
69680031,2500.0,2500.0,8.0,,,0,0.14,0.13,0,0,0,0,0,0,0,1,0,0
73355772,2500.0,2500.0,8.0,,,0,8.5,8.51,0,0,0,0,0,0,0,1,0,0
56588755,,,,,,0,0.1,0.09,0,0,0,0,0,0,0,0,0,2
30394645,2000.0,2000.0,8.0,,,0,1.72,1.15,0,0,0,0,0,0,0,1,0,0
95679145,1500.0,3000.0,8.0,,,0,0.16,0.1,0,0,0,0,0,0,0,1,0,0
65589010,,,,,,0,0.04,0.08,0,0,0,0,0,0,0,0,0,1
22073844,3200.0,3200.0,11.0,,,0,0.1,0.15,0,0,0,0,0,0,0,1,0,0
82956214,,,,,,0,0.08,0.14,0,0,0,0,0,0,0,0,0,2
96891787,1800.0,1500.0,4.0,,,0,0.09,0.13,0,0,0,0,0,0,0,1,0,0
87481592,,,,,,0,0.04,0.16,0,0,0,0,0,0,0,0,0,1
31002402,,,,,,0,0.2,0.37,0,0,0,0,0,0,0,0,0,1
60921537,,,,,,0,0.04,0.17,0,0,0,0,0,0,0,0,0,1
35569555,,,,,,0,1.15,0.59,0,0,0,0,0,0,0,0,0,1
42158279,,,,,,0,0.05,0.13,0,0,0,0,0,0,0,0,0,2
93332803,3000.0,1200.0,8.0,,,0,0.1,0.2,0,0,0,0,0,0,0,1,0,0
95816395,1900.0,0.0,4.0,,,0,0.07,0.1,0,0,0,0,0,0,0,1,0,0
42021064,1000.0,,,3.0,,3,0.1,0.16,1,0,0,0,0,0,1,0,0,0
57062206,100.0,200.0,4.0,,,0,0.09,0.15,0,0,0,0,0,0,0,1,0,0
42143067,500.0,500.0,2.0,,,0,0.13,0.18,0,0,0,0,0,0,0,1,0,0
25882881,900.0,1200.0,3.0,,,0,1.6,0.0,0,0,0,0,0,0,0,0,1,0
99721536,1900.0,1850.0,6.0,,,0,0.2,0.43,0,0,0,1,0,0,0,0,0,0
30325729,1000.0,400.0,3.0,,,0,0.02,0.2,0,0,0,0,0,0,0,0,1,0
44088353,,,,,,0,0.0,0.0,0,0,0,0,0,0,0,0,0,1
71595845,,,,,,0,0.03,0.07,0,0,0,0,0,0,0,0,0,1
67331360,,,,,,0,0.02,0.15,0,0,0,0,0,0,0,0,0,1
18106132,0.0,0.0,4.0,,,0,0.02,0.09,0,0,0,0,0,0,0,0,1,0
72717433,0.0,0.0,4.0,,,0,0.02,0.1,0,0,0,0,0,0,0,0,1,0
16972957,1600.0,1400.0,5.0,,,0,0.1,0.13,0,0,0,0,0,0,0,0,1,0
84171830,,,,,,0,0.26,0.16,0,0,0,0,0,0,0,0,0,1
32663969,,,,,,0,0.04,0.12,0,0,0,0,0,0,0,0,0,1
40366667,,,,,,0,33.34,4.98,0,0,0,0,0,0,0,0,0,2
97045737,,,,,,0,4.54,14.74,0,0,0,0,0,0,0,0,0,2
6325660,,,,,,0,45.84,74.13,0,0,0,0,0,0,0,0,0,2
42091632,,,,,,0,10.02,15.02,0,0,0,0,0,0,0,0,0,2
65302903,0.0,2000.0,4.0,,,0,0.0,0.0,0,0,0,0,0,0,0,0,0,0
93238626,,,,,,0,0.14,0.2,0,0,0,0,0,0,0,0,0,1
3493978,1100.0,1200.0,3.0,,,0,0.05,0.07,0,0,0,0,0,0,0,1,0,0
76922029,1400.0,1500.0,4.0,,,0,0.44,0.51,0,0,0,0,0,0,0,1,0,0
65938950,,,,,,0,0.05,0.12,0,0,0,0,0,0,0,0,0,1
8728498,1600.0,,,2.0,,2,0.04,0.3,1,0,0,0,0,0,1,0,0,0
94073244,500.0,1000.0,2.0,,,0,0.14,0.65,0,0,0,0,0,0,0,1,0,0
14146794,300.0,0.0,1.0,,,0,0.05,0.15,0,0,0,0,0,0,0,1,0,0
31230289,1200.0,1800.0,5.0,,,0,0.24,0.33,0,0,0,0,0,0,0,1,0,0
67725394,2400.0,1200.0,8.0,,,0,0.41,0.3,0,0,0,0,0,0,0,1,0,0
94113093,,,,,,0,0.09,0.19,0,0,0,0,0,0,0,0,0,2
10389794,0.0,0.0,1.0,,,0,0.14,0.18,0,0,0,0,0,0,0,1,0,0
76039636,2800.0,2600.0,8.0,,,0,0.24,0.27,0,0,0,0,0,0,0,1,0,0
69436288,1400.0,1600.0,4.0,,,0,0.27,0.27,0,0,0,0,0,0,0,1,0,0
94944637,2400.0,2000.0,6.0,,,0,0.21,0.2,0,0,0,0,0,0,0,0,0,0
22804644,1900.0,1500.0,4.0,,,0,0.09,0.16,1,0,1,0,0,0,0,0,0,0
83116692,0.0,0.0,2.0,,,0,0.05,0.14,0,0,0,0,0,0,0,0,0,0
78700060,1900.0,1800.0,4.0,,,0,0.1,0.14,0,0,0,0,0,0,0,1,0,0
58616392,800.0,800.0,3.0,,,0,0.26,0.2,0,0,0,0,0,0,0,1,0,0
6021033,2400.0,1500.0,6.0,,,0,0.38,0.36,1,0,0,0,1,0,0,0,0,0
1764972,2900.0,2000.0,8.0,,,0,0.86,6.95,0,0,0,0,0,0,0,1,0,0
39185163,2800.0,2000.0,8.0,,,0,0.16,0.26,0,0,0,0,0,0,0,1,0,0
64379430,-1.0,-1.0,4.0,,,0,0.17,0.2,0,0,0,0,0,0,0,1,0,0
46173680,,,,,,0,0.0,0.0,0,0,0,0,0,0,0,0,0,4
58369990,1800.0,300.0,4.0,,,0,0.21,0.24,0,0,0,0,0,0,0,1,0,0
49109013,1500.0,400.0,4.0,,,0,0.02,0.09,0,0,0,0,0,0,0,1,0,0
31010081,2400.0,0.0,4.0,,,0,0.35,0.32,1,0,0,0,0,1,0,0,0,0
38007649,,,,,,0,0.04,0.13,0,0,0,0,0,0,0,0,0,1
84054556,,,,,,0,0.08,0.14,0,0,0,0,0,0,0,0,0,1
68831625,,,,,,0,0.11,0.25,0,0,0,0,0,0,0,0,0,1
80320877,,,,,,0,0.09,0.14,0,0,0,0,0,0,0,0,0,2
32442017,,,,,,0,0.32,1.2,0,0,0,0,0,0,0,0,0,1
28877382,1600.0,1200.0,4.0,,,0,2.12,2.4,0,0,0,0,0,0,0,1,0,0
54265980,1400.0,1200.0,4.0,,,0,0.51,0.57,0,0,0,0,0,0,0,1,0,0
95626382,2700.0,1500.0,8.0,,,0,2.43,2.98,1,0,0,0,0,1,0,0,0,0
92472273,2400.0,1500.0,8.0,,,0,6.61,5.03,0,0,0,0,0,0,0,1,0,0
65848113,2400.0,1500.0,5.0,,,0,0.69,0.52,1,0,0,0,0,1,0,0,0,0
53855410,,,,,,0,0.0,0.0,0,0,0,0,0,0,0,0,0,4
66395299,,,,,,0,0.07,0.19,0,0,0,0,0,0,0,0,0,2
53855409,800.0,800.0,2.0,,,0,0.04,0.1,0,0,0,0,0,0,0,1,0,0
11590299,400.0,200.0,3.0,,,0,0.07,0.18,0,0,0,0,0,0,0,1,0,0
67464807,,,,,,0,0.07,0.1,0,0,0,0,0,0,0,0,0,2
84916669,1200.0,1400.0,4.0,,,0,0.0,0.0,0,0,0,0,0,0,0,0,1,0
23965037,,,,,,0,0.17,0.12,0,0,0,0,0,0,0,0,0,1
756652,900.0,500.0,2.0,,,0,0.0,0.0,0,0,0,0,0,0,0,0,1,0
24194033,900.0,800.0,3.0,,,0,1.41,0.0,0,0,0,0,0,0,0,0,1,0
78751195,100.0,800.0,1.0,,,0,0.06,0.18,0,0,0,0,0,0,0,1,0,0
80776622,2700.0,2500.0,8.0,,1.0,0,0.02,0.06,0,1,0,0,0,0,0,1,0,0
55226153,100.0,400.0,1.0,,8.0,0,0.17,0.16,0,1,0,0,0,0,0,1,0,0
82050203,0.0,800.0,3.0,,,0,0.06,0.06,0,0,0,0,0,0,0,1,0,0
18789533,0.0,2100.0,1.0,,,0,0.07,0.11,0,0,0,0,0,0,0,1,0,0
34187685,,,,,,0,0.08,0.16,0,0,0,0,0,0,0,0,0,1
60176682,,,,,,0,0.16,0.27,0,0,0,0,0,0,0,0,0,1
63992027,,,,,,0,0.05,0.12,0,0,0,0,0,0,0,0,0,2
44436472,1700.0,1650.0,4.0,,,0,0.14,0.23,0,0,0,0,0,0,0,1,0,0
75652080,,,,,,0,0.44,0.38,0,0,0,0,0,0,0,0,0,1
1607603,,,,,,0,0.02,0.08,0,0,0,0,0,0,0,0,0,2
44883600,,,,,,0,0.07,0.16,0,0,0,0,0,0,0,0,0,1
93612434,2500.0,1500.0,8.0,,,0,0.22,0.29,0,0,0,0,0,0,0,1,0,0
13166648,,,,,,0,0.03,0.07,0,0,0,0,0,0,0,0,0,2
28355719,,,,,,0,0.38,0.0,0,0,0,0,0,0,0,0,0,4
35479109,,,,,,0,0.06,0.02,0,0,0,0,0,0,0,0,0,2
38179121,,,,,,0,0.02,0.15,0,0,0,0,0,0,0,0,0,1
300103005,,,,,,0,0.0,0.0,0,0,0,0,0,0,0,0,0,3
81881839,,,,,,0,0.13,0.19,0,0,0,0,0,0,0,0,0,1
64319467,1000.0,1200.0,4.0,,,0,0.07,0.14,0,0,0,0,0,0,0,1,0,0
10218411,,,,,,0,0.23,0.25,0,0,0,0,0,0,0,0,0,1
146746,1500.0,,,2.0,,2,4.64,3.81,1,0,0,0,0,0,1,0,0,0
73239437,,,,,,0,0.26,0.27,0,0,0,0,0,0,0,0,0,1
6214163,,,,,,0,0.05,0.09,0,0,0,0,0,0,0,0,0,2
38129297,,,,,,0,0.12,0.12,0,0,0,0,0,0,0,0,0,1
49684352,1500.0,1000.0,4.0,,8.0,0,0.85,1.72,0,1,0,0,0,0,0,1,0,0
72621670,,,,,,0,0.04,0.19,0,0,0,0,0,0,0,0,0,2
94770493,,,,,,0,0.05,0.2,0,0,0,0,0,0,0,0,0,1
5914184,,,,,,0,0.09,0.1,0,0,0,0,0,0,0,0,0,2
60832978,0.0,0.0,1.0,,,0,0.15,0.25,0,0,0,0,0,0,0,0,0,0
17643265,1200.0,1600.0,4.0,,,0,0.09,0.16,0,0,0,0,0,0,0,1,0,0
3682106,,,,,,0,0.12,0.09,0,0,0,0,0,0,0,0,0,1
24096228,,,,,,0,0.09,0.23,0,0,0,0,0,0,0,0,0,1
43422537,,,,,,0,0.13,0.24,0,0,0,0,0,0,0,0,0,1
67223587,,,,,,0,0.1,0.14,0,0,0,0,0,0,0,0,0,2
63730624,,,,,,0,0.13,0.55,0,0,0,0,0,0,0,0,0,1
51976476,,,,,,0,0.22,0.21,0,0,0,0,0,0,0,0,0,2
67724434,,,,,,0,0.06,0.21,0,0,0,0,0,0,0,0,0,1
41927278,,,,,,0,0.04,0.17,0,0,0,0,0,0,0,0,0,1
21007444,,,,,,0,0.06,0.19,0,0,0,0,0,0,0,0,0,2
55349196,1600.0,1200.0,6.0,,,0,0.05,0.21,0,0,0,0,0,0,0,1,0,0
23971061,1500.0,,0.0,2.0,,2,0.07,0.1,1,0,0,0,0,0,1,0,0,0
76382116,1500.0,2500.0,9.0,,,0,0.23,0.47,0,0,0,0,0,0,0,1,0,0
96540,,,,,,0,0.18,0.21,0,0,0,0,0,0,0,0,0,1
72167543,2100.0,200.0,4.0,,,0,0.1,0.22,1,0,0,0,0,1,0,0,0,0
72490637,,,,,,0,0.04,0.12,0,0,0,0,0,0,0,0,0,1
88413677,400.0,1600.0,4.0,,,0,0.13,0.18,0,0,0,0,0,0,0,1,0,0
40702028,2000.0,2800.0,8.0,,,0,0.06,0.07,1,0,0,0,1,0,0,0,0,0
27995943,300.0,300.0,3.0,,,0,0.04,0.06,0,0,0,0,0,0,0,1,0,0
66092596,,,,,,0,0.47,0.51,0,0,0,0,0,0,0,0,0,1
5041348,3000.0,0.0,8.0,,,0,0.15,0.28,1,0,0,0,1,0,0,0,0,0
14733538,,,,,,0,0.07,0.18,0,0,0,0,0,0,0,0,0,1
23935886,2600.0,,,3.0,,3,0.33,0.4,1,0,0,0,0,0,1,0,0,0
9070454,,,,,,0,0.19,0.37,0,0,0,0,0,0,0,0,0,2
38745520,,,,,,0,0.04,0.21,0,0,0,0,0,0,0,0,0,1
16960351,,,,,,0,0.06,0.13,0,0,0,0,0,0,0,0,0,1
90887783,,,,,,0,2.81,3.6,0,0,0,0,0,0,0,0,0,1
62706865,1400.0,1200.0,3.0,,,0,0.22,0.31,0,0,0,0,0,0,0,1,0,0
42596828,500.0,2000.0,4.0,,,0,0.03,0.06,0,0,0,0,0,0,0,1,0,0
33760966,3000.0,2500.0,8.0,,,0,0.42,0.3,1,0,1,0,0,0,0,0,0,0
1498449,1300.0,2500.0,5.0,,,0,0.18,0.2,0,0,0,0,0,0,0,1,0,0
5431722,,,,,,0,0.09,0.15,0,0,0,0,0,0,0,0,0,2
79755671,2800.0,2300.0,7.0,,,0,0.06,0.19,1,0,1,0,0,0,0,0,0,0
69932023,,,,,,0,0.08,0.12,0,0,0,0,0,0,0,0,0,2
75003700,1800.0,700.0,4.0,,,0,0.25,0.26,0,0,0,0,0,0,0,1,0,0
7375867,1100.0,1500.0,3.0,,,0,2.32,5.0,0,0,0,0,0,0,0,1,0,0
44482554,2700.0,1700.0,7.0,,,0,0.07,0.26,0,0,0,0,0,0,0,1,0,0
84477320,800.0,1500.0,2.0,,,0,5.87,10.13,0,0,0,0,0,0,0,1,0,0
42125140,2400.0,1500.0,6.0,,,0,0.55,0.94,1,0,1,0,0,0,0,0,0,0
80208225,,,,,,0,0.11,0.11,0,0,0,0,0,0,0,0,0,2
70871153,2400.0,1000.0,6.0,,,0,0.1,0.19,0,0,0,0,0,0,0,1,0,0
65737274,1300.0,1900.0,4.0,,,0,0.79,0.42,0,0,0,0,0,0,0,1,0,0
16435215,,,,,,0,0.02,0.2,0,0,0,0,0,0,0,0,0,1
45593826,1100.0,900.0,3.0,,,0,0.37,0.25,0,0,0,0,0,0,0,1,0,0
21435914,4000.0,2000.0,10.0,,,0,1.54,0.88,1,0,0,0,1,0,0,0,0,0
65472618,1500.0,1500.0,4.0,,2.0,0,0.06,0.11,0,1,0,0,0,0,0,1,0,0
48705086,0.0,0.0,8.0,,,0,0.25,0.2,0,0,0,0,0,0,0,1,0,0
76218313,400.0,300.0,1.0,,,0,0.16,0.23,0,0,0,0,0,0,0,0,0,0
300202003,,,,,,0,0.17,0.39,0,0,0,0,0,0,0,0,0,3
50045299,,,,,,0,0.11,0.32,0,0,0,0,0,0,0,0,0,2
38955728,2300.0,3000.0,8.0,,,0,0.29,0.58,0,0,0,0,0,0,0,0,1,0
76066541,1500.0,1500.0,4.0,,,0,0.05,0.1,0,0,0,0,0,0,0,1,0,0
300302064,,,,,,0,0.0,0.18,0,0,0,0,0,0,0,0,0,3
9567495,1100.0,2800.0,6.0,,,0,0.52,0.99,1,0,0,0,0,1,0,0,0,0
21970285,2300.0,1000.0,6.0,,3.0,0,0.23,0.56,0,1,0,0,0,0,0,0,1,0
64262809,1800.0,2200.0,5.0,,,0,0.19,0.25,0,0,0,0,0,0,0,1,0,0
14017402,3200.0,2000.0,10.0,,,0,0.4,0.25,1,0,1,0,0,0,0,0,0,0
87835759,1800.0,600.0,4.0,,,0,0.07,0.24,0,0,0,0,0,0,0,1,0,0
29228350,,,,,,0,0.12,0.1,0,0,0,0,0,0,0,0,0,1
69868556,,,,,,0,0.27,0.54,0,0,0,0,0,0,0,0,0,4
63018132,700.0,800.0,3.0,,,0,0.19,0.16,0,0,0,0,0,0,0,1,0,0
62873545,5000.0,5000.0,12.0,,,0,1.35,1.54,1,0,1,0,0,0,0,0,0,0
58931850,5000.0,5000.0,12.0,,,0,80.15,74.22,1,0,0,0,0,1,0,0,0,0
12381100,5000.0,4000.0,12.0,,,0,8.73,62.36,1,0,1,0,0,0,0,0,0,0
99659159,,,,,,0,0.4,0.57,0,0,0,0,0,0,0,0,0,1
76076738,,,,,,0,0.18,0.31,0,0,0,0,0,0,0,0,0,1
96823189,2500.0,2500.0,8.0,,,0,75.48,38.44,0,0,0,0,0,0,0,1,0,0
55763552,200.0,1800.0,3.0,,,0,0.07,0.22,0,0,0,0,0,0,0,1,0,0
80513550,1900.0,2600.0,6.0,,,0,7.56,9.05,0,0,0,0,0,0,0,1,0,0
62265044,,,,,,0,0.13,0.26,0,0,0,0,0,0,0,0,0,1
71867500,,,,,,0,0.19,0.21,0,0,0,0,0,0,0,0,0,1
28563545,2000.0,2100.0,6.0,,,0,0.23,0.51,0,0,0,0,0,0,0,1,0,0
63300440,,,,,,0,0.12,0.11,0,0,0,0,0,0,0,0,0,1
41620959,,,,,,0,0.14,0.21,0,0,0,0,0,0,0,0,0,1
45467446,2500.0,2000.0,8.0,,,0,0.07,0.12,0,0,0,0,0,0,0,1,0,0
9197735,1100.0,900.0,3.0,,,0,0.0,0.0,0,0,0,0,0,0,0,0,1,0
1435851,,,,,,0,0.02,0.19,0,0,0,0,0,0,0,0,0,1
66672569,1600.0,0.0,3.0,,,0,0.12,0.47,0,0,0,0,0,0,0,0,1,0
16278116,,,,,,0,0.21,0.32,0,0,0,0,0,0,0,0,0,2
95697223,,,,,,0,0.34,0.24,0,0,0,0,0,0,0,0,0,1
55991637,,,,,,0,0.02,0.09,0,0,0,0,0,0,0,0,0,1
63295720,,,,,,0,0.08,0.15,0,0,0,0,0,0,0,0,0,1
85442146,,,,,,0,0.1,0.16,0,0,0,0,0,0,0,0,0,2
71490127,,,,,,0,0.13,0.34,0,0,0,0,0,0,0,0,0,1
54178050,,,,,,0,0.11,0.13,0,0,0,0,0,0,0,0,0,2
20638610,,,,,,0,0.03,0.1,0,0,0,0,0,0,0,0,0,2
84462118,1000.0,1000.0,4.0,,,0,0.68,0.47,0,0,0,0,0,0,0,0,0,0
45667991,2400.0,1000.0,7.0,,2.0,0,0.23,0.36,0,1,0,0,0,0,0,1,0,0
5325424,,,,,,0,0.41,0.31,0,0,0,0,0,0,0,0,0,2
8198620,3000.0,0.0,8.0,,,0,0.16,0.44,1,0,1,0,0,0,0,0,0,0
70681994,1200.0,900.0,3.0,,,0,0.33,0.75,1,0,1,0,0,0,0,0,0,0
83980492,500.0,2100.0,4.0,,7.0,0,0.2,0.1,0,1,0,0,0,0,0,0,1,0
32437102,,,,,,0,0.03,0.15,0,0,0,0,0,0,0,0,0,1
13035077,,,,,,0,0.22,0.27,0,0,0,0,0,0,0,0,0,1
78009994,1500.0,1800.0,4.0,,,0,0.65,0.34,0,0,0,0,0,0,0,1,0,0
38109772,2800.0,2300.0,7.0,,,0,0.59,0.51,0,0,0,0,0,0,0,1,0,0
71817640,,,,,,0,0.03,0.09,0,0,0,0,0,0,0,0,0,1
72549351,,,,,,0,0.03,0.07,0,0,0,0,0,0,0,0,0,1
3837261,1500.0,1000.0,4.0,,,0,0.15,0.25,0,0,0,0,0,0,0,1,0,0
75083197,2700.0,1300.0,6.0,,,0,0.06,0.16,1,0,0,0,0,1,0,0,0,0
12163590,2800.0,1800.0,9.0,,,0,1.38,2.66,0,0,0,0,0,0,0,1,0,0
40110009,,,,,,0,0.24,0.36,0,0,0,0,0,0,0,0,0,1
77515704,,,,,,0,0.11,0.39,0,0,0,0,0,0,0,0,0,2
76782778,2600.0,1600.0,7.0,,,0,0.33,0.57,0,0,0,0,0,0,0,1,0,0
78231355,,,,,,0,0.16,0.2,0,0,0,0,0,0,0,0,0,1
15848542,2700.0,1700.0,8.0,,,0,0.09,0.13,0,0,0,0,0,0,0,1,0,0
49575521,2600.0,1600.0,7.0,,,0,0.23,0.37,0,0,0,0,0,0,0,1,0,0
15754711,,,,,,0,0.06,0.4,0,0,0,0,0,0,0,0,0,1
24799107,3500.0,2000.0,10.0,,,0,0.62,0.82,1,0,1,0,0,0,0,0,0,0
57416183,,,,,,0,0.06,0.11,0,0,0,0,0,0,0,0,0,2
42055234,2700.0,1700.0,8.0,,,0,0.36,0.7,0,0,0,0,0,0,0,1,0,0
14625090,,,,,,0,0.27,0.56,0,0,0,0,0,0,0,0,0,1
28053763,,,,,,0,0.05,0.11,0,0,0,0,0,0,0,0,0,1
28053764,,,,,,0,0.0,0.0,0,0,0,0,0,0,0,0,0,4
92870717,1500.0,1500.0,4.0,,7.0,0,0.14,0.14,0,1,0,0,0,0,0,1,0,0
51531505,900.0,2700.0,7.0,,8.0,0,0.69,0.41,0,1,0,0,0,0,0,0,1,0
15146890,1800.0,900.0,4.0,,1.0,0,0.39,0.23,0,1,0,0,0,0,0,0,1,0
9069157,2900.0,1000.0,8.0,,,0,0.27,0.3,0,0,0,0,0,0,0,1,0,0
73779005,1800.0,200.0,4.0,,2.0,0,0.07,0.12,0,1,0,0,0,0,0,0,1,0
34898052,,,,,,0,0.23,0.23,0,0,0,0,0,0,0,0,0,1
36870345,1000.0,800.0,2.0,,,0,0.14,0.37,0,0,0,0,0,0,0,0,0,0
88361177,2100.0,1000.0,5.0,,,0,0.08,0.19,0,0,0,0,0,0,0,1,0,0
53184342,2900.0,2200.0,10.0,,,0,1.09,0.88,0,0,0,0,0,0,0,1,0,0
63487632,2600.0,1200.0,8.0,,,0,0.07,0.51,0,0,0,0,0,0,0,1,0,0
876330,2100.0,1500.0,6.0,,,0,1.66,0.74,0,0,0,0,0,0,0,1,0,0
54455664,600.0,400.0,1.0,,,0,0.12,0.17,0,0,0,0,0,0,0,0,0,0
99594764,800.0,700.0,1.0,,,0,0.22,0.22,0,0,0,0,0,0,0,0,0,0
29253591,1000.0,200.0,2.0,,,0,0.19,0.23,0,0,0,0,0,0,0,0,0,0
13361027,1000.0,1000.0,3.0,,,0,0.08,0.06,0,0,0,0,0,0,0,0,0,0
60004971,,,,,,0,0.06,0.15,0,0,0,0,0,0,0,0,0,1
7917970,,,,,,0,0.14,0.18,0,0,0,0,0,0,0,0,0,1
52962804,,,,,,0,0.28,0.31,0,0,0,0,0,0,0,0,0,1
28183605,1500.0,1000.0,4.0,,,0,0.14,0.14,0,0,0,0,0,0,0,1,0,0
8039562,1300.0,1200.0,2.0,,,0,0.08,0.19,0,0,0,0,0,0,0,0,0,0
25845518,,,,,,0,0.1,0.2,0,0,0,0,0,0,0,0,0,1
69975751,600.0,1600.0,3.0,,,0,0.51,0.38,0,0,0,0,0,0,0,0,0,0
80549379,1200.0,800.0,2.0,,,0,0.08,0.13,0,0,0,0,0,0,0,0,0,0
88234821,3300.0,3200.0,10.0,,,0,1.39,5.4,1,0,0,0,1,0,0,0,0,0
34528176,2900.0,2500.0,8.0,,,0,0.47,0.3,1,0,0,0,1,0,0,0,0,0
48891960,3300.0,3200.0,10.0,,,0,0.11,0.26,1,0,0,0,1,0,0,0,0,0
25682811,2000.0,1200.0,8.0,,,0,0.77,0.27,1,0,0,0,1,0,0,0,0,0
900787,2000.0,1100.0,6.0,,,0,0.2,0.17,1,0,0,0,1,0,0,0,0,0
34116027,2400.0,800.0,6.0,,,0,0.46,0.3,1,0,0,0,1,0,0,0,0,0
36556781,2600.0,2300.0,7.0,,,0,0.08,0.05,1,0,0,0,1,0,0,0,0,0
12496261,1200.0,1900.0,6.0,,,0,1.29,3.72,1,0,0,0,1,0,0,0,0,0
11969228,1200.0,,,2.0,,2,0.12,0.24,1,0,0,0,0,0,1,0,0,0
80159717,2400.0,1700.0,7.0,,,0,0.2,0.37,1,0,0,0,1,0,0,0,0,0
21249921,1900.0,1200.0,6.0,,,0,0.53,0.54,1,0,0,0,1,0,0,0,0,0
89172051,1800.0,1200.0,4.0,,,0,0.14,0.2,0,0,0,0,0,0,0,1,0,0
28927782,,,,,,0,0.07,0.2,0,0,0,0,0,0,0,0,0,2
54578613,1200.0,800.0,3.0,,,0,0.13,0.16,0,0,0,0,0,0,0,1,0,0
70522875,2400.0,,,4.0,,4,3.26,3.1,1,0,0,0,0,0,1,0,0,0
81661951,1700.0,1200.0,4.0,,,0,0.14,0.14,0,0,0,0,0,0,0,1,0,0
51849216,,,,,,0,0.25,0.31,0,0,0,0,0,0,0,0,0,2
25988873,1200.0,800.0,2.0,,,0,0.06,0.14,0,0,0,0,0,0,0,0,0,0
59755122,500.0,1100.0,2.0,,,0,0.03,0.09,0,0,0,0,0,0,0,0,0,0
52977572,1400.0,1000.0,3.0,,,0,0.08,0.2,0,0,0,0,0,0,0,0,0,0
18060565,2200.0,1600.0,5.0,,,0,0.07,0.11,0,0,0,0,0,0,0,1,0,0
71645463,1200.0,1200.0,4.0,,,0,0.32,0.3,0,0,0,0,0,0,0,1,0,0
26577155,800.0,800.0,2.0,,,0,0.12,0.27,0,0,0,0,0,0,0,0,0,0
92868896,1800.0,600.0,4.0,,,0,0.07,0.09,0,0,0,0,0,0,0,1,0,0
81962318,500.0,300.0,1.0,,,0,0.07,0.08,0,0,0,0,0,0,0,1,0,0
89450409,,,,,,0,0.32,1.48,0,0,0,0,0,0,0,0,0,1
43250041,,,,,,0,0.08,0.26,0,0,0,0,0,0,0,0,0,2
81096431,1400.0,1050.0,4.0,,,0,0.19,0.16,0,0,0,0,0,0,0,1,0,0
11212437,2300.0,2500.0,7.0,,,0,0.06,0.07,0,0,0,0,0,0,0,0,1,0
80193355,,,,,,0,0.02,0.21,0,0,0,0,0,0,0,0,0,2
26700718,,,,,,0,0.07,0.11,0,0,0,0,0,0,0,0,0,1
99456344,3000.0,1500.0,8.0,,,0,0.24,0.24,0,0,0,0,0,0,0,1,0,0
70366448,,,,,,0,0.57,0.28,0,0,0,0,0,0,0,0,0,1
4440873,,,,,,0,0.22,0.41,0,0,0,0,0,0,0,0,0,2
26557451,,,,,,0,0.03,0.08,0,0,0,0,0,0,0,0,0,2
41367003,,,,,,0,0.13,0.12,0,0,0,0,0,0,0,0,0,1
856784,,,,,,0,0.08,0.11,0,0,0,0,0,0,0,0,0,1
51925772,1100.0,400.0,2.0,,,0,0.35,0.35,0,0,0,0,0,0,0,0,0,0
66973070,2300.0,1600.0,8.0,,,0,0.2,0.22,0,0,0,0,0,0,0,1,0,0
5068132,300.0,1300.0,3.0,,,0,0.1,0.24,0,0,0,0,0,0,0,1,0,0
13215230,1200.0,900.0,3.0,,,0,0.08,0.15,0,0,0,0,0,0,0,1,0,0
37444964,,,,,,0,0.06,0.17,0,0,0,0,0,0,0,0,0,2
25964547,,,,,,0,0.09,0.14,0,0,0,0,0,0,0,0,0,2
98570539,,,,,,0,0.04,0.16,0,0,0,0,0,0,0,0,0,1
74665651,,,,,,0,0.15,0.15,0,0,0,0,0,0,0,0,0,1
1050355,,,,,,0,0.09,0.13,0,0,0,0,0,0,0,0,0,1
61459246,,,,,,0,0.16,0.23,0,0,0,0,0,0,0,0,0,2
62171834,,,,,,0,0.14,0.18,0,0,0,0,0,0,0,0,0,1
81038234,,,,,,0,0.07,0.13,0,0,0,0,0,0,0,0,0,2
6180710,0.0,2600.0,5.0,,,0,0.08,0.29,0,0,0,0,0,0,0,1,0,0
18458255,,,,,,0,0.05,0.2,0,0,0,0,0,0,0,0,0,1
70155677,0.0,1500.0,1.0,,8.0,0,1.16,0.29,0,1,0,0,0,0,0,1,0,0
16893370,1500.0,3000.0,10.0,,,0,0.28,0.25,0,0,0,0,0,0,0,1,0,0
26920296,,,,,,0,0.16,0.28,0,0,0,0,0,0,0,0,0,1
8687195,300.0,200.0,2.0,,,0,0.05,0.25,0,0,0,0,0,0,0,1,0,0
94982447,2100.0,2800.0,6.0,,,0,0.99,0.75,0,0,0,0,0,0,0,1,0,0
98248208,2100.0,3100.0,10.0,,,0,0.03,0.1,0,0,0,0,0,0,0,1,0,0
28265983,,,,,,0,0.26,0.41,0,0,0,0,0,0,0,0,0,2
46221535,1100.0,400.0,3.0,,,0,0.12,0.19,0,0,0,0,0,0,0,1,0,0
24137081,300.0,0.0,3.0,,,0,0.05,0.16,0,0,0,0,0,0,0,1,0,0
88733579,1100.0,200.0,2.0,,,0,0.06,0.11,0,0,0,0,0,0,0,1,0,0
39317553,2500.0,2100.0,5.0,,,0,0.04,0.14,1,0,0,0,0,1,0,0,0,0
56286179,800.0,300.0,3.0,,,0,0.12,0.16,0,0,0,0,0,0,0,0,0,0
3429238,2400.0,2000.0,6.0,,,0,0.63,0.73,1,0,0,0,1,0,0,0,0,0
99050989,1600.0,1100.0,4.0,,,0,0.06,0.27,0,0,0,0,0,0,0,1,0,0
71218746,1600.0,1600.0,4.0,,,0,0.02,0.1,0,0,0,0,0,0,0,1,0,0
93353691,2400.0,2100.0,7.0,,,0,0.49,0.51,1,0,0,0,1,0,0,0,0,0
473469,,,,,,0,0.02,0.08,0,0,0,0,0,0,0,0,0,2
94145021,0.0,0.0,1.0,,,0,0.35,0.31,0,0,0,0,0,0,0,1,0,0
97973387,600.0,500.0,2.0,,,0,59.15,29.95,0,0,0,0,0,0,0,0,1,0
16353197,900.0,800.0,3.0,,,0,0.02,0.09,0,0,0,0,0,0,0,0,1,0
55773067,,,,,,0,0.39,0.7,0,0,0,0,0,0,0,0,0,2
47475363,,,,,,0,0.21,0.18,0,0,0,0,0,0,0,0,0,2
97148796,2000.0,0.0,1.0,,,0,0.82,0.43,0,0,0,0,0,0,0,1,0,0
57970721,,,,,,0,0.09,0.15,0,0,0,0,0,0,0,0,0,1
33543890,2000.0,0.0,1.0,,,0,0.08,0.13,0,0,0,0,0,0,0,1,0,0
22420202,2000.0,0.0,1.0,,,0,0.06,0.11,0,0,0,0,0,0,0,1,0,0
21576077,,,,,,0,0.06,0.16,0,0,0,0,0,0,0,0,0,1
58793369,,,,,,0,0.24,0.29,0,0,0,0,0,0,0,0,0,1
60037599,2000.0,0.0,1.0,,,0,0.1,0.22,0,0,0,0,0,0,0,1,0,0
56863746,5000.0,5000.0,12.0,,,0,0.11,0.18,0,0,0,1,0,0,0,1,0,0
69815951,4000.0,4000.0,12.0,,,0,5.0,7.23,0,0,0,1,0,0,0,1,0,0
95209656,4000.0,4000.0,12.0,,,0,0.24,0.23,0,0,0,1,0,0,0,1,0,0
84965420,,,,,,0,0.14,0.23,0,0,0,0,0,0,0,0,0,2
1174075,2000.0,0.0,1.0,,,0,0.26,0.23,1,0,0,0,0,1,0,0,0,0
94187078,,,,,,0,0.1,0.11,0,0,0,0,0,0,0,0,0,1
22435424,2000.0,0.0,1.0,,,0,0.12,0.13,0,0,0,0,0,0,0,1,0,0
96026108,2000.0,0.0,1.0,,,0,0.07,0.21,0,0,0,0,0,0,0,1,0,0
7445307,2800.0,1000.0,8.0,,,0,0.07,0.11,0,0,0,0,0,0,0,1,0,0
33026283,3000.0,1700.0,8.0,,,0,0.42,0.27,1,0,1,0,0,0,0,0,0,0
284224,2000.0,3000.0,7.0,,,0,0.3,0.25,1,0,1,0,0,0,0,0,0,0
28798938,0.0,0.0,4.0,,,0,0.08,0.09,1,0,1,0,0,0,0,0,0,0
44644529,,,,,,0,0.06,0.11,0,0,0,0,0,0,0,0,0,2
75157704,,,,,,0,0.06,0.09,0,0,0,0,0,0,0,0,0,2
49158617,,,,,,0,0.09,0.09,0,0,0,0,0,0,0,0,0,1
7631534,1700.0,2100.0,5.0,,,0,0.15,0.16,1,0,1,0,0,0,0,0,0,0
11759079,800.0,2000.0,3.0,,,0,0.18,0.16,0,0,0,0,0,0,0,1,0,0
60237530,2100.0,1500.0,6.0,,,0,0.16,0.21,1,0,1,0,0,0,0,0,0,0
85360035,1800.0,1000.0,4.0,,,0,0.19,0.2,0,0,0,0,0,0,0,1,0,0
87669904,,,,,,0,0.89,0.47,0,0,0,0,0,0,0,0,0,1
49752795,,,,,,0,0.03,0.13,0,0,0,0,0,0,0,0,0,2
39973386,,,,,,0,3.23,3.23,0,0,0,0,0,0,0,0,0,1
11335209,0.0,0.0,8.0,,,0,0.5,0.33,0,0,0,0,0,0,0,1,0,0
43803845,0.0,0.0,1.0,,,0,0.06,0.06,0,0,0,0,0,0,0,0,0,0
54813225,1300.0,1400.0,3.0,,,0,0.18,0.06,0,0,0,0,0,0,0,1,0,0
14506878,500.0,500.0,3.0,,,0,0.06,0.09,0,0,0,0,0,0,0,1,0,0
5833312,,,,,,0,0.45,0.33,0,0,0,0,0,0,0,0,0,1
91002901,,,,,,0,0.09,0.22,0,0,0,0,0,0,0,0,0,1
60025883,0.0,,,4.0,,4,0.02,0.31,1,0,0,0,0,0,1,0,0,0
43940008,,,,,,0,0.22,0.23,0,0,0,0,0,0,0,0,0,1
37469904,,,,,,0,0.04,0.11,0,0,0,0,0,0,0,0,0,1
97474300,,,,,,0,0.1,0.15,0,0,0,0,0,0,0,0,0,1
37880706,1400.0,,0.0,2.0,,2,0.2,0.25,1,0,0,0,0,0,1,0,0,0
19162134,,,,,,0,0.13,0.17,0,0,0,0,0,0,0,0,0,1
85154941,0.0,2000.0,4.0,,,0,0.05,0.14,0,0,0,0,0,0,0,1,0,0
12766474,500.0,2000.0,4.0,,,0,0.04,0.06,0,0,0,0,0,0,0,1,0,0
13532663,800.0,800.0,2.0,,,0,0.14,0.11,0,0,0,0,0,0,0,1,0,0
12493482,1800.0,1050.0,4.0,,,0,0.38,1.21,0,0,0,0,0,0,0,0,1,0
51228280,1800.0,1500.0,5.0,,,0,3.73,1.54,0,0,0,0,0,0,0,0,1,0
65952776,,,,,,0,0.02,0.06,0,0,0,0,0,0,0,0,0,1
43017476,2000.0,1400.0,5.0,,,0,0.62,1.01,0,0,0,0,0,0,0,1,0,0
46239604,100.0,2000.0,2.0,,,0,0.62,0.57,0,0,0,0,0,0,0,1,0,0
76821171,2500.0,,,1.0,,1,0.1,0.22,1,0,0,0,0,0,1,0,0,0
31476755,,,,,,0,0.09,0.13,0,0,0,0,0,0,0,0,0,1
35195612,1400.0,1200.0,4.0,,,0,0.16,0.11,0,0,0,0,0,0,0,1,0,0
8414337,,,,,,0,0.14,0.25,0,0,0,0,0,0,0,0,0,2
60082869,,,,,,0,0.1,0.29,0,0,0,0,0,0,0,0,0,2
38049934,,,,,,0,0.22,0.3,0,0,0,0,0,0,0,0,0,2
25700114,,,,,,0,0.16,0.17,0,0,0,0,0,0,0,0,0,2
20137754,1600.0,1600.0,4.0,,,0,0.51,0.4,0,0,0,0,0,0,0,1,0,0
13455953,100.0,1000.0,1.0,,,0,0.06,0.11,0,0,0,0,0,0,0,1,0,0
67310848,1700.0,1200.0,4.0,,,0,0.06,0.1,0,0,0,0,0,0,0,1,0,0
46508640,1500.0,700.0,3.0,,,0,0.08,0.1,0,0,0,0,0,0,0,1,0,0
46984349,,,,,,0,0.03,0.05,0,0,0,0,0,0,0,0,0,2
24721709,,,,,,0,0.19,0.27,0,0,0,0,0,0,0,0,0,1
39396763,0.0,2100.0,4.0,,,0,0.05,0.12,0,0,0,0,0,0,0,1,0,0
73898890,2200.0,,,2.0,,2,0.05,0.1,1,0,0,0,0,0,1,0,0,0
75780818,-1.0,2100.0,7.0,,,0,0.09,0.12,1,0,1,0,0,0,0,0,0,0
25123713,2500.0,1400.0,6.0,,,0,0.18,0.24,0,0,0,0,0,0,0,1,0,0
7409792,1600.0,600.0,4.0,,,0,0.86,0.6,0,0,0,0,0,0,0,1,0,0
52085072,5000.0,5000.0,12.0,,,0,0.65,0.34,0,0,0,0,0,0,0,1,0,0
6330307,0.0,0.0,1.0,,,0,0.09,0.27,0,0,0,0,0,0,0,1,0,0
213326,,,,,,0,0.38,0.47,0,0,0,0,0,0,0,0,0,1
49139666,2100.0,500.0,5.0,,,0,0.03,0.12,0,0,0,0,0,0,0,1,0,0
17427333,,,,,,0,0.02,0.08,0,0,0,0,0,0,0,0,0,2
53693416,1300.0,1200.0,3.0,,,0,0.06,0.13,0,0,0,0,0,0,0,1,0,0
7500772,1000.0,1800.0,5.0,,,0,0.08,0.27,0,0,0,0,0,0,0,1,0,0
9416697,2100.0,0.0,6.0,,,0,0.1,0.06,0,0,0,0,0,0,0,1,0,0
58995660,,,,,,0,0.0,0.0,0,0,0,0,0,0,0,0,0,1
22812068,1600.0,1200.0,5.0,,,0,0.07,0.23,0,0,0,0,0,0,0,1,0,0
59820352,,,,,,0,0.04,0.08,0,0,0,0,0,0,0,0,0,1
53461122,100.0,2000.0,4.0,,,0,0.09,0.16,0,0,0,0,0,0,0,1,0,0
62111090,2300.0,2000.0,7.0,,,0,0.91,0.86,1,0,1,0,0,0,0,0,0,0
99599062,,,,,,0,0.12,0.09,0,0,0,0,0,0,0,0,0,1
44710391,,,,,,0,0.07,0.12,0,0,0,0,0,0,0,0,0,1
45836982,2900.0,2900.0,8.0,,,0,0.1,0.08,0,0,0,0,0,0,0,1,0,0
10875327,2500.0,2500.0,10.0,,,0,0.15,0.15,0,0,0,0,0,0,0,1,0,0
46263076,3000.0,2500.0,10.0,,,0,0.14,0.11,0,0,0,0,0,0,0,1,0,0
79798060,2800.0,1800.0,10.0,,,0,0.21,0.15,0,0,0,0,0,0,0,1,0,0
69931927,2900.0,2400.0,10.0,,,0,0.12,0.14,0,0,0,0,0,0,0,1,0,0
33537328,2800.0,2400.0,10.0,,,0,0.15,0.13,0,0,0,0,0,0,0,1,0,0
5267507,3500.0,3000.0,12.0,,,0,0.43,0.33,0,0,0,0,0,0,0,1,0,0
64187086,,,,,,0,0.11,0.08,0,0,0,0,0,0,0,0,0,1
15187079,3000.0,3000.0,10.0,,,0,0.2,0.2,0,0,0,0,0,0,0,1,0,0
41181774,100.0,100.0,10.0,,,0,0.07,0.13,0,0,0,0,0,0,0,1,0,0
67987302,1200.0,1900.0,4.0,,,0,0.12,0.09,0,0,0,0,0,0,0,1,0,0
71089030,,,,,,0,0.16,0.31,0,0,0,0,0,0,0,0,0,1
46939151,300.0,300.0,1.0,,,0,0.13,0.2,0,0,0,0,0,0,0,0,0,0
19322865,800.0,1100.0,3.0,,,0,0.08,0.21,0,0,0,0,0,0,0,0,0,0
72323266,1600.0,1600.0,5.0,,,0,0.16,0.2,0,0,0,0,0,0,0,1,0,0
84262395,,,,,,0,0.13,0.21,0,0,0,0,0,0,0,0,0,2
95207988,,,,,,0,0.17,0.18,0,0,0,0,0,0,0,0,0,2
71101678,3000.0,1800.0,10.0,,,0,0.16,0.26,1,0,1,0,0,0,0,0,0,0
8690387,2000.0,1000.0,6.0,,,0,0.1,0.29,1,0,0,0,1,0,0,0,0,0
33202303,2000.0,1000.0,6.0,,,0,0.08,0.14,1,0,1,0,0,0,0,0,0,0
44094981,2500.0,1500.0,8.0,,,0,0.28,0.27,1,0,0,0,1,0,0,0,0,0
45716579,2800.0,1200.0,8.0,,,0,0.08,0.2,1,0,1,0,0,0,0,0,0,0
67105242,500.0,2000.0,4.0,,,0,0.25,0.46,0,0,0,0,0,0,0,0,1,0
29934351,,,,,,0,0.1,0.1,0,0,0,0,0,0,0,0,0,2
96907086,,,,,,0,0.22,0.16,0,0,0,0,0,0,0,0,0,1
82828051,,,,,,0,0.06,0.11,0,0,0,0,0,0,0,0,0,1
61864793,1600.0,2100.0,5.0,,,0,0.1,0.15,0,0,0,0,0,0,0,1,0,0
60866277,,,,,,0,0.02,0.11,0,0,0,0,0,0,0,0,0,2
54407825,,,,,,0,0.66,0.36,0,0,0,0,0,0,0,0,0,1
63845230,-1.0,-1.0,1.0,,,0,0.23,0.12,0,0,0,0,0,0,0,1,0,0
42578427,,,,,,0,0.04,0.11,0,0,0,0,0,0,0,0,0,2
94384774,,,,,,0,0.04,0.11,0,0,0,0,0,0,0,0,0,2
88341502,,,,,,0,0.11,0.11,0,0,0,0,0,0,0,0,0,2
85551711,2300.0,2800.0,7.0,,,0,0.27,0.17,1,0,0,0,0,1,0,0,0,0
96471335,2500.0,2100.0,7.0,,,0,0.72,0.43,1,0,0,0,0,1,0,0,0,0
46128076,1200.0,0.0,2.0,,,0,0.02,0.23,0,0,0,0,0,0,0,1,0,0
96029570,,,,,,0,0.47,1.01,0,0,0,0,0,0,0,0,0,1
16825874,800.0,200.0,3.0,,,0,0.39,4.01,0,0,0,0,0,0,0,0,0,0
78397661,2500.0,2500.0,8.0,,,0,40.59,61.12,1,0,0,0,1,0,0,0,0,0
38798785,,,,,,0,0.23,0.05,0,0,0,0,0,0,0,0,0,2
15582767,,,,,,0,0.04,0.01,0,0,0,0,0,0,0,0,0,2
45852939,2500.0,1200.0,4.0,,,0,1.05,1.22,1,0,0,0,0,1,0,0,0,0
51858306,1600.0,1000.0,4.0,,,0,0.29,0.32,0,0,0,0,0,0,0,1,0,0
30350202,2700.0,1900.0,7.0,,,0,1.81,1.22,1,0,0,0,0,1,0,0,0,0
4192696,1700.0,1000.0,4.0,,,0,0.21,0.22,0,0,0,0,0,0,0,1,0,0
60514625,,,,,,0,0.27,0.3,0,0,0,0,0,0,0,0,0,1
97342942,,,,,,0,0.09,0.08,0,0,0,0,0,0,0,0,0,1
16734927,,,,,,0,8.19,2.59,0,0,0,0,0,0,0,0,0,1
300101001,,,,,,0,0.53,0.6,0,0,0,0,0,0,0,0,0,3
96352326,1500.0,1500.0,4.0,,,0,0.05,0.18,0,0,0,0,0,0,0,1,0,0
95457011,800.0,1000.0,1.0,,,0,0.3,0.27,0,0,0,0,0,0,0,1,0,0
84361420,,,,,,0,0.35,0.5,0,0,0,0,0,0,0,0,0,2
61173621,1200.0,1800.0,4.0,,,0,0.02,0.05,0,0,0,0,0,0,0,1,0,0
73240432,2400.0,1600.0,7.0,,1.0,0,0.05,0.14,0,1,0,0,0,0,0,1,0,0
34566435,1300.0,1300.0,4.0,,,0,0.07,0.18,0,0,0,0,0,0,0,1,0,0
30068120,1200.0,800.0,3.0,,,0,0.28,0.55,0,0,0,0,0,0,0,1,0,0
34688023,500.0,1000.0,3.0,,,0,0.15,0.11,0,0,0,0,0,0,0,1,0,0
29280589,1000.0,0.0,3.0,,,0,0.12,0.4,0,0,0,0,0,0,0,1,0,0
97567736,1800.0,800.0,4.0,,,0,0.22,0.42,0,0,0,0,0,0,0,1,0,0
85636437,,,,,,0,0.03,0.1,0,0,0,0,0,0,0,0,0,1
97268402,0.0,0.0,1.0,,,0,0.14,0.2,0,0,0,0,0,0,0,0,0,0
73178098,,,,,,0,0.03,0.06,0,0,0,0,0,0,0,0,0,1
96914272,1200.0,1200.0,5.0,,,0,0.16,0.58,0,0,0,0,0,0,0,0,0,0
42166000,3000.0,3000.0,10.0,,,0,0.46,0.34,1,0,1,0,0,0,0,0,0,0
101403073,,,,,,0,0.0,0.0,0,0,0,0,0,0,0,0,0,2
44178886,1600.0,1000.0,4.0,,,0,0.3,0.64,0,0,0,0,0,0,0,1,0,0
96570609,2800.0,1000.0,8.0,,,0,0.09,0.11,0,0,0,0,0,0,0,1,0,0
31596518,2400.0,1000.0,6.0,,,0,4.04,2.99,0,0,0,0,0,0,0,1,0,0
59463312,800.0,1000.0,2.0,,,0,0.27,0.28,0,0,0,0,0,0,0,1,0,0
40844553,,,,,,0,0.0,0.0,0,0,0,0,0,0,0,0,0,4
88039509,200.0,1800.0,1.0,,,0,0.1,0.15,0,0,0,0,0,0,0,1,0,0
54059040,,,,,,0,0.08,0.16,0,0,0,0,0,0,0,0,0,2
35283277,1500.0,200.0,4.0,,,0,0.05,0.06,0,0,0,0,0,0,0,1,0,0
65424481,3000.0,1000.0,9.0,,,0,0.0,0.0,1,0,0,0,1,0,0,0,0,0
69954399,,,,,,0,0.02,0.31,0,0,0,0,0,0,0,0,0,1
29570824,100.0,1000.0,1.0,,0.0,0,0.05,0.21,0,1,0,0,0,0,0,1,0,0
92379223,,,,,,0,0.05,0.22,0,0,0,0,0,0,0,0,0,2
19261966,2700.0,2000.0,9.0,,,0,0.08,0.22,1,0,1,0,0,0,0,0,0,0
50907446,2500.0,2000.0,6.0,,,0,0.59,0.28,1,0,1,0,0,0,0,0,0,0
20366274,2800.0,2500.0,8.0,,,0,0.28,0.21,1,0,1,0,0,0,0,0,0,0
6417578,,,,,,0,0.15,0.07,0,0,0,0,0,0,0,0,0,1
48424886,2450.0,1950.0,7.0,,,0,0.42,0.21,1,0,1,0,0,0,0,0,0,0
32467459,2800.0,1000.0,10.0,,,0,0.0,0.0,1,0,1,0,0,0,0,0,0,0
74822425,2600.0,3000.0,10.0,,,0,0.14,0.2,1,0,1,0,0,0,0,0,0,0
74009824,200.0,2800.0,6.0,,,0,0.16,0.22,1,0,1,0,0,0,0,0,0,0
94977269,2200.0,800.0,5.0,,,0,0.2,0.16,1,0,1,0,0,0,0,0,0,0
92223430,,,,,,0,0.17,0.21,0,0,0,0,0,0,0,0,0,1
6367785,950.0,1000.0,3.0,,,0,3.44,0.0,0,0,0,0,0,0,0,0,1,0
80532587,2500.0,1200.0,4.0,,,0,0.15,0.28,1,0,1,0,0,0,0,0,0,0
17412721,2000.0,2200.0,4.0,,,0,1.2,1.67,1,0,1,0,0,0,0,0,0,0
61737116,400.0,0.0,3.0,,,0,0.23,0.23,0,0,0,0,0,0,0,1,0,0
95440946,2500.0,2800.0,10.0,,,0,0.06,0.14,0,0,0,0,0,0,0,1,0,0
74889525,3800.0,3500.0,10.0,,,0,0.27,1.57,1,0,1,0,0,0,0,0,0,0
68829754,,,,,,0,0.05,0.11,0,0,0,0,0,0,0,0,0,1
20612097,,,,,,0,0.35,0.57,0,0,0,0,0,0,0,0,0,2
22669793,,,,,,0,0.17,0.37,0,0,0,0,0,0,0,0,0,2
94224458,,,,,,0,0.14,0.33,0,0,0,0,0,0,0,0,0,1
95824983,1400.0,1700.0,4.0,,,0,0.59,0.8,0,0,0,0,0,0,0,1,0,0
55875323,850.0,800.0,3.0,,,0,0.09,0.16,0,0,0,0,0,0,0,1,0,0
11324436,800.0,900.0,3.0,,,0,0.05,0.07,0,0,0,0,0,0,0,1,0,0
24725825,1000.0,1000.0,3.0,,,0,0.16,0.22,0,0,0,0,0,0,0,1,0,0
9107531,1800.0,1400.0,4.0,,,0,0.07,0.17,0,0,0,0,0,0,0,1,0,0
37820550,,,,,,0,0.04,0.17,0,0,0,0,0,0,0,0,0,1
58680635,300.0,100.0,2.0,,,0,0.05,0.13,0,0,0,0,0,0,0,1,0,0
21291696,300.0,100.0,2.0,,,0,0.05,0.15,0,0,0,0,0,0,0,1,0,0
7914843,200.0,1400.0,3.0,,,0,0.08,0.05,0,0,0,0,0,0,0,1,0,0
91107093,,,,,,0,0.22,0.19,0,0,0,0,0,0,0,0,0,1
34710660,0.0,1800.0,4.0,,,0,0.13,0.16,0,0,0,0,0,0,0,1,0,0
90219263,,,,,,0,0.05,0.14,0,0,0,0,0,0,0,0,0,1
79514956,2000.0,1200.0,5.0,,,0,0.22,0.23,0,0,0,0,0,0,0,1,0,0
23118924,1500.0,1200.0,4.0,,,0,0.14,0.2,0,0,0,0,0,0,0,1,0,0
30314994,1500.0,1200.0,4.0,,,0,0.12,0.28,0,0,0,0,0,0,0,1,0,0
65260293,1500.0,1200.0,4.0,,,0,0.1,0.15,0,0,0,0,0,0,0,1,0,0
92755808,1500.0,1200.0,4.0,,,0,0.02,0.23,0,0,0,0,0,0,0,1,0,0
66712593,1500.0,1200.0,4.0,,,0,0.1,0.17,0,0,0,0,0,0,0,1,0,0
97623219,1500.0,1200.0,4.0,,,0,0.16,0.28,0,0,0,0,0,0,0,1,0,0
94253609,,,,,,0,0.38,0.3,0,0,0,0,0,0,0,0,0,2
61411502,,,,,,0,0.28,1.58,0,0,0,0,0,0,0,0,0,2
32965616,0.0,0.0,9.0,,,0,0.1,0.19,0,0,0,0,0,0,0,1,0,0
40854197,2500.0,2000.0,8.0,,,0,16.14,11.09,1,0,1,0,0,0,0,0,0,0
11502550,2500.0,2000.0,7.0,,,0,83.96,159.09,1,0,1,0,0,0,0,0,0,0
55171412,2500.0,2000.0,7.0,,,0,2.09,0.59,1,0,1,0,0,0,0,0,0,0
21844576,1000.0,1000.0,3.0,,,0,0.1,0.16,0,0,0,0,0,0,0,0,1,0
59793705,2600.0,1800.0,7.0,,,0,0.08,0.19,0,0,0,0,0,0,0,1,0,0
63060238,1200.0,1800.0,4.0,,,0,0.29,0.6,0,0,0,0,0,0,0,1,0,0
64655485,2500.0,2000.0,7.0,,,0,0.71,0.4,1,0,1,0,0,0,0,0,0,0
79979666,800.0,1200.0,4.0,,,0,0.13,0.23,0,0,0,0,0,0,0,1,0,0
58932615,1200.0,800.0,3.0,,,0,0.03,0.23,0,0,0,0,0,0,0,0,1,0
80908502,2100.0,800.0,4.0,,,0,0.5,1.49,0,0,0,0,0,0,0,1,0,0
17032740,3000.0,2500.0,9.0,,,0,0.22,0.2,1,0,1,0,0,0,0,0,0,0
8593259,0.0,2800.0,4.0,,,0,0.0,0.0,1,0,1,0,0,0,0,0,0,0
84327329,800.0,2000.0,4.0,,,0,0.07,0.27,0,0,0,0,0,0,0,0,1,0
95486586,2700.0,2200.0,9.0,,,0,0.02,0.58,1,0,1,0,0,0,0,0,0,0
90050480,3500.0,3000.0,11.0,,,0,2.98,1.02,1,0,1,0,0,0,0,0,0,0
28677304,2500.0,2000.0,7.0,,,0,1.14,0.56,1,0,1,0,0,0,0,0,0,0
41517968,2000.0,1000.0,6.0,,,0,0.29,0.38,1,0,1,0,0,0,0,0,0,0
31111109,2500.0,2500.0,12.0,,,0,2.85,1.55,1,0,1,0,0,0,0,0,0,0
29343734,2900.0,2600.0,10.0,,,0,0.31,0.26,1,0,1,0,0,0,0,0,0,0
33574806,2500.0,2000.0,8.0,,,0,0.27,0.27,1,0,1,0,0,0,0,0,0,0
35809262,2100.0,1200.0,6.0,,,0,0.43,0.43,1,0,1,0,0,0,0,0,0,0
93347961,2100.0,1200.0,8.0,,,0,2.94,2.22,1,0,1,0,0,0,0,0,0,0
81566151,2500.0,2000.0,7.0,,,0,1.58,1.76,1,0,1,0,0,0,0,0,0,0
69572169,1100.0,1600.0,4.0,,,0,0.23,0.6,0,0,0,0,0,0,0,1,0,0
16304628,2200.0,2600.0,6.0,,,0,1.86,2.09,1,0,1,0,0,0,0,0,0,0
85507811,2500.0,2000.0,7.0,,,0,0.98,0.47,1,0,1,0,0,0,0,0,0,0
48996569,2500.0,2000.0,7.0,,,0,2.23,0.64,1,0,1,0,0,0,0,0,0,0
36841733,0.0,0.0,6.0,,,0,0.61,2.0,1,0,1,0,0,0,0,0,0,0
3642509,2800.0,2200.0,8.0,,,0,0.49,0.25,1,0,1,0,0,0,0,0,0,0
98266377,1600.0,1200.0,4.0,,,0,0.23,0.32,0,0,0,0,0,0,0,1,0,0
14124483,2500.0,2000.0,7.0,,,0,0.22,0.26,0,0,0,0,0,0,0,1,0,0
41077745,800.0,900.0,3.0,,,0,2.08,0.84,0,0,0,0,0,0,0,1,0,0
68745629,2300.0,1600.0,8.0,,,0,0.02,1.24,1,0,1,0,0,0,0,0,0,0
62107981,600.0,1000.0,3.0,,,0,0.47,1.13,0,0,0,0,0,0,0,1,0,0
95362816,1300.0,1000.0,4.0,,,0,1.01,1.09,0,0,0,0,0,0,0,1,0,0
59392529,1400.0,1300.0,4.0,,,0,0.21,0.32,0,0,0,0,0,0,0,1,0,0
78512663,3000.0,2500.0,9.0,,,0,0.56,0.29,1,0,1,0,0,0,0,0,0,0
5128859,2800.0,2300.0,8.0,,,0,0.69,1.48,1,0,1,0,0,0,0,0,0,0
14225239,1400.0,1000.0,5.0,,,0,0.13,0.24,1,0,1,0,0,0,0,0,0,0
52031567,1900.0,3000.0,6.0,,,0,4.66,1.21,1,0,1,0,0,0,0,0,0,0
40080312,3000.0,2500.0,9.0,,,0,1.53,0.57,1,0,1,0,0,0,0,0,0,0
81003500,1900.0,1800.0,6.0,,,0,0.24,0.17,1,0,1,0,0,0,0,0,0,0
89252153,1600.0,1800.0,5.0,,,0,0.27,0.23,0,0,0,0,0,0,0,1,0,0
5285665,800.0,1200.0,4.0,,,0,0.2,0.36,0,0,0,0,0,0,0,1,0,0
89943723,2500.0,2000.0,7.0,,,0,0.17,0.19,0,0,0,0,0,0,0,0,1,0
69884162,1900.0,1300.0,4.0,,,0,0.1,0.23,0,0,0,0,0,0,0,0,0,0
90307498,3000.0,2500.0,9.0,,,0,0.44,0.32,1,0,1,0,0,0,0,0,0,0
72926163,2500.0,1000.0,7.0,,,0,0.17,0.36,1,0,1,0,0,0,0,0,0,0
1945387,2600.0,2100.0,8.0,,,0,0.13,0.21,1,0,1,0,0,0,0,0,0,0
37195861,1500.0,1200.0,4.0,,,0,2.72,2.87,0,0,0,0,0,0,0,1,0,0
41436536,2100.0,1200.0,6.0,,,0,2.73,1.05,1,0,1,0,0,0,0,0,0,0
60493189,2600.0,2300.0,8.0,,,0,0.38,0.29,1,0,1,0,0,0,0,0,0,0
51085303,1900.0,2000.0,6.0,,,0,0.35,0.5,0,0,0,0,0,0,0,1,0,0
89312388,1700.0,1100.0,4.0,,,0,1.39,0.83,0,0,0,0,0,0,0,1,0,0
47737087,2000.0,2500.0,6.0,,,0,0.3,0.32,1,0,1,0,0,0,0,0,0,0
50720316,1000.0,1500.0,4.0,,,0,1.63,3.28,0,0,0,0,0,0,0,1,0,0
25366484,2500.0,2100.0,8.0,,,0,0.15,0.18,1,0,1,0,0,0,0,0,0,0
56733747,3100.0,2500.0,8.0,,,0,8.76,8.42,1,0,1,0,0,0,0,0,0,0
88820235,2500.0,2100.0,8.0,,,0,8.09,4.99,1,0,1,0,0,0,0,0,0,0
45195443,1300.0,1100.0,4.0,,,0,0.29,0.19,0,0,0,0,0,0,0,1,0,0
20721928,1600.0,1400.0,4.0,,,0,0.02,0.2,0,0,0,0,0,0,0,0,1,0
13256226,2500.0,2000.0,7.0,,,0,0.34,0.21,0,0,0,0,0,0,0,1,0,0
81197327,1800.0,1000.0,5.0,,,0,0.29,0.36,1,0,1,0,0,0,0,0,0,0
49352945,3000.0,2500.0,9.0,,,0,1.73,0.5,1,0,1,0,0,0,0,0,0,0
40044918,1800.0,300.0,4.0,,,0,2.0,3.01,0,0,0,0,0,0,0,1,0,0
22908820,2500.0,1200.0,7.0,,,0,0.54,0.55,1,0,1,0,0,0,0,0,0,0
83121692,2800.0,2800.0,8.0,,,0,0.35,0.25,1,0,1,0,0,0,0,0,0,0
74711057,2500.0,2000.0,8.0,,,0,4.85,7.17,1,0,1,0,0,0,0,0,0,0
22061412,2600.0,2100.0,8.0,,,0,4.51,2.82,1,0,1,0,0,0,0,0,0,0
61204971,2400.0,1500.0,6.0,,,0,0.29,0.43,1,0,1,0,0,0,0,0,0,0
19222426,2400.0,1500.0,6.0,,,0,0.54,2.18,1,0,1,0,0,0,0,0,0,0
9327502,1000.0,1500.0,4.0,,,0,0.18,0.29,0,0,0,0,0,0,0,1,0,0
55615891,1900.0,2300.0,8.0,,,0,0.2,0.23,1,0,1,0,0,0,0,0,0,0
10526791,2600.0,2300.0,8.0,,,0,1.7,0.42,1,0,1,0,0,0,0,0,0,0
86188410,1500.0,1600.0,4.0,,,0,0.07,0.11,0,0,0,0,0,0,0,1,0,0
75434695,1000.0,2000.0,4.0,,,0,0.38,0.53,0,0,0,0,0,0,0,1,0,0
99414168,1200.0,1400.0,3.0,,,0,0.83,0.98,0,0,0,1,0,0,0,1,0,0
36586443,,,,,,0,0.16,0.14,0,0,0,0,0,0,0,0,0,2
50208444,2400.0,2800.0,7.0,,,0,11.31,14.53,0,0,0,0,0,0,0,1,0,0
11167052,,,,,,0,0.42,0.33,0,0,0,0,0,0,0,0,0,2
300302048,,,,,,0,0.0,0.16,0,0,0,0,0,0,0,0,0,3
83032858,900.0,1800.0,2.0,,,0,0.07,0.13,0,0,0,0,0,0,0,1,0,0
18214905,400.0,2100.0,4.0,,,0,0.11,0.14,0,0,0,0,0,0,0,1,0,0
71797713,2400.0,2100.0,6.0,,,0,0.1,0.15,0,0,0,0,0,0,0,1,0,0
19036557,1300.0,1200.0,2.0,,,0,0.56,0.37,0,0,0,0,0,0,0,1,0,0
72819261,1700.0,200.0,3.0,,,0,0.07,0.13,0,0,0,0,0,0,0,1,0,0
45702014,1900.0,0.0,4.0,,,0,0.52,0.26,0,0,0,0,0,0,0,1,0,0
46425662,1500.0,1000.0,3.0,,,0,0.07,0.17,0,0,0,0,0,0,0,1,0,0
85166216,1500.0,0.0,3.0,,,0,0.09,0.12,0,0,0,0,0,0,0,1,0,0
12160911,1500.0,0.0,3.0,,,0,0.08,0.11,0,0,0,0,0,0,0,1,0,0
88845345,500.0,300.0,2.0,,,0,0.17,0.21,0,0,0,0,0,0,0,0,0,0
39897277,,,,,,0,5.07,92.31,0,0,0,0,0,0,0,0,0,1
85976588,2200.0,1800.0,6.0,,,0,0.3,0.29,0,0,0,0,0,0,0,1,0,0
5559570,3100.0,1800.0,10.0,,,0,0.59,0.28,1,0,0,0,1,0,0,0,0,0
13597785,2500.0,1800.0,6.0,,,0,27.38,36.86,0,0,0,0,0,0,0,1,0,0
12375297,300.0,200.0,1.0,,,0,0.39,0.35,0,0,0,0,0,0,0,0,0,0
56651978,2000.0,1800.0,6.0,,,0,12.63,25.27,0,0,0,0,0,0,0,1,0,0
42302563,-1.0,3000.0,7.0,,,0,0.85,0.84,1,0,0,0,1,0,0,0,0,0
59581480,2400.0,1800.0,6.0,,,0,1.87,1.83,0,0,0,0,0,0,0,1,0,0
90880453,,,,,,0,0.06,0.16,0,0,0,0,0,0,0,0,0,1
50590801,,,,,,0,0.09,0.11,0,0,0,0,0,0,0,0,0,2
58809685,,,,,,0,0.04,0.17,0,0,0,0,0,0,0,0,0,2
24092792,,,,,,0,0.15,0.2,0,0,0,0,0,0,0,0,0,2
64491754,,,,,,0,0.33,0.37,0,0,0,0,0,0,0,0,0,1
73872164,,,,,,0,0.09,0.12,0,0,0,0,0,0,0,0,0,2
60292055,2000.0,,,2.0,,2,0.07,0.15,1,0,0,0,0,0,1,0,0,0
101303071,,,,,,0,0.0,0.0,0,0,0,0,0,0,0,0,0,2
101304014,2000.0,1800.0,6.0,,,0,0.0,0.0,0,0,0,0,0,0,0,1,0,0
61980241,0.0,0.0,2.0,,,0,0.2,0.27,0,0,0,0,0,0,0,1,0,0
38648860,0.0,0.0,2.0,,,0,0.21,0.29,0,0,0,0,0,0,0,1,0,0
48017189,800.0,0.0,2.0,,,0,0.3,0.28,0,0,0,0,0,0,0,1,0,0
35035985,2900.0,2400.0,8.0,,,0,0.09,0.2,1,0,1,0,0,0,0,0,0,0
6390406,,,,,,0,0.02,0.3,0,0,0,0,0,0,0,0,0,1
9845733,,,,,,0,0.11,0.1,0,0,0,0,0,0,0,0,0,1
80621422,,,,,,0,0.09,0.12,0,0,0,0,0,0,0,0,0,1
77765207,,,,,,0,8.04,13.55,0,0,0,0,0,0,0,0,0,1
61950680,,,,,,0,0.06,0.12,0,0,0,0,0,0,0,0,0,1
28649820,,,,,,0,0.13,0.11,0,0,0,0,0,0,0,0,0,2
59069885,,,,,,0,0.1,0.16,0,0,0,0,0,0,0,0,0,2
64154377,500.0,750.0,2.0,,,0,0.0,0.0,0,0,0,0,0,0,0,0,1,0
43633088,,,,,,0,0.04,0.05,0,0,0,0,0,0,0,0,0,2
24019261,,,,,,0,0.12,0.11,0,0,0,0,0,0,0,0,0,1
53046408,,,,,,0,0.02,0.13,0,0,0,0,0,0,0,0,0,1
67723438,,,,,,0,0.1,0.12,0,0,0,0,0,0,0,0,0,1
61292243,,,,,,0,0.05,0.09,0,0,0,0,0,0,0,0,0,1
70628672,,,,,,0,0.07,0.12,0,0,0,0,0,0,0,0,0,2
97926515,,,,,,0,0.07,0.1,0,0,0,0,0,0,0,0,0,1
43580269,2500.0,2000.0,7.0,,,0,1.48,1.09,0,0,0,0,0,0,0,1,0,0
11895663,900.0,300.0,1.0,,,0,0.19,0.23,0,0,0,0,0,0,0,1,0,0
87003671,1600.0,800.0,4.0,,,0,4.12,4.84,0,0,0,0,0,0,0,1,0,0
3635138,2700.0,2500.0,7.0,,,0,0.0,0.0,0,0,0,0,0,0,0,1,0,0
42685062,2600.0,1800.0,7.0,,,0,0.12,0.13,0,0,0,0,0,0,0,0,0,0
87462901,800.0,1800.0,3.0,,,0,0.02,0.14,0,0,0,0,0,0,0,1,0,0
44330099,,,,,,0,4.16,1.55,0,0,0,0,0,0,0,0,0,4
75043725,1600.0,600.0,4.0,,,0,5.01,6.43,0,0,0,0,0,0,0,1,0,0
6103294,600.0,400.0,3.0,,,0,0.14,0.17,0,0,0,0,0,0,0,1,0,0
97864322,3000.0,,,1.0,,1,0.36,0.36,1,0,0,0,0,0,1,0,0,0
33022867,0.0,0.0,9.0,,,0,0.12,0.19,0,0,0,0,0,0,0,1,0,0
501000007,2600.0,2600.0,8.0,,,0,0.0,0.0,0,0,0,0,0,0,0,1,0,0
53136004,2300.0,2000.0,5.0,,,0,0.11,0.36,0,0,0,0,0,0,0,1,0,0
11250655,1800.0,1500.0,5.0,,,0,0.0,0.0,0,0,0,0,0,0,0,0,1,0
21672573,1300.0,2200.0,4.0,,,0,0.1,0.16,0,0,0,0,0,0,0,1,0,0
20560620,0.0,1600.0,1.0,,,0,0.04,0.1,0,0,0,0,0,0,0,1,0,0
54250060,,,,,,0,0.02,0.14,0,0,0,0,0,0,0,0,0,1
15237615,2100.0,1700.0,6.0,,,0,0.12,0.26,1,0,1,0,0,0,0,0,0,0
58818411,2200.0,1400.0,6.0,,,0,0.02,0.1,0,0,0,0,0,0,0,0,1,0
770365,2000.0,1700.0,5.0,,,0,0.43,0.32,1,0,0,0,0,1,0,0,0,0
9409625,,,,,,0,3.7,2.09,0,0,0,0,0,0,0,0,0,2
80170678,,,,,,0,0.34,0.48,0,0,0,0,0,0,0,0,0,1
10186633,,,,,,0,6.9,2.84,0,0,0,0,0,0,0,0,0,1
89058026,,,,,,0,0.16,0.21,0,0,0,0,0,0,0,0,0,1
55965529,100.0,1000.0,1.0,,0.0,0,0.06,0.22,0,1,0,0,0,0,0,1,0,0
96355986,,,,,,0,0.03,0.13,0,0,0,0,0,0,0,0,0,2
30531525,,,,,,0,0.06,0.2,0,0,0,0,0,0,0,0,0,1
75376965,1200.0,900.0,3.0,,,0,0.02,0.16,0,0,0,0,0,0,0,0,1,0
6622715,2300.0,,,3.0,,3,0.04,0.12,1,0,0,0,0,0,1,0,0,0
53442500,,,,,,0,0.05,0.15,0,0,0,0,0,0,0,0,0,2
8198712,,,,,,0,0.35,0.46,0,0,0,0,0,0,0,0,0,1
35989913,,,,,,0,0.07,0.15,0,0,0,0,0,0,0,0,0,1
7845138,-1.0,0.0,5.0,,,0,0.07,0.12,0,0,0,0,0,0,0,1,0,0
21887075,,,,,,0,0.03,0.15,0,0,0,0,0,0,0,0,0,1
300302007,,,,,,0,0.05,0.16,0,0,0,0,0,0,0,0,0,3
34041788,,,,,,0,0.0,0.0,0,0,0,0,0,0,0,0,0,1
20714553,1850.0,,,2.0,,2,0.26,0.44,1,0,0,0,0,0,1,0,0,0
9482987,1300.0,1700.0,4.0,,,0,0.07,0.21,0,0,0,0,0,0,0,1,0,0
40732515,2700.0,1700.0,7.0,,,0,0.11,0.36,0,0,0,0,0,0,0,1,0,0
3611830,2800.0,1700.0,7.0,,8.0,0,0.28,0.93,0,1,0,0,0,0,0,1,0,0
65342096,,,,,,0,0.14,0.23,0,0,0,0,0,0,0,0,0,1
98045062,,,,,,0,0.06,0.07,0,0,0,0,0,0,0,0,0,1
300302029,,,,,,0,0.0,0.11,0,0,0,0,0,0,0,0,0,3
72631243,1700.0,1200.0,4.0,,,0,0.03,0.12,0,0,0,0,0,0,0,1,0,0
56916805,,,,,,0,0.05,0.08,0,0,0,0,0,0,0,0,0,2
57006589,,,,,,0,0.36,0.28,0,0,0,0,0,0,0,0,0,2
26022485,,,,,,0,0.17,0.24,0,0,0,0,0,0,0,0,0,2
82556059,,,,,,0,0.0,0.0,0,0,0,0,0,0,0,0,0,4
50078320,1800.0,1200.0,4.0,,,0,0.08,0.06,0,0,0,0,0,0,0,1,0,0
72444406,2900.0,2500.0,8.0,,,0,3.25,1.19,1,0,0,0,1,0,0,0,0,0
38280762,2200.0,1200.0,6.0,,,0,0.15,0.15,0,0,0,0,0,0,0,1,0,0
57274196,,,,,,0,0.09,0.13,0,0,0,0,0,0,0,0,0,2
46186135,3000.0,3000.0,10.0,,,0,0.19,0.23,1,0,1,0,0,0,0,0,0,0
59123194,2500.0,2000.0,8.0,,,0,0.23,0.36,1,0,0,0,1,0,0,0,0,0
74820316,2600.0,,,4.0,,4,0.65,5.9,1,0,0,0,0,0,1,0,0,0
32120116,,,,,,0,0.05,0.15,0,0,0,0,0,0,0,0,0,2
82359538,3000.0,2500.0,9.0,,0.0,0,0.14,0.26,0,1,0,0,0,0,0,1,0,0
81237046,3000.0,2500.0,9.0,,0.0,0,0.18,0.21,0,1,0,0,0,0,0,1,0,0
28454232,3000.0,2500.0,9.0,,0.0,0,0.06,0.18,0,1,0,0,0,0,0,1,0,0
71801447,3000.0,2500.0,9.0,,0.0,0,0.28,0.25,0,1,0,0,0,0,0,1,0,0
54842941,3000.0,2500.0,9.0,,0.0,0,4.32,3.56,0,1,0,0,0,0,0,1,0,0
54020393,,,,,,0,0.2,0.24,0,0,0,0,0,0,0,0,0,1
19504025,,,,,,0,0.07,0.17,0,0,0,0,0,0,0,0,0,1
80015408,,,,,,0,0.09,0.14,0,0,0,0,0,0,0,0,0,1
17621695,,,,,,0,0.16,0.21,0,0,0,0,0,0,0,0,0,1
76909279,1700.0,1000.0,4.0,,,0,0.11,0.12,0,0,0,0,0,0,0,1,0,0
91862578,1200.0,600.0,5.0,,,0,0.08,0.07,0,0,0,0,0,0,0,1,0,0
38695361,1500.0,0.0,4.0,,,0,0.1,0.17,0,0,0,0,0,0,0,1,0,0
51611041,2000.0,2000.0,7.0,,,0,0.16,0.13,0,0,0,0,0,0,0,1,0,0
52566270,1300.0,1500.0,4.0,,,0,0.06,0.18,0,0,0,0,0,0,0,1,0,0
98049934,1600.0,1100.0,2.0,,,0,0.32,0.32,1,0,0,0,0,1,0,0,0,0
52645235,2000.0,100.0,2.0,,,0,0.08,0.12,1,0,0,0,0,1,0,0,0,0
62592805,1000.0,2000.0,2.0,,,0,0.12,0.13,1,0,0,0,0,1,0,0,0,0
24434049,200.0,2100.0,2.0,,,0,0.25,0.4,1,0,0,0,0,1,0,0,0,0
62878208,,,,,,0,0.05,0.14,0,0,0,0,0,0,0,0,0,2
94716515,,,,,,0,0.08,0.2,0,0,0,0,0,0,0,0,0,1
54974237,,,,,,0,0.02,0.21,0,0,0,0,0,0,0,0,0,2
23064604,2800.0,1000.0,8.0,,,0,0.11,0.11,0,0,0,0,0,0,0,1,0,0
15746348,1850.0,1500.0,5.0,,,0,0.05,0.09,0,0,0,0,0,0,0,1,0,0
74364659,500.0,1500.0,3.0,,,0,0.04,0.15,0,0,0,0,0,0,0,1,0,0
73309655,1850.0,,,2.0,,2,0.08,0.11,1,0,0,0,0,0,1,0,0,0
7407724,2400.0,1000.0,6.0,,,0,0.17,0.3,0,0,0,0,0,0,0,1,0,0
18235309,,,,,,0,0.24,0.33,0,0,0,0,0,0,0,0,0,2
31550470,,,,,,0,0.06,0.12,0,0,0,0,0,0,0,0,0,2
53417695,,,,,,0,0.32,0.57,0,0,0,0,0,0,0,0,0,2
33676146,,,,,,0,0.05,0.08,0,0,0,0,0,0,0,0,0,2
24326617,800.0,1000.0,4.0,,,0,0.13,0.16,0,0,0,0,0,0,0,1,0,0
84653834,,,,,,0,0.05,0.16,0,0,0,0,0,0,0,0,0,1
99070951,500.0,300.0,2.0,,,0,0.02,0.09,0,0,0,0,0,0,0,0,0,0
45283341,,,,,,0,0.08,0.15,0,0,0,0,0,0,0,0,0,2
25750986,,,,,,0,0.16,0.24,0,0,0,0,0,0,0,0,0,2
35787450,,,,,,0,0.07,0.17,0,0,0,0,0,0,0,0,0,2
56606928,,,,,,0,0.08,0.18,0,0,0,0,0,0,0,0,0,1
87532344,,,,,,0,0.16,0.13,0,0,0,0,0,0,0,0,0,2
82162616,,,,,,0,0.12,0.15,0,0,0,0,0,0,0,0,0,2
95051344,,,,,,0,0.05,0.07,0,0,0,0,0,0,0,0,0,1
48680970,,,,,,0,0.29,0.61,0,0,0,0,0,0,0,0,0,2
28903523,,,,,,0,0.08,0.13,0,0,0,0,0,0,0,0,0,2
11460577,1200.0,1600.0,4.0,,,0,0.06,0.12,0,0,0,0,0,0,0,1,0,0
45675980,,,,,,0,0.08,0.23,0,0,0,0,0,0,0,0,0,2
71228611,300.0,1300.0,3.0,,,0,0.11,0.13,0,0,0,0,0,0,0,1,0,0
9547962,,,,,,0,0.09,0.2,0,0,0,0,0,0,0,0,0,1
40177746,500.0,200.0,1.0,,,0,0.17,0.43,0,0,0,0,0,0,0,1,0,0
64382840,,,,,,0,0.0,0.0,0,0,0,0,0,0,0,0,0,4
32013448,500.0,2000.0,4.0,,,0,3.76,6.16,0,0,0,0,0,0,0,1,0,0
15693423,,,,,,0,2.53,2.07,0,0,0,0,0,0,0,0,0,2
37042505,,,,,,0,0.14,0.17,0,0,0,0,0,0,0,0,0,1
31467372,,,,,,0,0.15,0.21,0,0,0,0,0,0,0,0,0,1
45222299,2400.0,1000.0,6.0,,,0,1.86,1.15,0,0,0,1,0,0,0,1,0,0
71203602,2700.0,1500.0,8.0,,,0,0.64,0.28,0,0,0,1,0,0,0,1,0,0
76372778,2100.0,1600.0,4.0,,,0,0.78,2.35,1,0,0,0,0,1,0,0,0,0
11877465,2500.0,2000.0,6.0,,,0,0.46,0.74,0,0,0,1,0,0,0,1,0,0
88926295,3000.0,1800.0,10.0,,,0,0.16,0.18,0,0,0,1,0,0,0,1,0,0
57272170,2800.0,2800.0,8.0,,,0,0.54,0.48,0,0,0,1,0,0,0,1,0,0
21496848,2600.0,2100.0,6.0,,,0,0.02,0.5,0,0,0,1,0,0,0,1,0,0
3519195,,,,,,0,0.67,0.73,0,0,0,0,0,0,0,0,0,1
15684835,,,,,,0,0.49,0.28,0,0,0,0,0,0,0,0,0,2
8915275,2300.0,2000.0,6.0,,,0,0.0,0.0,0,0,0,0,0,0,0,1,0,0
8400623,-1.0,-1.0,8.0,,,0,0.09,0.14,0,0,0,0,0,0,0,1,0,0
88300002,1200.0,2000.0,4.0,,,0,0.0,0.0,0,0,0,0,0,0,0,1,0,0
25799717,2100.0,1500.0,5.0,,,0,0.0,0.0,0,0,0,0,0,0,0,1,0,0
17616743,,,,,,0,0.22,0.19,0,0,0,0,0,0,0,0,0,1
43011492,,,,,,0,0.06,0.15,0,0,0,0,0,0,0,0,0,1
6494106,,,,,,0,0.23,0.18,0,0,0,0,0,0,0,0,0,2
70122149,,,,,,0,0.4,0.24,0,0,0,0,0,0,0,0,0,1
42899204,,,,,,0,0.15,0.14,0,0,0,0,0,0,0,0,0,2
28957126,,,,,,0,0.04,0.14,0,0,0,0,0,0,0,0,0,1
44133040,,,,,,0,0.2,0.22,0,0,0,0,0,0,0,0,0,1
7610394,,,,,,0,0.13,0.18,0,0,0,0,0,0,0,0,0,1
79400597,,,,,,0,0.21,0.15,0,0,0,0,0,0,0,0,0,1
79383919,,,,,,0,0.13,0.17,0,0,0,0,0,0,0,0,0,2
8775395,,,,,,0,0.08,0.07,0,0,0,0,0,0,0,0,0,1
13650422,2100.0,800.0,4.0,,,0,0.02,0.26,0,0,0,0,0,0,0,1,0,0
58332301,-1.0,0.0,8.0,,,0,0.14,0.24,1,0,1,0,0,0,0,0,0,0
86282581,1600.0,0.0,8.0,,,0,0.11,0.1,1,0,1,0,0,0,0,0,0,0
30583090,1700.0,1100.0,4.0,,,0,6.04,8.1,0,0,0,0,0,0,0,1,0,0
95943058,1600.0,0.0,4.0,,,0,0.07,0.09,0,0,0,0,0,0,0,1,0,0
50304345,300.0,600.0,2.0,,,0,0.26,0.25,0,0,0,0,0,0,0,1,0,0
76978105,2100.0,800.0,6.0,,,0,0.06,0.17,0,0,0,0,0,0,0,1,0,0
50282757,2000.0,2500.0,6.0,,,0,0.13,0.13,1,0,1,0,0,0,0,0,0,0
22160245,2100.0,1200.0,6.0,,,0,0.21,0.22,1,0,1,0,0,0,0,0,0,0
59893882,2100.0,1200.0,6.0,,,0,0.35,0.41,1,0,1,0,0,0,0,0,0,0
21947653,2400.0,1500.0,6.0,,,0,0.1,0.15,1,0,1,0,0,0,0,0,0,0
86165817,3000.0,3000.0,8.0,,,0,0.21,0.26,1,0,1,0,0,0,0,0,0,0
58554959,2600.0,1800.0,7.0,,,0,0.13,0.23,0,0,0,0,0,0,0,1,0,0
86676862,3500.0,2100.0,8.0,,,0,0.06,0.15,1,0,1,0,0,0,0,0,0,0
13708888,2500.0,2000.0,10.0,,,0,0.14,0.3,1,0,1,0,0,0,0,0,0,0
45659520,1600.0,1800.0,5.0,,,0,0.44,0.24,0,0,0,0,0,0,0,1,0,0
3598351,800.0,1200.0,4.0,,,0,0.91,1.55,0,0,0,0,0,0,0,1,0,0
35095329,2500.0,2500.0,7.0,,,0,0.1,0.12,0,0,0,0,0,0,0,1,0,0
13293158,1900.0,2300.0,8.0,,,0,0.18,0.2,1,0,1,0,0,0,0,0,0,0
73320394,2700.0,1500.0,8.0,,,0,0.0,0.0,0,0,0,0,0,0,0,1,0,0
18438874,,,,,,0,0.12,0.13,0,0,0,0,0,0,0,0,0,1
85431040,100.0,300.0,1.0,,,0,0.14,0.19,0,0,0,0,0,0,0,1,0,0
75524093,,,,,,0,0.0,0.0,0,0,0,0,0,0,0,0,0,4
98360333,,,,,,0,0.1,0.27,0,0,0,0,0,0,0,0,0,2
34365442,,,,,,0,0.05,0.24,0,0,0,0,0,0,0,0,0,2
9205573,1100.0,,,2.0,,2,0.57,1.78,1,0,0,0,0,0,1,0,0,0
6636319,100.0,,,1.0,,1,0.28,0.0,1,0,0,0,0,0,1,0,0,0
36609518,1100.0,,,2.0,,2,0.69,0.66,1,0,0,0,0,0,1,0,0,0
60759087,,,,,,0,0.09,0.2,0,0,0,0,0,0,0,0,0,2
93672138,3300.0,,,4.0,,4,0.34,0.49,1,0,0,0,0,0,1,0,0,0
62098216,2200.0,2200.0,8.0,,,0,0.14,0.46,0,0,0,0,0,0,0,1,0,0
42679662,750.0,1950.0,4.0,,,0,0.22,0.21,0,0,0,0,0,0,0,1,0,0
36757171,2350.0,1350.0,4.0,,,0,1.08,0.96,1,0,0,0,0,1,0,0,0,0
79785958,1750.0,550.0,4.0,,,0,1.14,0.87,0,0,0,0,0,0,0,1,0,0
77841719,2450.0,2050.0,6.0,,,0,0.09,0.15,0,0,0,0,0,0,0,1,0,0
46772449,1900.0,0.0,4.0,,,0,0.08,0.26,1,0,0,0,0,1,0,0,0,0
31456110,2150.0,1250.0,5.0,,,0,0.1,0.16,0,0,0,0,0,0,0,1,0,0
77542832,1950.0,650.0,4.0,,,0,0.21,0.74,0,0,0,0,0,0,0,0,1,0
35209994,1150.0,1850.0,4.0,,,0,0.09,0.21,0,0,0,0,0,0,0,1,0,0
4756629,1600.0,1550.0,4.0,,,0,0.95,1.99,0,0,0,0,0,0,0,1,0,0
40921545,1750.0,1050.0,4.0,,,0,0.08,0.13,0,0,0,0,0,0,0,1,0,0
8814959,1550.0,1450.0,4.0,,,0,0.07,0.07,0,0,0,0,0,0,0,1,0,0
359563,950.0,1950.0,4.0,,,0,0.64,0.75,1,0,0,0,0,1,0,0,0,0
72429240,1650.0,1250.0,4.0,,,0,0.13,0.12,0,0,0,0,0,0,0,1,0,0
5284653,450.0,2050.0,4.0,,,0,0.11,0.11,0,0,0,0,0,0,0,1,0,0
91279700,2550.0,1650.0,4.0,,,0,1.2,2.45,1,0,0,0,0,1,0,0,0,0
38273745,2750.0,1950.0,4.0,,,0,0.04,0.06,1,0,0,0,0,1,0,0,0,0
4058065,1850.0,950.0,4.0,,,0,0.06,0.1,0,0,0,0,0,0,0,1,0,0
65884091,2350.0,1350.0,4.0,,,0,0.14,0.17,1,0,0,0,0,1,0,0,0,0
78663366,1650.0,1050.0,4.0,,,0,0.34,0.37,0,0,0,0,0,0,0,1,0,0
3536537,1850.0,850.0,4.0,,,0,0.1,0.14,0,0,0,0,0,0,0,1,0,0
64815084,,,,,,0,0.12,0.11,0,0,0,0,0,0,0,0,0,2
88760522,,,,,,0,0.17,0.17,0,0,0,0,0,0,0,0,0,1
5338223,,,,,,0,0.1,0.17,0,0,0,0,0,0,0,0,0,1
24362891,,,,,,0,0.13,0.12,0,0,0,0,0,0,0,0,0,2
8632967,,,,,,0,0.09,0.1,0,0,0,0,0,0,0,0,0,1
34026662,,,,,,0,0.11,0.13,0,0,0,0,0,0,0,0,0,1
14154221,,,,,,0,0.13,0.25,0,0,0,0,0,0,0,0,0,1
74100225,,,,,,0,0.29,0.46,0,0,0,0,0,0,0,0,0,2
96872283,1900.0,900.0,4.0,,,0,0.32,0.35,0,0,0,0,0,0,0,0,0,0
16146511,1500.0,1000.0,4.0,,,0,0.17,0.12,0,0,0,0,0,0,0,0,0,0
80651316,1900.0,1400.0,4.0,,,0,2.24,0.94,0,0,0,0,0,0,0,1,0,0
39672388,2200.0,700.0,5.0,,,0,0.13,0.19,0,0,0,0,0,0,0,1,0,0
17045014,1600.0,800.0,4.0,,,0,0.2,0.35,0,0,0,0,0,0,0,1,0,0
23234094,100.0,2400.0,6.0,,,0,0.18,0.28,0,0,0,0,0,0,0,1,0,0
15171722,1600.0,400.0,4.0,,,0,0.06,0.16,0,0,0,0,0,0,0,1,0,0
16480084,1100.0,2000.0,4.0,,,0,0.21,0.22,0,0,0,0,0,0,0,1,0,0
69633792,2400.0,600.0,6.0,,,0,0.15,0.19,0,0,0,0,0,0,0,1,0,0
54266211,1200.0,1000.0,4.0,,,0,0.37,0.54,0,0,0,0,0,0,0,1,0,0
56240989,1600.0,400.0,3.0,,,0,0.18,0.34,0,0,0,0,0,0,0,1,0,0
91903221,0.0,0.0,2.0,,,0,0.31,0.32,0,0,0,0,0,0,0,1,0,0
55488859,200.0,400.0,1.0,,,0,0.13,0.15,0,0,0,0,0,0,0,1,0,0
3283679,1200.0,500.0,3.0,,,0,0.12,0.28,0,0,0,0,0,0,0,1,0,0
13046291,0.0,0.0,1.0,,,0,0.11,0.16,0,0,0,0,0,0,0,1,0,0
88095331,100.0,2000.0,2.0,,,0,0.12,0.17,0,0,0,0,0,0,0,1,0,0
28877602,500.0,1200.0,2.0,,,0,0.18,0.14,0,0,0,0,0,0,0,1,0,0
89776023,900.0,300.0,2.0,,,0,0.02,0.15,0,0,0,0,0,0,0,1,0,0
20855340,200.0,200.0,1.0,,,0,0.15,0.17,0,0,0,0,0,0,0,1,0,0
81873903,700.0,1900.0,3.0,,,0,2.26,2.35,0,0,0,0,0,0,0,1,0,0
52875873,,,,,,0,0.06,0.06,0,0,0,0,0,0,0,0,0,1
78217065,,,,,,0,0.1,0.18,0,0,0,0,0,0,0,0,0,1
93504463,,,,,,0,0.14,0.3,0,0,0,0,0,0,0,0,0,2
1595137,2400.0,1200.0,6.0,,,0,0.18,0.2,1,0,1,0,0,0,0,0,0,0
42752141,2300.0,1700.0,4.0,,,0,1.0,0.48,1,0,0,0,0,1,0,0,0,0
74294676,2400.0,2000.0,4.0,,,0,0.34,0.42,1,0,0,0,0,1,0,0,0,0
35103106,2500.0,1500.0,6.0,,,0,3.23,3.18,1,0,0,0,0,1,0,0,0,0
18511599,2600.0,1000.0,6.0,,,0,0.09,0.14,1,0,0,0,0,1,0,0,0,0
53180020,2000.0,1000.0,5.0,,,0,0.22,0.28,0,0,0,0,0,0,0,1,0,0
63749102,1800.0,1900.0,4.0,,,0,0.08,0.07,0,0,0,0,0,0,0,1,0,0
92812851,2000.0,,,3.0,,3,0.24,0.19,1,0,0,0,0,0,1,0,0,0
52782439,,,,,,0,6.54,5.54,0,0,0,0,0,0,0,0,0,1
5556668,,,,,,0,0.09,0.23,0,0,0,0,0,0,0,0,0,1
25209168,,,,,,0,0.11,0.16,0,0,0,0,0,0,0,0,0,2
3160805,,,,,,0,0.15,0.14,0,0,0,0,0,0,0,0,0,2
17484499,,,,,,0,0.12,0.13,0,0,0,0,0,0,0,0,0,2
40669071,2300.0,,0.0,3.0,,3,0.07,0.19,1,0,0,0,0,0,1,0,0,0
20419926,,,,,,0,0.12,0.22,0,0,0,0,0,0,0,0,0,2
55976207,,,,,,0,0.03,0.05,0,0,0,0,0,0,0,0,0,1
95451366,,,,,,0,0.04,0.06,0,0,0,0,0,0,0,0,0,2
26725158,,,,,,0,0.19,0.15,0,0,0,0,0,0,0,0,0,1
74131780,1000.0,1000.0,4.0,,,0,0.15,0.49,0,0,0,0,0,0,0,1,0,0
12600382,1800.0,0.0,4.0,,,0,0.28,0.19,0,0,0,0,0,0,0,1,0,0
33396948,1000.0,1000.0,3.0,,,0,0.02,2.63,0,0,0,0,0,0,0,1,0,0
91583378,1000.0,1000.0,10.0,,,0,0.0,0.0,0,0,0,0,0,0,0,1,0,0
5008836,-1.0,-1.0,10.0,,,0,0.89,1.21,0,0,0,0,0,0,0,1,0,0
13893596,-1.0,0.0,10.0,,,0,0.58,0.72,0,0,0,0,0,0,0,1,0,0
4408198,,,,,,0,0.04,0.12,0,0,0,0,0,0,0,0,0,1
41524885,2100.0,1800.0,4.0,,,0,0.2,0.24,1,0,0,0,0,1,0,0,0,0
52335937,,,,,,0,0.16,0.19,0,0,0,0,0,0,0,0,0,1
30802207,,,,,,0,0.03,0.14,0,0,0,0,0,0,0,0,0,1
16474916,500.0,800.0,4.0,,,0,0.16,0.21,0,0,0,0,0,0,0,1,0,0
5530780,1400.0,2800.0,4.0,,,0,0.16,0.24,1,0,0,0,0,1,0,0,0,0
79858629,400.0,800.0,4.0,,,0,0.09,0.19,0,0,0,0,0,0,0,1,0,0
77675029,2600.0,1800.0,4.0,,,0,5.07,7.67,1,0,0,0,0,1,0,0,0,0
78135071,2300.0,800.0,4.0,,,0,0.12,0.18,1,0,0,0,0,1,0,0,0,0
37343995,1600.0,800.0,4.0,,,0,0.19,0.24,0,0,0,0,0,0,0,1,0,0
42741437,2500.0,1800.0,4.0,,,0,0.13,0.11,1,0,0,0,0,1,0,0,0,0
77913594,,,,,,0,0.08,0.19,0,0,0,0,0,0,0,0,0,1
197042,,,,,,0,0.13,0.26,0,0,0,0,0,0,0,0,0,2
5352328,100.0,800.0,4.0,,,0,1.96,4.78,0,0,0,0,0,0,0,1,0,0
43863925,300.0,800.0,4.0,,,0,0.31,0.24,0,0,0,0,0,0,0,1,0,0
77891946,,,,,,0,0.13,0.23,0,0,0,0,0,0,0,0,0,2
59242457,2800.0,2800.0,8.0,,,0,0.06,0.15,1,0,0,0,0,1,0,0,0,0
84125619,,,,,,0,0.07,0.09,0,0,0,0,0,0,0,0,0,2
20586572,1000.0,0.0,3.0,,,0,0.22,0.45,0,0,0,0,0,0,0,1,0,0
40529384,2400.0,1600.0,7.0,,,0,7.29,7.13,1,0,0,0,1,0,0,0,0,0
31353051,2000.0,2000.0,7.0,,,0,0.12,0.41,0,0,0,0,0,0,0,1,0,0
33413279,2500.0,1800.0,6.0,,,0,0.4,0.38,1,0,0,0,1,0,0,0,0,0
52140003,,,,,,0,0.06,0.13,0,0,0,0,0,0,0,0,0,2
38210374,100.0,100.0,1.0,,,0,0.02,0.07,0,0,0,0,0,0,0,1,0,0
7080743,1800.0,1000.0,4.0,,,0,0.1,0.35,0,0,0,0,0,0,0,1,0,0
984114,400.0,1600.0,4.0,,,0,0.11,0.15,0,0,0,0,0,0,0,1,0,0
51822687,2500.0,1100.0,7.0,,,0,0.33,0.59,1,0,0,0,0,1,0,0,0,0
83827392,1100.0,2800.0,7.0,,,0,0.22,0.37,1,0,0,0,0,1,0,0,0,0
6195332,2700.0,2700.0,7.0,,,0,1.49,0.0,1,0,0,0,0,1,0,0,0,0
34022970,500.0,2000.0,4.0,,,0,0.02,1.12,0,0,0,0,0,0,0,1,0,0
68456353,,,,,,0,0.11,0.24,0,0,0,0,0,0,0,0,0,2
95676943,,,,,,0,0.05,0.03,0,0,0,0,0,0,0,0,0,2
99162522,,,,,,0,0.05,0.1,0,0,0,0,0,0,0,0,0,2
98828338,,,,,,0,0.06,0.15,0,0,0,0,0,0,0,0,0,1
26050548,2000.0,2000.0,4.0,,,0,0.31,0.52,1,0,1,0,0,0,0,0,0,0
94937430,,,,,,0,0.07,0.1,0,0,0,0,0,0,0,0,0,2
7405310,,,,,,0,0.32,0.28,0,0,0,0,0,0,0,0,0,1
95376428,,,,,,0,0.39,0.43,0,0,0,0,0,0,0,0,0,1
58308221,,,,,,0,0.12,0.14,0,0,0,0,0,0,0,0,0,1
32391566,600.0,200.0,2.0,,,0,0.17,0.18,0,0,0,0,0,0,0,1,0,0
57995165,,,,,,0,0.07,0.14,0,0,0,0,0,0,0,0,0,1
38383368,100.0,100.0,1.0,,,0,0.04,0.13,0,0,0,0,0,0,0,1,0,0
23617756,,,,,,0,0.29,0.29,0,0,0,0,0,0,0,0,0,2
55737443,0.0,4000.0,8.0,,,0,5.8,0.94,0,0,0,0,0,0,0,1,0,0
23446369,,,,,,0,0.06,0.2,0,0,0,0,0,0,0,0,0,1
57047293,,,,,,0,0.63,0.44,0,0,0,0,0,0,0,0,0,2
64511793,600.0,500.0,2.0,,,0,1.32,0.0,0,0,0,0,0,0,0,0,1,0
39271553,0.0,0.0,1.0,,,0,0.02,0.12,0,0,0,0,0,0,0,0,0,0
39838559,,,,,,0,0.05,0.2,0,0,0,0,0,0,0,0,0,1
1061200,,,,,,0,0.03,0.16,0,0,0,0,0,0,0,0,0,1
6764709,0.0,2000.0,7.0,,,0,0.06,0.1,0,0,0,0,0,0,0,1,0,0
33158448,0.0,2000.0,7.0,,,0,0.45,0.63,1,0,0,0,1,0,0,0,0,0
5641251,,,,,,0,0.05,0.08,0,0,0,0,0,0,0,0,0,2
66322203,,,,,,0,0.04,0.05,0,0,0,0,0,0,0,0,0,1
93449450,0.0,1800.0,4.0,,,0,0.02,0.11,0,0,0,0,0,0,0,1,0,0
75676192,0.0,3000.0,9.0,,,0,0.06,0.1,1,0,0,0,1,0,0,0,0,0
2144946,,,,,,0,0.04,0.15,0,0,0,0,0,0,0,0,0,1
32036866,,,,,,0,0.07,0.15,0,0,0,0,0,0,0,0,0,2
38532954,,,,,,0,0.02,0.06,0,0,0,0,0,0,0,0,0,1
37414347,0.0,,,2.0,,2,0.04,0.13,1,0,0,0,0,0,1,0,0,0
67045745,0.0,1000.0,4.0,,,0,0.04,0.14,0,0,0,0,0,0,0,1,0,0
38459905,,,,,,0,0.04,0.13,0,0,0,0,0,0,0,0,0,1
75059201,0.0,1500.0,6.0,,,0,0.02,0.07,0,0,0,0,0,0,0,1,0,0
49655592,0.0,1000.0,4.0,,,0,0.04,0.1,0,0,0,0,0,0,0,1,0,0
69553552,,,,,,0,0.05,0.15,0,0,0,0,0,0,0,0,0,1
28270534,,,,,,0,0.11,0.22,0,0,0,0,0,0,0,0,0,1
9061682,2400.0,1900.0,6.0,,,0,0.05,0.09,1,0,0,0,1,0,0,0,0,0
12235475,1600.0,1200.0,4.0,,,0,0.06,0.07,0,0,0,0,0,0,0,1,0,0
53199020,2800.0,100.0,8.0,,,0,0.06,0.22,0,0,0,0,0,0,0,1,0,0
86840720,1400.0,1700.0,3.0,,,0,0.09,0.11,0,0,0,0,0,0,0,1,0,0
60434101,1500.0,800.0,4.0,,,0,0.09,0.15,0,0,0,0,0,0,0,1,0,0
94292987,2000.0,0.0,4.0,,,0,0.09,0.15,1,0,0,0,1,0,0,0,0,0
24040093,1700.0,1000.0,4.0,,,0,0.24,0.26,0,0,0,0,0,0,0,1,0,0
19439119,1000.0,800.0,2.0,,,0,0.02,0.33,0,0,0,0,0,0,0,1,0,0
97439806,1100.0,800.0,3.0,,,0,0.02,0.39,0,0,0,0,0,0,0,0,0,0
39477584,3000.0,2000.0,10.0,,,0,0.17,0.2,1,0,0,0,1,0,0,0,0,0
21281085,3050.0,1950.0,10.0,,,0,4.84,2.8,1,0,0,0,1,0,0,0,0,0
97651498,200.0,400.0,1.0,,,0,0.35,0.28,0,0,0,0,0,0,0,1,0,0
57630503,1700.0,0.0,4.0,,,0,0.04,0.04,0,0,0,0,0,0,0,1,0,0
8316661,400.0,200.0,2.0,,,0,0.07,0.11,0,0,0,0,0,0,0,0,0,0
49633574,800.0,500.0,2.0,,,0,0.07,0.12,0,0,0,0,0,0,0,0,0,0
47395382,2300.0,1800.0,5.0,,,0,0.02,0.24,1,0,0,0,1,0,0,0,0,0
47217354,1300.0,1000.0,2.0,,,0,0.06,0.12,0,0,0,0,0,0,0,0,0,0
57775790,,,,,,0,0.04,0.12,0,0,0,0,0,0,0,0,0,1
72328962,2200.0,2100.0,6.0,,,0,0.12,0.21,0,0,0,0,0,0,0,1,0,0
46833854,500.0,200.0,1.0,,,0,0.08,0.16,0,0,0,0,0,0,0,1,0,0
55766177,,,,,,0,0.05,0.06,0,0,0,0,0,0,0,0,0,2
73040500,1500.0,200.0,4.0,,,0,0.1,0.13,0,0,0,0,0,0,0,1,0,0
54048462,2900.0,1700.0,8.0,,,0,0.13,0.17,1,0,0,0,1,0,0,0,0,0
29062925,,,,,,0,0.2,0.42,0,0,0,0,0,0,0,0,0,1
39276790,,,,,,0,0.19,0.21,0,0,0,0,0,0,0,0,0,2
7030340,,,,,,0,0.12,0.1,0,0,0,0,0,0,0,0,0,1
48742406,1400.0,600.0,3.0,,,0,0.14,0.19,0,0,0,0,0,0,0,1,0,0
44451698,2400.0,1200.0,6.0,,,0,0.03,0.08,0,0,0,0,0,0,0,1,0,0
21598948,,,,,,0,0.1,0.28,0,0,0,0,0,0,0,0,0,2
51960178,1900.0,1500.0,4.0,,,0,0.38,0.43,1,0,0,0,0,1,0,0,0,0
20315854,1100.0,1200.0,4.0,,,0,2.91,24.32,0,0,0,0,0,0,0,0,1,0
22419772,1000.0,1000.0,3.0,,,0,0.02,0.13,0,0,0,0,0,0,0,1,0,0
28290705,2300.0,1400.0,4.0,,,0,0.35,0.35,1,0,0,0,0,1,0,0,0,0
45425051,2200.0,1500.0,6.0,,,0,0.85,0.83,0,0,0,0,0,0,0,1,0,0
19684740,2200.0,3000.0,6.0,,,0,1.88,1.12,1,0,0,0,0,1,0,0,0,0
97687912,,,,,,0,0.11,0.16,0,0,0,0,0,0,0,0,0,1
81563416,1600.0,1100.0,4.0,,,0,1.81,0.0,0,0,0,0,0,0,0,0,1,0
20188127,,,,,,0,0.09,0.14,0,0,0,0,0,0,0,0,0,1
86937530,1850.0,1000.0,4.0,,,0,0.05,0.13,0,0,0,0,0,0,0,1,0,0
19144622,1850.0,1000.0,4.0,,,0,2.99,2.48,0,0,0,0,0,0,0,1,0,0
52022648,1850.0,1000.0,4.0,,,0,0.09,0.21,0,0,0,0,0,0,0,1,0,0
65953423,1850.0,1000.0,4.0,,,0,0.1,0.24,0,0,0,0,0,0,0,1,0,0
42921475,1850.0,1000.0,4.0,,,0,0.02,0.17,0,0,0,0,0,0,0,1,0,0
55623480,1850.0,1000.0,4.0,,,0,0.14,0.22,0,0,0,0,0,0,0,1,0,0
27632520,1850.0,1000.0,4.0,,,0,0.14,0.16,1,0,0,0,0,1,0,0,0,0
56725612,,,,,,0,0.12,0.13,0,0,0,0,0,0,0,0,0,1
91957038,,,,,,0,0.06,2.37,0,0,0,0,0,0,0,0,0,1
43236494,,,,,,0,0.11,0.12,0,0,0,0,0,0,0,0,0,1
73507661,,,,,,0,0.1,0.15,0,0,0,0,0,0,0,0,0,2
68401546,1400.0,1000.0,4.0,,,0,8.43,3.17,0,0,0,0,0,0,0,0,1,0
17653779,,,,,,0,0.04,0.14,0,0,0,0,0,0,0,0,0,2
53416326,800.0,1500.0,3.0,,,0,0.39,0.31,0,0,0,0,0,0,0,0,0,0
37160778,800.0,1000.0,3.0,,,0,0.0,0.0,0,0,0,0,0,0,0,0,1,0
86038337,2300.0,2300.0,5.0,,,0,0.11,0.18,1,0,1,0,0,0,0,0,0,0
75582395,1500.0,1100.0,4.0,,,0,0.13,0.53,0,0,0,0,0,0,0,0,1,0
41234315,,,,,,0,0.1,0.13,0,0,0,0,0,0,0,0,0,2
22628574,,,,,,0,0.2,0.13,0,0,0,0,0,0,0,0,0,2
78387742,,,,,,0,0.14,0.12,0,0,0,0,0,0,0,0,0,1
3027001,,,,,,0,0.13,0.1,0,0,0,0,0,0,0,0,0,2
86170989,1200.0,800.0,4.0,,,0,0.06,0.11,0,0,0,0,0,0,0,1,0,0
93023136,,,,,,0,0.5,0.35,0,0,0,0,0,0,0,0,0,2
49674183,2400.0,1300.0,7.0,,,0,0.09,0.28,0,0,0,0,0,0,0,1,0,0
43143567,1800.0,2500.0,10.0,,,0,1.2,0.67,1,0,1,0,0,0,0,0,0,0
68468459,1800.0,0.0,4.0,,,0,0.1,0.12,0,0,0,0,0,0,0,1,0,0
82090807,700.0,700.0,2.0,,,0,0.02,0.06,0,0,0,0,0,0,0,1,0,0
87498729,200.0,0.0,1.0,,,0,0.08,0.18,0,0,0,0,0,0,0,1,0,0
73819701,1800.0,0.0,4.0,,,0,41.63,52.12,0,0,0,0,0,0,0,1,0,0
13301895,,,,,,0,0.17,0.29,0,0,0,0,0,0,0,0,0,1
65861210,,,,,,0,0.15,0.19,0,0,0,0,0,0,0,0,0,1
90312154,,,,,,0,0.43,0.26,0,0,0,0,0,0,0,0,0,2
59011257,1100.0,2200.0,3.0,,,0,0.03,0.13,0,0,0,0,0,0,0,1,0,0
26099457,,,,,,0,0.04,0.08,0,0,0,0,0,0,0,0,0,1
32919136,,,,,,0,0.18,0.4,0,0,0,0,0,0,0,0,0,1
89731911,1200.0,1400.0,3.0,,,0,0.12,0.17,0,0,0,0,0,0,0,1,0,0
31887905,1850.0,1500.0,4.0,,,0,0.05,0.12,0,0,0,0,0,0,0,1,0,0
21390858,1850.0,1500.0,4.0,,,0,0.9,0.43,0,0,0,0,0,0,0,1,0,0
68881649,1850.0,1500.0,4.0,,,0,0.09,0.11,0,0,0,0,0,0,0,1,0,0
4376658,1850.0,1500.0,4.0,,,0,0.06,0.12,0,0,0,0,0,0,0,1,0,0
40542825,1850.0,1500.0,4.0,,,0,0.18,0.31,0,0,0,0,0,0,0,1,0,0
31764353,1850.0,1500.0,4.0,,,0,0.12,0.13,0,0,0,0,0,0,0,1,0,0
26162470,,,,,,0,0.03,0.14,0,0,0,0,0,0,0,0,0,1
64400161,,,,,,0,0.11,0.27,0,0,0,0,0,0,0,0,0,1
79176962,2200.0,2200.0,5.0,,,0,0.04,0.08,0,0,0,0,0,0,0,1,0,0
78661338,2400.0,1800.0,7.0,,,0,0.18,0.21,0,0,0,0,0,0,0,1,0,0
32785578,,,,,,0,0.02,0.13,0,0,0,0,0,0,0,0,0,2
36553319,1000.0,1900.0,3.0,,,0,0.29,0.19,0,0,0,0,0,0,0,1,0,0
27001740,,,,,,0,7.96,0.0,0,0,0,0,0,0,0,0,0,2
54100561,1600.0,400.0,4.0,,5.0,0,2.8,3.83,0,1,0,0,0,0,0,1,0,0
41763141,1000.0,2500.0,5.0,,,0,1.4,1.2,1,0,1,0,0,0,0,0,0,0
77910045,,,,,,0,0.02,0.23,0,0,0,0,0,0,0,0,0,2
39568067,,,,,,0,0.19,0.15,0,0,0,0,0,0,0,0,0,1
786906,,,,,,0,0.05,0.16,0,0,0,0,0,0,0,0,0,2
82970905,1400.0,1000.0,4.0,,,0,0.1,0.25,0,0,0,0,0,0,0,1,0,0
68396778,,,,,,0,0.13,0.25,0,0,0,0,0,0,0,0,0,1
75047173,,,,,,0,6.57,7.1,0,0,0,0,0,0,0,0,0,2
11881272,,,,,,0,0.06,0.23,0,0,0,0,0,0,0,0,0,1
13243124,2100.0,1200.0,6.0,,,0,1.44,1.67,1,0,1,0,0,0,0,0,0,0
87758525,2500.0,2100.0,8.0,,,0,1.05,1.04,1,0,1,0,0,0,0,0,0,0
34193084,1700.0,1500.0,4.0,,,0,0.19,0.29,0,0,0,0,0,0,0,1,0,0
55416843,,,,,,0,0.05,0.16,0,0,0,0,0,0,0,0,0,1
19394153,,,,,,0,0.14,0.17,0,0,0,0,0,0,0,0,0,1
71060915,,,,,,0,0.11,0.1,0,0,0,0,0,0,0,0,0,2
32271987,700.0,1100.0,2.0,,,0,0.23,0.15,0,0,0,0,0,0,0,1,0,0
50785356,800.0,700.0,3.0,,,0,0.08,0.07,0,0,0,0,0,0,0,1,0,0
92597893,1700.0,0.0,3.0,,,0,0.04,0.06,0,0,0,0,0,0,0,1,0,0
3954901,2800.0,2800.0,8.0,,,0,0.13,0.16,0,0,0,0,0,0,0,1,0,0
73176465,1100.0,2000.0,4.0,,,0,0.22,0.28,0,0,0,0,0,0,0,0,0,0
97396380,1700.0,600.0,4.0,,,0,0.06,0.12,0,0,0,0,0,0,0,1,0,0
50866755,2100.0,1800.0,6.0,,,0,1.42,0.71,0,0,0,0,0,0,0,0,0,0
35311929,800.0,0.0,1.0,,,0,0.07,0.13,0,0,0,0,0,0,0,0,0,0
37406863,,,,,,0,0.21,0.23,0,0,0,0,0,0,0,0,0,1
218704,1400.0,1200.0,4.0,,,0,0.05,0.15,0,0,0,0,0,0,0,1,0,0
91697229,4000.0,4000.0,10.0,,,0,0.46,0.42,0,0,0,0,0,0,0,1,0,0
41392891,1300.0,1400.0,4.0,,,0,0.04,0.07,0,0,0,0,0,0,0,0,1,0
98642179,1300.0,,,2.0,,2,0.19,0.47,1,0,0,0,0,0,1,0,0,0
31044787,,,,,,0,0.11,0.18,0,0,0,0,0,0,0,0,0,2
6696168,0.0,0.0,8.0,,,0,0.06,0.17,0,0,0,0,0,0,0,1,0,0
78706415,500.0,500.0,3.0,,,0,3.93,8.29,0,0,0,0,0,0,0,1,0,0
7153114,,,,,,0,0.14,0.18,0,0,0,0,0,0,0,0,0,1
88288421,,,,,,0,0.0,0.0,0,0,0,0,0,0,0,0,0,1
89529919,1600.0,1200.0,4.0,,,0,0.04,0.13,0,0,0,0,0,0,0,1,0,0
81172176,,,,,,0,2.76,0.66,0,0,0,0,0,0,0,0,0,2
60743819,,,,,,0,0.07,0.09,0,0,0,0,0,0,0,0,0,2
77456781,1200.0,1400.0,4.0,,,0,0.15,0.41,0,0,0,0,0,0,0,0,1,0
56838842,2100.0,0.0,5.0,,,0,0.12,0.2,0,0,0,0,0,0,0,1,0,0
68870276,1300.0,1400.0,4.0,,,0,1.06,0.0,0,0,0,0,0,0,0,0,1,0
2863439,1100.0,1400.0,4.0,,,0,0.02,0.14,0,0,0,0,0,0,0,0,1,0
63947968,1300.0,1400.0,4.0,,,0,0.03,0.16,0,0,0,0,0,0,0,1,0,0
26566878,900.0,200.0,2.0,,,0,0.12,0.17,0,0,0,0,0,0,0,0,1,0
66235877,2000.0,1200.0,5.0,,,0,1.64,0.94,1,0,1,0,0,0,0,0,0,0
22855882,1400.0,800.0,4.0,,,0,0.0,0.0,0,0,0,0,0,0,0,0,1,0
52800428,600.0,600.0,2.0,,,0,2.31,0.0,0,0,0,0,0,0,0,0,1,0
58607704,,,,,,0,0.05,0.09,0,0,0,0,0,0,0,0,0,2
31890399,2100.0,1800.0,6.0,,,0,0.14,0.21,0,0,0,1,0,0,0,0,0,0
24874630,,,,,,0,0.03,0.12,0,0,0,0,0,0,0,0,0,1
50078509,,,,,,0,0.15,0.2,0,0,0,0,0,0,0,0,0,2
82556058,2800.0,2000.0,8.0,,,0,0.61,0.58,0,0,0,0,0,0,0,1,0,0
24662957,,,,,,0,0.18,0.17,0,0,0,0,0,0,0,0,0,2
1759808,,,,,,0,0.03,0.03,0,0,0,0,0,0,0,0,0,2
81035362,1400.0,900.0,3.0,,,0,0.45,0.33,0,0,0,0,0,0,0,1,0,0
60764609,1800.0,2400.0,6.0,,,0,2.41,1.09,0,0,0,0,0,0,0,1,0,0
99989863,,,,,,0,0.29,0.24,0,0,0,0,0,0,0,0,0,2
26434972,,,,,,0,0.2,0.32,0,0,0,0,0,0,0,0,0,2
32991300,1800.0,,,3.0,,3,0.6,0.82,1,0,0,0,0,0,1,0,0,0
82135803,2800.0,2400.0,9.0,,,0,0.16,0.18,1,0,1,0,0,0,0,0,0,0
46640168,2400.0,2400.0,6.0,,,0,0.07,0.13,1,0,1,0,0,0,0,0,0,0
2463794,600.0,,,1.0,,1,0.55,0.38,1,0,0,0,0,0,1,0,0,0
11464648,3000.0,3600.0,9.0,,,0,0.9,1.56,1,0,1,0,0,0,0,0,0,0
35552985,,,,,,0,0.16,0.19,0,0,0,0,0,0,0,0,0,1
49867899,1200.0,,,2.0,,2,0.13,0.27,1,0,0,0,0,0,1,0,0,0
98567237,,,,,,0,2.87,5.34,0,0,0,0,0,0,0,0,0,1
27012717,1700.0,1000.0,4.0,,,0,0.03,0.07,0,0,0,0,0,0,0,1,0,0
68054593,,,,,,0,0.08,0.13,0,0,0,0,0,0,0,0,0,2
55428811,,,,,,0,0.13,0.17,0,0,0,0,0,0,0,0,0,1
71275181,,,,,,0,0.11,0.11,0,0,0,0,0,0,0,0,0,1
85862791,,,,,,0,0.04,0.09,0,0,0,0,0,0,0,0,0,2
36319131,1700.0,1600.0,5.0,,,0,0.2,0.44,1,0,1,0,0,0,0,0,0,0
35697544,,,,,,0,10.69,15.84,0,0,0,0,0,0,0,0,0,1
1047075,1800.0,1600.0,4.0,,,0,0.69,2.48,0,0,0,0,0,0,0,1,0,0
6178850,,,,,,0,0.02,0.11,0,0,0,0,0,0,0,0,0,1
78293584,,,,,,0,0.06,0.12,0,0,0,0,0,0,0,0,0,1
70538272,3000.0,2500.0,8.0,,,0,0.4,0.47,1,0,1,0,0,0,0,0,0,0
36205132,0.0,0.0,1.0,,,0,3.13,1.97,0,0,0,0,0,0,0,1,0,0
52503575,,,,,,0,0.02,0.12,0,0,0,0,0,0,0,0,0,2
54261514,,,,,,0,0.41,0.43,0,0,0,0,0,0,0,0,0,1
95308449,,,,,,0,0.43,0.65,0,0,0,0,0,0,0,0,0,1
35756798,,,,,,0,0.05,0.14,0,0,0,0,0,0,0,0,0,1
18591904,,,,,,0,0.05,0.11,0,0,0,0,0,0,0,0,0,1
300201003,,,,,,0,0.14,0.2,0,0,0,0,0,0,0,0,0,3
73134082,,,,,,0,0.07,0.25,0,0,0,0,0,0,0,0,0,1
89719143,,,,,,0,0.1,0.26,0,0,0,0,0,0,0,0,0,2
16832845,,,,,,0,0.21,0.08,0,0,0,0,0,0,0,0,0,2
23269426,,,,,,0,0.07,0.08,0,0,0,0,0,0,0,0,0,1
51549976,,,,,,0,0.2,0.19,0,0,0,0,0,0,0,0,0,1
85121747,,,,,,0,0.0,0.0,0,0,0,0,0,0,0,0,0,2
17956906,,,,,,0,0.18,0.18,0,0,0,0,0,0,0,0,0,1
87622767,2200.0,1700.0,5.0,,,0,0.26,0.16,0,0,0,0,0,0,0,1,0,0
60369732,,,,,,0,0.14,0.17,0,0,0,0,0,0,0,0,0,1
92595643,,,,,,0,0.14,0.27,0,0,0,0,0,0,0,0,0,2
51849482,1000.0,2800.0,10.0,,,0,0.06,0.14,0,0,0,0,0,0,0,1,0,0
48310593,,,,,,0,0.04,0.04,0,0,0,0,0,0,0,0,0,1
78275321,700.0,1300.0,3.0,,,0,0.11,0.11,0,0,0,0,0,0,0,0,0,0
81109178,1700.0,200.0,4.0,,,0,0.06,0.23,0,0,0,0,0,0,0,1,0,0
43061293,,,,,,0,0.18,0.28,0,0,0,0,0,0,0,0,0,2
11654067,,,,,,0,0.38,0.48,0,0,0,0,0,0,0,0,0,1
88435542,800.0,600.0,2.0,,,0,0.0,0.0,0,0,0,0,0,0,0,0,1,0
64514892,1500.0,,0.0,2.0,,2,0.07,0.2,1,0,0,0,0,0,1,0,0,0
42052439,100.0,100.0,1.0,,,0,0.02,0.2,0,0,0,0,0,0,0,1,0,0
93754402,,,,,,0,0.33,0.3,0,0,0,0,0,0,0,0,0,1
19059929,,,,,,0,0.22,0.21,0,0,0,0,0,0,0,0,0,1
29143457,,,,,,0,0.32,0.28,0,0,0,0,0,0,0,0,0,1
33665663,,,,,,0,0.07,0.17,0,0,0,0,0,0,0,0,0,2
70329348,,,,,,0,0.07,0.17,0,0,0,0,0,0,0,0,0,2
57103969,,,,,,0,0.06,0.09,0,0,0,0,0,0,0,0,0,1
44920699,,,,,,0,0.16,0.18,0,0,0,0,0,0,0,0,0,2
10719350,,,,,,0,0.14,0.13,0,0,0,0,0,0,0,0,0,1
36499284,,,,,,0,0.13,0.16,0,0,0,0,0,0,0,0,0,1
66750703,,,,,,0,0.21,0.2,0,0,0,0,0,0,0,0,0,1
68535320,1600.0,1000.0,4.0,,,0,0.12,0.16,0,0,0,0,0,0,0,1,0,0
18621798,1800.0,200.0,4.0,,,0,0.07,0.23,0,0,0,0,0,0,0,1,0,0
69000994,1800.0,200.0,4.0,,,0,0.15,0.27,0,0,0,0,0,0,0,1,0,0
54149433,700.0,1700.0,3.0,,,0,0.07,0.13,0,0,0,0,0,0,0,1,0,0
96594609,1000.0,200.0,3.0,,,0,0.15,0.3,0,0,0,0,0,0,0,1,0,0
38910263,1600.0,200.0,4.0,,,0,0.11,0.19,0,0,0,0,0,0,0,1,0,0
66413481,1800.0,200.0,4.0,,,0,0.05,0.18,0,0,0,0,0,0,0,1,0,0
44455560,800.0,2000.0,4.0,,,0,4.56,2.75,0,0,0,0,0,0,0,1,0,0
23015896,2700.0,1700.0,8.0,,,0,0.11,0.25,0,0,0,0,0,0,0,1,0,0
2526224,2400.0,200.0,8.0,,,0,0.07,0.09,0,0,0,0,0,0,0,1,0,0
57554544,,,,,,0,0.08,0.12,0,0,0,0,0,0,0,0,0,1
65305978,,,,,,0,0.5,0.69,0,0,0,0,0,0,0,0,0,1
91703676,,,,,,0,0.17,0.38,0,0,0,0,0,0,0,0,0,1
46534755,1600.0,1500.0,4.0,,,0,0.05,0.09,0,0,0,0,0,0,0,0,1,0
36006208,,,,,,0,0.57,0.78,0,0,0,0,0,0,0,0,0,2
28363749,2500.0,1000.0,6.0,,0.0,0,0.05,0.11,0,1,0,0,0,0,0,0,1,0
24882256,2300.0,,,3.0,,3,0.15,0.27,1,0,0,0,0,0,1,0,0,0
64752646,1300.0,1500.0,4.0,,,0,0.03,0.87,0,0,0,0,0,0,0,1,0,0
269510,,,,,,0,0.03,0.05,0,0,0,0,0,0,0,0,0,1
53581214,700.0,500.0,2.0,,,0,0.05,0.17,0,0,0,0,0,0,0,0,1,0
42516299,,,,,,0,0.31,0.34,0,0,0,0,0,0,0,0,0,1
27132350,1000.0,1500.0,4.0,,,0,0.02,0.09,0,0,0,0,0,0,0,1,0,0
53927679,1000.0,1000.0,3.0,,,0,0.11,0.19,0,0,0,0,0,0,0,1,0,0
98596597,,,,,,0,0.0,0.0,0,0,0,0,0,0,0,0,0,4
87473172,1000.0,800.0,4.0,,,0,0.12,0.2,0,0,0,0,0,0,0,1,0,0
373085,800.0,200.0,3.0,,,0,0.02,0.1,0,0,0,0,0,0,0,1,0,0
53293545,700.0,600.0,2.0,,,0,0.02,0.13,0,0,0,0,0,0,0,0,1,0
46173679,,,,,,0,0.09,0.17,0,0,0,0,0,0,0,0,0,1
13846680,2000.0,1500.0,7.0,,,0,0.05,0.1,0,0,0,0,0,0,0,1,0,0
17151328,,,,,,0,0.11,0.14,0,0,0,0,0,0,0,0,0,1
94804055,,,,,,0,0.06,0.1,0,0,0,0,0,0,0,0,0,2
20455229,1200.0,1500.0,4.0,,,0,1.6,3.94,0,0,0,0,0,0,0,1,0,0
5043010,2500.0,,,4.0,,4,0.31,0.29,1,0,0,0,0,0,1,0,0,0
68934651,3000.0,,,5.0,,5,0.15,0.36,1,0,0,0,0,0,1,0,0,0
64211118,3000.0,,,5.0,,5,1.08,2.05,1,0,0,0,0,0,1,0,0,0
21637210,3500.0,,,6.0,,6,0.76,0.83,1,0,0,0,0,0,1,0,0,0
21065189,2500.0,2000.0,4.0,,,0,0.21,0.2,1,0,0,0,0,1,0,0,0,0
86605184,100.0,2000.0,4.0,,,0,0.16,0.3,0,0,0,0,0,0,0,1,0,0
57940938,2000.0,1300.0,5.0,,,0,0.08,0.13,0,0,0,0,0,0,0,1,0,0
16926971,2300.0,2000.0,7.0,,,0,0.13,0.2,1,0,0,0,1,0,0,0,0,0
27054370,2250.0,1800.0,6.0,,,0,0.56,0.35,0,0,0,0,0,0,0,0,1,0
101206080,,,,,,0,0.0,0.0,0,0,0,0,0,0,0,0,0,2
71407486,1300.0,1000.0,4.0,,,0,0.02,0.09,0,0,0,0,0,0,0,0,1,0
53466722,3700.0,3000.0,11.0,,,0,0.2,0.24,1,0,1,0,0,0,0,0,0,0
10817524,2700.0,2000.0,9.0,,,0,0.14,0.17,1,0,1,0,0,0,0,0,0,0
12975671,100.0,100.0,1.0,,,0,0.16,0.23,0,0,0,0,0,0,0,1,0,0
19932396,,,,,,0,0.14,0.34,0,0,0,0,0,0,0,0,0,1
33622465,,,,,,0,0.05,0.08,0,0,0,0,0,0,0,0,0,2
74271714,,,,,,0,0.13,0.16,0,0,0,0,0,0,0,0,0,1
32703716,,,,,,0,0.14,0.22,0,0,0,0,0,0,0,0,0,1
21507589,,,,,,0,0.23,0.4,0,0,0,0,0,0,0,0,0,1
58873391,,,,,,0,0.14,0.15,0,0,0,0,0,0,0,0,0,2
35834119,1200.0,400.0,4.0,,,0,0.08,0.05,1,0,0,0,1,0,0,0,0,0
94626050,,,,,,0,0.11,0.12,0,0,0,0,0,0,0,0,0,2
22819092,,,,,,0,0.29,0.29,0,0,0,0,0,0,0,0,0,1
62023839,300.0,300.0,3.0,,,0,0.07,0.16,0,0,0,0,0,0,0,0,0,0
93369354,100.0,200.0,1.0,,,0,0.73,1.21,0,0,0,0,0,0,0,0,0,0
10560119,400.0,400.0,4.0,,,0,0.08,0.16,0,0,0,0,0,0,0,1,0,0
57420265,400.0,400.0,4.0,,,0,0.05,0.16,0,0,0,0,0,0,0,0,0,0
66853752,200.0,100.0,1.0,,,0,0.07,0.13,0,0,0,0,0,0,0,0,0,0
51282878,200.0,200.0,2.0,,,0,0.09,0.09,0,0,0,0,0,0,0,1,0,0
76660178,1850.0,1600.0,4.0,,,0,0.14,0.25,0,0,0,0,0,0,0,1,0,0
66788016,,,,,,0,0.02,0.19,0,0,0,0,0,0,0,0,0,1
49181828,2400.0,1700.0,5.0,,,0,0.13,0.17,0,0,0,0,0,0,0,1,0,0
79868386,,,,,,0,0.24,0.27,0,0,0,0,0,0,0,0,0,1
21834870,,,,,,0,0.1,0.19,0,0,0,0,0,0,0,0,0,2
70946699,,,,,,0,0.05,0.11,0,0,0,0,0,0,0,0,0,2
6309986,,,,,,0,0.19,0.3,0,0,0,0,0,0,0,0,0,1
99267150,5000.0,5000.0,12.0,,,0,2.5,2.18,1,0,1,0,0,0,0,0,0,0
10669138,5000.0,,,5.0,,5,1.6,1.65,1,0,0,0,0,0,1,0,0,0
49847524,1200.0,,0.0,2.0,,2,0.03,0.09,1,0,0,0,0,0,1,0,0,0
33034646,1700.0,1000.0,4.0,,,0,0.02,0.17,0,0,0,0,0,0,0,1,0,0
80794697,1400.0,200.0,3.0,,,0,0.28,0.26,0,0,0,0,0,0,0,1,0,0
60862676,2100.0,1800.0,6.0,,,0,0.02,0.17,0,0,0,0,0,0,0,0,1,0
42599677,1900.0,1300.0,5.0,,,0,0.07,0.11,0,0,0,0,0,0,0,0,1,0
91152455,,,,,,0,0.13,0.29,0,0,0,0,0,0,0,0,0,2
12883044,550.0,450.0,2.0,,,0,0.05,0.15,0,0,0,0,0,0,0,0,1,0
58528964,1000.0,800.0,3.0,,,0,0.12,0.83,1,0,1,0,0,0,0,0,0,0
34460851,900.0,1000.0,3.0,,,0,0.02,0.16,0,0,0,0,0,0,0,0,1,0
58098303,2400.0,1700.0,7.0,,,0,0.11,0.09,0,0,0,0,0,0,0,1,0,0
41089128,1500.0,1600.0,4.0,,,0,0.06,0.28,0,0,0,0,0,0,0,1,0,0
79444933,1500.0,1200.0,4.0,,,0,0.12,0.09,0,0,0,0,0,0,0,1,0,0
8080257,,,,,,0,0.08,0.29,0,0,0,0,0,0,0,0,0,2
45231177,1800.0,1600.0,5.0,,,0,0.21,0.28,1,0,1,0,0,0,0,0,0,0
73714736,,,,,,0,0.27,0.4,0,0,0,0,0,0,0,0,0,1
66499018,1800.0,0.0,4.0,,,0,0.1,0.08,0,0,0,0,0,0,0,1,0,0
2830619,400.0,450.0,2.0,,,0,0.83,0.68,0,0,0,0,0,0,0,0,1,0
25577965,1400.0,,,2.0,,2,0.2,0.13,1,0,0,0,0,0,1,0,0,0
54326448,1000.0,200.0,3.0,,,0,0.16,0.27,0,0,0,0,0,0,0,0,0,0
13761956,800.0,200.0,1.0,,,0,0.07,0.15,0,0,0,0,0,0,0,0,0,0
40189917,2200.0,200.0,6.0,,,0,0.17,0.56,0,0,0,0,0,0,0,1,0,0
60718396,,,,,,0,0.16,0.11,0,0,0,0,0,0,0,0,0,2
68226653,1100.0,200.0,2.0,,,0,0.06,0.12,0,0,0,0,0,0,0,1,0,0
91711547,2100.0,1200.0,5.0,,,0,0.08,0.21,0,0,0,0,0,0,0,1,0,0
23297235,1900.0,200.0,4.0,,,0,0.15,0.33,0,0,0,0,0,0,0,1,0,0
77372241,1700.0,200.0,4.0,,,0,0.05,0.19,0,0,0,0,0,0,0,1,0,0
21615956,100.0,2000.0,1.0,,,0,0.13,0.11,0,0,0,0,0,0,0,0,1,0
95621257,1400.0,200.0,4.0,,,0,0.2,0.17,0,0,0,0,0,0,0,0,0,0
28332833,200.0,200.0,1.0,,,0,0.08,0.15,0,0,0,0,0,0,0,1,0,0
53714009,2100.0,400.0,6.0,,,0,6.37,3.52,1,0,0,0,1,0,0,0,0,0
13708425,300.0,1300.0,3.0,,,0,0.21,0.12,0,0,0,0,0,0,0,0,0,0
96890582,2000.0,2000.0,4.0,,,0,0.02,0.04,0,0,0,0,0,0,0,1,0,0
95372220,2300.0,,,3.0,,3,0.05,0.2,1,0,0,0,0,0,1,0,0,0
17236839,,,,,,0,0.12,0.15,0,0,0,0,0,0,0,0,0,1
17390179,1800.0,600.0,4.0,,7.0,0,0.08,0.08,0,1,0,0,0,0,0,0,1,0
31809476,,,,,,0,0.08,0.15,0,0,0,0,0,0,0,0,0,1
39956951,,,,,,0,0.08,0.11,0,0,0,0,0,0,0,0,0,1
9267769,,,,,,0,0.06,0.09,0,0,0,0,0,0,0,0,0,2
50849686,,,,,,0,0.0,0.0,0,0,0,0,0,0,0,0,0,1
5063379,,,,,,0,0.09,0.27,0,0,0,0,0,0,0,0,0,1
39730727,,,,,,0,0.13,0.32,0,0,0,0,0,0,0,0,0,1
54399598,,,,,,0,0.14,0.09,0,0,0,0,0,0,0,0,0,1
44694191,2400.0,0.0,8.0,,,0,0.17,0.22,0,0,0,0,0,0,0,1,0,0
61807040,800.0,1300.0,2.0,,,0,0.16,0.11,0,0,0,0,0,0,0,1,0,0
19642774,400.0,200.0,2.0,,,0,0.05,0.13,0,0,0,0,0,0,0,0,0,0
10204849,,,,,,0,0.06,0.2,0,0,0,0,0,0,0,0,0,1
209710,1000.0,1400.0,4.0,,,0,0.05,0.07,0,0,0,0,0,0,0,1,0,0
300202008,,,,,,0,0.23,0.56,0,0,0,0,0,0,0,0,0,3
75560629,,,,,,0,0.12,0.15,0,0,0,0,0,0,0,0,0,1
84778110,800.0,1600.0,3.0,,,0,0.11,0.16,0,0,0,0,0,0,0,1,0,0
83812099,1500.0,800.0,4.0,,,0,0.13,0.13,0,0,0,0,0,0,0,1,0,0
16437822,,,,,,0,0.11,0.1,0,0,0,0,0,0,0,0,0,1
81278754,500.0,200.0,2.0,,,0,1.45,3.64,0,0,0,0,0,0,0,1,0,0
32176662,500.0,500.0,1.0,,,0,0.05,0.07,0,0,0,0,0,0,0,1,0,0
11024707,200.0,200.0,2.0,,,0,0.03,0.09,0,0,0,0,0,0,0,1,0,0
50134646,,,,,,0,0.02,0.04,0,0,0,0,0,0,0,0,0,1
9400127,1800.0,1400.0,4.0,,,0,0.12,0.17,0,0,0,0,0,0,0,1,0,0
69599136,,,,,,0,0.06,0.18,0,0,0,0,0,0,0,0,0,2
54334420,800.0,1000.0,1.0,,,0,0.92,0.29,0,0,0,0,0,0,0,1,0,0
80611581,2700.0,1000.0,10.0,,,0,0.29,0.2,0,0,0,0,0,0,0,1,0,0
18940725,600.0,1200.0,1.0,,,0,0.75,0.27,0,0,0,0,0,0,0,1,0,0
53212882,2900.0,800.0,10.0,,,0,0.2,0.28,0,0,0,0,0,0,0,1,0,0
80433039,700.0,1100.0,1.0,,,0,0.09,0.11,0,0,0,0,0,0,0,1,0,0
17827173,500.0,1300.0,1.0,,,0,0.11,0.14,0,0,0,0,0,0,0,1,0,0
69087397,,,,,,0,0.47,0.23,0,0,0,0,0,0,0,0,0,1
41215808,,,,,,0,0.16,0.14,0,0,0,0,0,0,0,0,0,2
28126717,,,,,,0,0.56,0.27,0,0,0,0,0,0,0,0,0,1
77610503,,,,,,0,0.11,0.08,0,0,0,0,0,0,0,0,0,2
55521751,,,,,,0,0.21,0.24,0,0,0,0,0,0,0,0,0,1
32887445,,,,,,0,0.02,0.09,0,0,0,0,0,0,0,0,0,1
3966653,2000.0,2000.0,6.0,,,0,0.23,0.59,1,0,0,0,1,0,0,0,0,0
30382214,100.0,100.0,3.0,,,0,0.16,0.28,0,0,0,0,0,0,0,1,0,0
5489987,2000.0,2000.0,3.0,,,0,0.16,0.3,0,0,0,0,0,0,0,1,0,0
94388754,1000.0,1000.0,7.0,,,0,0.1,0.26,0,0,0,0,0,0,0,1,0,0
87460579,5000.0,0.0,10.0,,,0,1.11,0.73,1,0,0,0,1,0,0,0,0,0
42291297,3000.0,3000.0,8.0,,,0,0.28,0.39,1,0,0,0,1,0,0,0,0,0
21772453,1000.0,1000.0,10.0,,,0,0.1,0.25,0,0,0,0,0,0,0,1,0,0
33541430,2000.0,2000.0,6.0,,,0,0.14,0.29,1,0,0,0,1,0,0,0,0,0
80630522,100.0,100.0,12.0,,,0,0.12,0.25,0,0,0,0,0,0,0,1,0,0
16802689,2000.0,2000.0,12.0,,,0,0.07,0.22,0,0,0,0,0,0,0,1,0,0
57261568,1000.0,1000.0,6.0,,,0,0.1,0.34,0,0,0,0,0,0,0,0,0,0
81752019,100.0,100.0,1.0,,,0,0.11,0.36,0,0,0,0,0,0,0,1,0,0
16024176,2000.0,2000.0,1.0,,,0,0.08,0.19,0,0,0,0,0,0,0,1,0,0
54135423,100.0,100.0,11.0,,,0,0.14,0.32,0,0,0,0,0,0,0,1,0,0
89818984,2000.0,2000.0,11.0,,,0,0.08,0.33,0,0,0,0,0,0,0,0,0,0
17141718,100.0,100.0,8.0,,,0,0.11,0.32,0,0,0,0,0,0,0,1,0,0
43413875,2000.0,2000.0,8.0,,,0,0.1,0.18,0,0,0,0,0,0,0,1,0,0
78785392,,,,,,0,0.07,0.29,0,0,0,0,0,0,0,0,0,1
30786387,,,,,,0,0.17,0.24,0,0,0,0,0,0,0,0,0,1
95952802,1800.0,1400.0,5.0,,,0,0.11,0.1,1,0,1,0,0,0,0,0,0,0
45010690,1500.0,800.0,3.0,,,0,0.09,0.19,0,0,0,0,0,0,0,1,0,0
10851853,2000.0,0.0,4.0,,,0,0.03,0.06,0,0,0,0,0,0,0,1,0,0
83793721,2800.0,1500.0,8.0,,,0,0.12,0.99,1,0,1,0,0,0,0,0,0,0
15341822,,,,,,0,0.0,0.0,0,0,0,0,0,0,0,0,0,4
45215225,600.0,1200.0,2.0,,8.0,0,0.1,0.26,0,1,0,0,0,0,0,1,0,0
3841833,1200.0,800.0,3.0,,,0,0.33,0.63,0,0,0,0,0,0,0,1,0,0
2729285,700.0,300.0,1.0,,,0,0.31,0.3,0,0,0,0,0,0,0,1,0,0
9298235,,,,,,0,0.15,0.15,0,0,0,0,0,0,0,0,0,2
39246582,1700.0,1000.0,4.0,,,0,0.69,0.94,0,0,0,0,0,0,0,1,0,0
82896870,1600.0,1000.0,4.0,,,0,0.17,0.34,0,0,0,0,0,0,0,1,0,0
66457138,1600.0,1200.0,4.0,,,0,0.12,0.14,0,0,0,0,0,0,0,1,0,0
6142488,100.0,100.0,1.0,,,0,0.97,0.59,0,0,0,0,0,0,0,1,0,0
87246309,800.0,800.0,1.0,,,0,1.37,2.44,0,0,0,0,0,0,0,1,0,0
65331686,1000.0,1000.0,2.0,,,0,0.32,0.32,0,0,0,0,0,0,0,1,0,0
13241004,1600.0,1100.0,4.0,,,0,0.32,5.91,0,0,0,0,0,0,0,1,0,0
38124994,300.0,1200.0,1.0,,,0,0.11,0.2,0,0,0,0,0,0,0,1,0,0
98280324,400.0,800.0,2.0,,,0,0.13,0.19,0,0,0,0,0,0,0,1,0,0
72413000,100.0,100.0,1.0,,,0,0.1,0.21,0,0,0,0,0,0,0,1,0,0
21861412,2600.0,2000.0,7.0,,,0,0.12,0.25,1,0,1,0,0,0,0,0,0,0
11954712,1600.0,300.0,3.0,,,0,0.02,0.08,0,0,0,0,0,0,0,1,0,0
80978111,700.0,700.0,3.0,,,0,0.02,0.15,0,0,0,0,0,0,0,1,0,0
66765023,1850.0,1300.0,4.0,,,0,0.22,0.3,0,0,0,0,0,0,0,1,0,0
31987274,800.0,500.0,4.0,,,0,0.02,0.14,0,0,0,0,0,0,0,0,1,0
16898077,3000.0,2500.0,8.0,,,0,0.28,0.49,0,0,0,0,0,0,0,1,0,0
84834865,1400.0,900.0,4.0,,,0,0.18,0.08,0,0,0,0,0,0,0,1,0,0
3134241,1500.0,800.0,4.0,,,0,0.02,0.12,0,0,0,0,0,0,0,0,1,0
95784714,0.0,,,2.0,,2,0.37,0.58,1,0,0,0,0,0,1,0,0,0
88875132,1800.0,1000.0,4.0,,,0,0.53,1.21,0,0,0,0,0,0,0,1,0,0
5628232,1200.0,1000.0,4.0,,,0,2.78,6.87,0,0,0,0,0,0,0,0,1,0
33314479,500.0,500.0,4.0,,,0,0.02,0.05,0,0,0,0,0,0,0,1,0,0
97697678,1000.0,2000.0,5.0,,,0,0.11,0.12,0,0,0,0,0,0,0,1,0,0
72386290,,,,,,0,0.03,0.06,0,0,0,0,0,0,0,0,0,1
63741331,,,,,,0,0.09,0.1,0,0,0,0,0,0,0,0,0,1
6614221,0.0,0.0,7.0,,,0,0.43,0.35,0,0,0,0,0,0,0,1,0,0
300302065,,,,,,0,0.0,0.16,0,0,0,0,0,0,0,0,0,3
15001940,1600.0,1850.0,4.0,,,0,0.12,0.22,0,0,0,1,0,0,0,1,0,0
66023650,2400.0,,,3.0,,3,0.11,0.54,1,0,0,0,0,0,1,0,0,0
98252586,,,,,,0,0.02,0.1,0,0,0,0,0,0,0,0,0,1
42776855,,,,,,0,0.09,0.11,0,0,0,0,0,0,0,0,0,2
63175639,1600.0,900.0,3.0,,,0,0.92,0.58,0,0,0,0,0,0,0,1,0,0
81439173,,,,,,0,0.07,0.15,0,0,0,0,0,0,0,0,0,1
35726888,,,,,,0,0.31,0.31,0,0,0,0,0,0,0,0,0,1
65118318,,,,,,0,0.15,0.26,0,0,0,0,0,0,0,0,0,2
88369727,,,,,,0,0.11,0.08,0,0,0,0,0,0,0,0,0,1
83778600,,,,,,0,0.15,0.11,0,0,0,0,0,0,0,0,0,2
10529441,,,,,,0,0.05,0.17,0,0,0,0,0,0,0,0,0,2
3211439,,,,,,0,0.12,0.11,0,0,0,0,0,0,0,0,0,2
28429121,,,,,,0,0.15,0.4,0,0,0,0,0,0,0,0,0,1
25789292,,,,,,0,0.14,0.17,0,0,0,0,0,0,0,0,0,1
98829635,,,,,,0,40.1,50.27,0,0,0,0,0,0,0,0,0,1
300302030,,,,,,0,0.0,0.15,0,0,0,0,0,0,0,0,0,3
10833828,,,,,,0,0.06,0.16,0,0,0,0,0,0,0,0,0,1
96864811,,,,,,0,0.15,0.14,0,0,0,0,0,0,0,0,0,1
24299458,,,,,,0,0.85,0.95,0,0,0,0,0,0,0,0,0,1
27243130,,,,,,0,0.12,0.22,0,0,0,0,0,0,0,0,0,1
12157563,,,,,,0,0.07,0.15,0,0,0,0,0,0,0,0,0,2
54773234,,,,,,0,0.33,0.38,0,0,0,0,0,0,0,0,0,1
49033797,,,,,,0,0.2,0.23,0,0,0,0,0,0,0,0,0,1
40583194,500.0,500.0,2.0,,,0,0.17,0.24,0,0,0,0,0,0,0,0,0,0
43340443,,,,,,0,0.6,0.85,0,0,0,0,0,0,0,0,0,2
97806240,,,,,,0,0.29,0.48,0,0,0,0,0,0,0,0,0,2
74923978,,,,,,0,0.1,0.17,0,0,0,0,0,0,0,0,0,2
87430998,,,,,,0,0.04,0.21,0,0,0,0,0,0,0,0,0,1
91228233,,,,,,0,0.11,0.17,0,0,0,0,0,0,0,0,0,1
27104921,,,,,,0,0.02,0.1,0,0,0,0,0,0,0,0,0,2
87765315,,,,,,0,0.04,0.09,0,0,0,0,0,0,0,0,0,1
300302066,,,,,,0,0.0,0.14,0,0,0,0,0,0,0,0,0,3
43889633,,,,,,0,0.06,0.24,0,0,0,0,0,0,0,0,0,2
84536654,,,,,,0,0.17,0.57,0,0,0,0,0,0,0,0,0,1
26931058,,,,,,0,0.02,0.14,0,0,0,0,0,0,0,0,0,2
50366775,0.0,0.0,1.0,,,0,0.1,0.19,0,0,0,0,0,0,0,1,0,0
50091196,200.0,1500.0,2.0,,,0,0.08,0.19,1,0,0,0,1,0,0,0,0,0
11493868,,,,,,0,0.12,0.15,0,0,0,0,0,0,0,0,0,1
86997073,,,,,,0,0.16,0.14,0,0,0,0,0,0,0,0,0,1
66288028,600.0,1200.0,2.0,,,0,0.07,0.11,0,0,0,0,0,0,0,1,0,0
62337487,2350.0,2150.0,7.0,,,0,0.05,0.28,0,0,0,1,0,0,0,0,0,0
77454922,,,,,,0,0.06,0.14,0,0,0,0,0,0,0,0,0,1
39299733,1000.0,2000.0,6.0,,,0,0.17,0.23,0,0,0,0,0,0,0,1,0,0
31683874,0.0,0.0,5.0,,,0,0.11,0.26,0,0,0,0,0,0,0,1,0,0
68078978,0.0,0.0,6.0,,,0,0.18,0.3,0,0,0,0,0,0,0,1,0,0
32305461,0.0,0.0,2.0,,,0,0.11,0.33,0,0,0,0,0,0,0,1,0,0
6311717,0.0,0.0,1.0,,,0,0.33,0.63,0,0,0,0,0,0,0,1,0,0
79890560,0.0,0.0,3.0,,,0,0.12,0.23,0,0,0,0,0,0,0,1,0,0
5298175,0.0,0.0,4.0,,,0,0.1,0.25,0,0,0,0,0,0,0,1,0,0
27895597,,,,,,0,0.85,0.84,0,0,0,0,0,0,0,0,0,1
55586621,-1.0,-1.0,5.0,,,0,1.54,4.81,0,0,0,0,0,0,0,1,0,0
82971335,-1.0,-1.0,6.0,,,0,1.07,1.58,0,0,0,0,0,0,0,1,0,0
70252926,-1.0,-1.0,7.0,,,0,13.87,25.9,1,0,0,0,1,0,0,0,0,0
71870152,-1.0,-1.0,2.0,,,0,0.18,0.23,0,0,0,0,0,0,0,1,0,0
34471458,-1.0,-1.0,1.0,,,0,0.56,0.62,0,0,0,0,0,0,0,1,0,0
57869175,-1.0,-1.0,1.0,,,0,0.2,0.36,0,0,0,0,0,0,0,0,0,0
84218527,,,,,,0,0.12,0.13,0,0,0,0,0,0,0,0,0,2
29088922,-1.0,-1.0,4.0,,,0,0.21,0.47,0,0,0,0,0,0,0,1,0,0
82693917,-1.0,-1.0,3.0,,,0,0.7,2.03,0,0,0,0,0,0,0,1,0,0
91407982,,,,,,0,0.13,0.16,0,0,0,0,0,0,0,0,0,1
68663748,,,,,,0,0.46,0.54,0,0,0,0,0,0,0,0,0,1
47325505,,,,,,0,0.05,0.15,0,0,0,0,0,0,0,0,0,1
12015000,2500.0,0.0,4.0,,,0,0.09,0.17,1,0,1,0,0,0,0,0,0,0
21225115,3500.0,0.0,8.0,,,0,0.09,0.2,1,0,1,0,0,0,0,0,0,0
42009836,1200.0,1300.0,4.0,,,0,2.39,1.8,0,0,0,0,0,0,0,1,0,0
23869735,,,,,,0,0.04,0.12,0,0,0,0,0,0,0,0,0,2
59419719,,,,,,0,0.11,0.2,0,0,0,0,0,0,0,0,0,1
10040267,1400.0,1200.0,4.0,,,0,0.11,0.17,1,0,1,0,0,0,0,0,0,0
57157964,2100.0,1800.0,8.0,,,0,0.14,0.17,1,0,1,0,0,0,0,0,0,0
83656563,1700.0,1500.0,6.0,,,0,0.26,0.2,1,0,1,0,0,0,0,0,0,0
17706537,1800.0,0.0,4.0,,,0,0.24,0.25,0,0,0,0,0,0,0,1,0,0
86520461,2000.0,800.0,4.0,,,0,0.11,0.21,1,0,1,0,0,0,0,0,0,0
96897184,2800.0,1300.0,8.0,,,0,0.1,0.21,1,0,1,0,0,0,0,0,0,0
59531356,2400.0,1100.0,6.0,,,0,0.11,0.26,1,0,1,0,0,0,0,0,0,0
43785278,2200.0,1200.0,5.0,,2.0,0,0.05,0.09,0,1,0,0,0,0,0,0,1,0
88753985,300.0,200.0,2.0,,,0,0.09,0.09,0,0,0,0,0,0,0,1,0,0
27198002,,,,,,0,0.0,0.0,0,0,0,0,0,0,0,0,0,4
72029628,,,,,,0,0.24,0.43,0,0,0,0,0,0,0,0,0,2
69584564,,,,,,0,0.04,0.17,0,0,0,0,0,0,0,0,0,1
26781870,,,,,,0,0.08,0.12,0,0,0,0,0,0,0,0,0,2
75025112,,,,,,0,0.02,0.08,0,0,0,0,0,0,0,0,0,2
16556849,1700.0,1200.0,4.0,,,0,0.81,1.58,0,0,0,0,0,0,0,1,0,0
49681811,2300.0,1700.0,5.0,,,0,0.1,0.19,0,0,0,0,0,0,0,1,0,0
85359414,1500.0,1000.0,4.0,,,0,0.02,0.16,0,0,0,0,0,0,0,1,0,0
43582229,,,,,,0,0.21,0.3,0,0,0,0,0,0,0,0,0,1
47219274,2000.0,0.0,5.0,,,0,0.14,0.13,1,0,1,0,0,0,0,0,0,0
98818516,1200.0,1000.0,4.0,,,0,0.04,0.12,0,0,0,0,0,0,0,0,1,0
62154416,800.0,400.0,2.0,,,0,0.13,0.34,0,0,0,0,0,0,0,0,0,0
12398280,100.0,100.0,1.0,,,0,0.21,0.37,0,0,0,0,0,0,0,1,0,0
85545073,2200.0,1800.0,6.0,,,0,0.24,0.31,1,0,1,0,0,0,0,0,0,0
83866861,2800.0,2000.0,8.0,,,0,0.22,0.27,1,0,1,0,0,0,0,0,0,0
78778375,2600.0,2400.0,9.0,,,0,0.06,0.35,1,0,1,0,0,0,0,0,0,0
91034681,3000.0,2200.0,8.0,,,0,4.74,10.04,1,0,1,0,0,0,0,0,0,0
43698897,,,,,,0,0.14,0.15,0,0,0,0,0,0,0,0,0,1
6077601,,,,,,0,0.26,0.33,0,0,0,0,0,0,0,0,0,1
18138630,,,,,,0,0.09,0.21,0,0,0,0,0,0,0,0,0,2
40636712,2200.0,3000.0,8.0,,,0,4.66,5.16,1,0,1,0,0,0,0,0,0,0
10383554,2400.0,2000.0,7.0,,,0,0.31,0.5,1,0,1,0,0,0,0,0,0,0
74416026,,,,,,0,0.2,0.24,0,0,0,0,0,0,0,0,0,2
77522571,0.0,0.0,8.0,,4.0,0,0.13,0.17,0,1,0,0,0,0,0,1,0,0
34773082,,,,,,0,0.07,0.07,0,0,0,0,0,0,0,0,0,1
28039390,,,,,,0,5.67,6.83,0,0,0,0,0,0,0,0,0,1
99049589,,,,,,0,0.08,0.32,0,0,0,0,0,0,0,0,0,1
80889750,2400.0,2000.0,8.0,,,0,0.18,0.22,1,0,1,0,0,0,0,0,0,0
74839123,,,,,,0,0.08,0.26,0,0,0,0,0,0,0,0,0,1
57477163,2000.0,2000.0,5.0,,,0,0.2,0.35,1,0,1,0,0,0,0,0,0,0
464362,1900.0,1200.0,6.0,,,0,0.98,0.52,1,0,1,0,0,0,0,0,0,0
11039171,2000.0,1500.0,6.0,,,0,0.13,0.27,1,0,1,0,0,0,0,0,0,0
93830681,700.0,1500.0,3.0,,,0,0.02,0.11,0,0,0,0,0,0,0,1,0,0
40998517,2500.0,2000.0,9.0,,,0,0.17,0.28,0,0,0,0,0,0,0,1,0,0
34351849,,,,,,0,0.17,0.51,0,0,0,0,0,0,0,0,0,2
38742075,1600.0,800.0,3.0,,,0,0.11,0.11,0,0,0,0,0,0,0,1,0,0
46181000,,,,,,0,0.03,0.15,0,0,0,0,0,0,0,0,0,1
12451640,1000.0,1500.0,4.0,,,0,0.07,0.15,0,0,0,0,0,0,0,1,0,0
55589254,2300.0,2000.0,6.0,,,0,0.11,0.12,0,0,0,0,0,0,0,1,0,0
99940363,,,,,,0,0.59,0.55,0,0,0,0,0,0,0,0,0,1
51083544,1900.0,1200.0,4.0,,,0,0.0,0.0,0,0,0,0,0,0,0,1,0,0
6631034,2600.0,1700.0,6.0,,,0,0.06,0.14,0,0,0,0,0,0,0,0,1,0
35380371,,,,,,0,0.22,0.23,0,0,0,0,0,0,0,0,0,2
94515289,2500.0,2500.0,5.0,,,0,0.44,0.38,1,0,0,0,1,0,0,0,0,0
53503015,,,,,,0,0.09,0.15,0,0,0,0,0,0,0,0,0,1
57069605,,,,,,0,0.02,0.1,0,0,0,0,0,0,0,0,0,2
49998907,,,,,,0,0.05,0.09,0,0,0,0,0,0,0,0,0,2
1781310,,,,,,0,0.12,0.09,0,0,0,0,0,0,0,0,0,2
9373534,,,,,,0,0.07,0.15,0,0,0,0,0,0,0,0,0,1
2994495,,,,,,0,0.02,0.06,0,0,0,0,0,0,0,0,0,2
54927180,,,,,,0,0.03,0.08,0,0,0,0,0,0,0,0,0,2
48206762,,,,,,0,0.09,0.11,0,0,0,0,0,0,0,0,0,1
4483598,2800.0,1000.0,9.0,,,0,0.03,0.06,0,0,0,0,0,0,0,1,0,0
25853045,2100.0,600.0,4.0,,,0,0.06,0.12,1,0,0,0,0,1,0,0,0,0
99469936,2200.0,1600.0,6.0,,,0,0.14,0.3,1,0,0,0,0,1,0,0,0,0
67630394,2800.0,1500.0,7.0,,,0,0.3,0.98,1,0,0,0,0,1,0,0,0,0
1269512,2500.0,600.0,4.0,,,0,0.02,1.05,1,0,0,0,0,1,0,0,0,0
4931121,,,,,,0,0.15,0.17,0,0,0,0,0,0,0,0,0,2
45178472,,,,,,0,0.39,0.2,0,0,0,0,0,0,0,0,0,2
44857722,,,,,,0,0.0,0.0,0,0,0,0,0,0,0,0,0,1
70865988,,,,,,0,0.08,0.11,0,0,0,0,0,0,0,0,0,2
39733924,,,,,,0,0.12,0.21,0,0,0,0,0,0,0,0,0,2
81000306,,,,,,0,0.04,0.05,0,0,0,0,0,0,0,0,0,1
17201951,900.0,400.0,2.0,,,0,1.27,1.07,0,0,0,0,0,0,0,1,0,0
77693536,0.0,0.0,1.0,,,0,0.33,0.34,1,0,1,0,0,0,0,0,0,0
39564736,,,,,,0,0.12,0.1,0,0,0,0,0,0,0,0,0,1
53830602,400.0,300.0,1.0,,,0,0.0,0.0,0,0,0,0,0,0,0,0,1,0
45536531,1100.0,1500.0,4.0,,,0,0.0,0.0,0,0,0,0,0,0,0,1,0,0
59374259,,,,,,0,0.04,0.2,0,0,0,0,0,0,0,0,0,2
92345028,,,,,,0,0.02,0.13,0,0,0,0,0,0,0,0,0,1
98804359,,,,,,0,0.04,0.1,0,0,0,0,0,0,0,0,0,1
300302005,,,,,,0,0.1,0.28,0,0,0,0,0,0,0,0,0,3
51091138,,,,,,0,0.13,0.34,0,0,0,0,0,0,0,0,0,2
38538445,1200.0,0.0,4.0,,,0,0.11,0.31,0,0,0,0,0,0,0,0,0,0
39711336,2600.0,2900.0,7.0,,,0,2.98,2.92,0,0,0,0,0,0,0,1,0,0
51632798,2800.0,2000.0,7.0,,,0,6.22,4.94,0,0,0,0,0,0,0,1,0,0
61070601,,,,,,0,0.51,1.16,0,0,0,0,0,0,0,0,0,1
17194258,,,,,,0,0.28,0.1,0,0,0,0,0,0,0,0,0,1
6498706,,,,,,0,0.1,0.17,0,0,0,0,0,0,0,0,0,1
52947044,,,,,,0,0.77,0.9,0,0,0,0,0,0,0,0,0,1
98336111,1400.0,1200.0,4.0,,,0,0.21,0.12,0,0,0,0,0,0,0,1,0,0
55158350,,,,,,0,0.08,0.09,0,0,0,0,0,0,0,0,0,1
43331750,,,,,,0,0.15,0.12,0,0,0,0,0,0,0,0,0,2
34449261,,,,,,0,0.05,0.15,0,0,0,0,0,0,0,0,0,2
33550694,,,,,,0,0.15,0.14,0,0,0,0,0,0,0,0,0,1
73026394,,,,,,0,0.31,0.95,0,0,0,0,0,0,0,0,0,2
25800447,,,,,,0,0.11,0.13,0,0,0,0,0,0,0,0,0,1
6205579,0.0,0.0,1.0,,,0,0.26,0.66,0,0,0,0,0,0,0,1,0,0
300302001,,,,,,0,0.08,0.31,0,0,0,0,0,0,0,0,0,3
18511384,,,,,,0,0.13,0.21,0,0,0,0,0,0,0,0,0,1
22829942,,,,,,0,0.05,0.1,0,0,0,0,0,0,0,0,0,1
66127916,,,,,,0,0.12,0.16,0,0,0,0,0,0,0,0,0,2
26902560,,,,,,0,0.11,0.4,0,0,0,0,0,0,0,0,0,1
74335036,,,,,,0,0.08,0.15,0,0,0,0,0,0,0,0,0,1
37684215,,,,,,0,0.1,0.12,0,0,0,0,0,0,0,0,0,1
59432181,,,,,,0,0.03,0.07,0,0,0,0,0,0,0,0,0,1
27967615,,,,,,0,0.1,0.12,0,0,0,0,0,0,0,0,0,1
1641882,900.0,700.0,3.0,,,0,0.02,0.38,1,0,1,0,0,0,0,0,0,0
55397172,2000.0,3400.0,8.0,,,0,0.27,0.21,0,0,0,1,0,0,0,1,0,0
12508268,,,,,,0,0.05,0.07,0,0,0,0,0,0,0,0,0,1
77565204,,,,,,0,0.11,0.19,0,0,0,0,0,0,0,0,0,1
92058902,,,,,,0,0.0,0.0,0,0,0,0,0,0,0,0,0,1
64107820,,,,,,0,0.03,0.08,0,0,0,0,0,0,0,0,0,1
90642597,1600.0,1200.0,4.0,,,0,0.06,0.13,0,0,0,0,0,0,0,0,0,0
78679226,,,,,,0,0.3,0.65,0,0,0,0,0,0,0,0,0,1
87902575,,,,,,0,0.3,0.59,0,0,0,0,0,0,0,0,0,1
70088809,2500.0,2000.0,7.0,,,0,52.18,71.82,0,0,0,0,0,0,0,0,0,0
61668670,0.0,,,2.0,,2,0.18,0.24,1,0,0,0,0,0,1,0,0,0
50546029,3200.0,,,4.0,,4,0.21,0.27,1,0,0,0,0,0,1,0,0,0
24151924,2800.0,,,3.0,,3,0.1,0.23,1,0,0,0,0,0,1,0,0,0
25273572,300.0,1000.0,2.0,,,0,0.03,0.14,0,0,0,0,0,0,0,1,0,0
98875863,1800.0,2400.0,6.0,,,0,0.06,0.14,0,0,0,0,0,0,0,1,0,0
97053215,1500.0,,,2.0,,2,0.05,0.15,1,0,0,0,0,0,1,0,0,0
4130270,1200.0,2000.0,4.0,,,0,3.02,2.15,0,0,0,0,0,0,0,1,0,0
37955049,2200.0,2000.0,6.0,,,0,0.21,0.25,0,0,0,0,0,0,0,1,0,0
6616912,0.0,0.0,10.0,,,0,0.47,0.72,0,0,0,0,0,0,0,1,0,0
10002346,500.0,1800.0,2.0,,,0,0.22,0.56,1,0,0,0,0,1,0,0,0,0
36956512,2700.0,1600.0,8.0,,,0,0.14,0.18,0,0,0,0,0,0,0,1,0,0
47985614,200.0,400.0,2.0,,,0,0.02,0.12,0,0,0,0,0,0,0,1,0,0
8025950,,,,,,0,0.02,0.18,0,0,0,0,0,0,0,0,0,1
54497620,200.0,200.0,1.0,,,0,0.13,0.1,0,0,0,0,0,0,0,1,0,0
64487132,300.0,300.0,3.0,,,0,0.06,0.03,0,0,0,0,0,0,0,1,0,0
28002611,1300.0,0.0,6.0,,,0,0.12,0.3,0,0,0,0,0,0,0,1,0,0
86281779,1800.0,2000.0,6.0,,,0,0.02,0.19,0,0,0,0,0,0,0,0,1,0
92110878,1300.0,1100.0,4.0,,,0,0.89,1.6,0,0,0,0,0,0,0,1,0,0
21715135,,,,,,0,0.65,0.47,0,0,0,0,0,0,0,0,0,1
9583383,1800.0,600.0,3.0,,,0,0.2,0.23,0,0,0,0,0,0,0,1,0,0
94203886,800.0,1200.0,2.0,,,0,0.42,0.36,0,0,0,0,0,0,0,1,0,0
44250812,400.0,800.0,2.0,,,0,2.28,2.88,0,0,0,0,0,0,0,1,0,0
12014404,1500.0,2400.0,4.0,,,0,0.1,0.15,1,0,0,0,0,1,0,0,0,0
9591819,,,,,,0,0.06,0.18,0,0,0,0,0,0,0,0,0,2
9491461,0.0,1800.0,4.0,,,0,0.28,0.31,0,0,0,0,0,0,0,1,0,0
12423762,1500.0,2000.0,4.0,,,0,0.02,0.11,0,0,0,0,0,0,0,1,0,0
3606728,1000.0,800.0,3.0,,,0,0.13,0.36,0,0,0,0,0,0,0,1,0,0
48393693,1000.0,800.0,3.0,,,0,0.23,0.48,0,0,0,0,0,0,0,1,0,0
67120578,2100.0,2000.0,6.0,,,0,0.24,0.24,0,0,0,0,0,0,0,1,0,0
73496100,,,,,,0,0.04,0.19,0,0,0,0,0,0,0,0,0,1
26082117,1500.0,1000.0,4.0,,,0,0.05,0.11,0,0,0,0,0,0,0,1,0,0
12908094,1500.0,1000.0,4.0,,,0,0.21,0.41,0,0,0,0,0,0,0,1,0,0
28884172,100.0,100.0,4.0,,,0,0.18,0.22,0,0,0,0,0,0,0,1,0,0
91499077,1900.0,1600.0,4.0,,,0,0.1,0.18,1,0,0,0,0,1,0,0,0,0
387282,200.0,800.0,2.0,,,0,0.69,1.22,0,0,0,0,0,0,0,1,0,0
75956913,,,,,,0,0.26,0.22,0,0,0,0,0,0,0,0,0,1
82052602,,,,,,0,0.21,0.23,0,0,0,0,0,0,0,0,0,1
17494901,,,,,,0,0.06,0.13,0,0,0,0,0,0,0,0,0,1
21831848,,,,,,0,0.77,0.79,0,0,0,0,0,0,0,0,0,1
88917691,1500.0,1800.0,4.0,,,0,1.75,3.91,1,0,0,0,0,1,0,0,0,0
86331741,2000.0,2000.0,4.0,,,0,0.16,0.23,1,0,0,0,0,1,0,0,0,0
76972801,,,,,,0,0.29,0.19,0,0,0,0,0,0,0,0,0,2
90673413,,,,,,0,0.25,0.35,0,0,0,0,0,0,0,0,0,1
13166204,,,,,,0,0.12,0.14,0,0,0,0,0,0,0,0,0,2
18446701,,,,,,0,0.11,0.1,0,0,0,0,0,0,0,0,0,2
917796,,,,,,0,0.1,0.05,0,0,0,0,0,0,0,0,0,1
57782164,,,,,,0,0.1,0.14,0,0,0,0,0,0,0,0,0,1
49003308,1850.0,1000.0,4.0,,,0,0.2,0.28,0,0,0,0,0,0,0,0,1,0
9053187,2950.0,2800.0,4.0,,,0,0.38,0.41,1,0,0,0,0,1,0,0,0,0
17691568,,,,,,0,0.09,0.14,0,0,0,0,0,0,0,0,0,1
50642380,900.0,600.0,3.0,,,0,0.1,0.11,0,0,0,0,0,0,0,0,0,0
81192859,,,,,,0,0.06,0.14,0,0,0,0,0,0,0,0,0,1
9709452,2600.0,2100.0,7.0,,,0,0.05,0.1,1,0,0,0,1,0,0,0,0,0
91949988,2600.0,2100.0,7.0,,,0,0.2,0.3,1,0,0,0,0,1,0,0,0,0
58601383,3500.0,2800.0,10.0,,,0,9.81,13.41,1,0,1,0,0,0,0,0,0,0
97204936,2600.0,800.0,6.0,,,0,0.23,0.95,1,0,0,0,1,0,0,0,0,0
14258627,2800.0,1000.0,8.0,,,0,2.82,0.55,0,0,0,0,0,0,0,1,0,0
56594520,,,,,,0,0.05,0.09,0,0,0,0,0,0,0,0,0,1
95095116,3500.0,3100.0,11.0,,,0,0.09,0.21,1,0,1,0,0,0,0,0,0,0
67598234,2600.0,,0.0,3.0,,3,0.08,0.22,1,0,0,0,0,0,1,0,0,0
51355346,2000.0,0.0,4.0,,,0,0.06,0.29,0,0,0,0,0,0,0,1,0,0
13289758,0.0,0.0,6.0,,,0,0.05,0.06,1,0,0,0,0,1,0,0,0,0
66889139,2600.0,2100.0,7.0,,,0,0.14,0.48,1,0,1,0,0,0,0,0,0,0
6368038,2300.0,2100.0,7.0,,,0,0.02,0.26,0,0,0,0,0,0,0,0,1,0
50354944,1600.0,1200.0,4.0,,,0,0.18,0.26,0,0,0,0,0,0,0,1,0,0
34130561,2300.0,2100.0,7.0,,,0,0.25,0.25,0,0,0,0,0,0,0,1,0,0
15989522,2600.0,2100.0,7.0,,,0,0.46,0.41,1,0,1,0,0,0,0,0,0,0
40371092,1600.0,1200.0,4.0,,,0,0.15,0.22,0,0,0,0,0,0,0,1,0,0
14882493,1600.0,1200.0,4.0,,,0,0.13,0.36,0,0,0,0,0,0,0,1,0,0
49816630,2000.0,1300.0,6.0,,,0,0.03,0.17,1,0,0,0,1,0,0,0,0,0
20349913,,,,,,0,0.08,0.09,0,0,0,0,0,0,0,0,0,1
88774734,2500.0,2500.0,8.0,,,0,0.09,0.17,0,0,0,0,0,0,0,1,0,0
46261704,300.0,200.0,1.0,,,0,0.87,0.39,0,0,0,0,0,0,0,1,0,0
48835607,0.0,,,1.0,,1,0.25,0.2,1,0,0,0,0,0,1,0,0,0
30741503,1800.0,,0.0,2.0,,2,0.02,0.13,1,0,0,0,0,0,1,0,0,0
55168550,0.0,0.0,8.0,,,0,0.13,0.25,0,0,0,0,0,0,0,1,0,0
28770951,1500.0,600.0,4.0,,,0,0.13,0.18,0,0,0,0,0,0,0,1,0,0
5133471,,,,,,0,0.14,0.2,0,0,0,0,0,0,0,0,0,1
91714772,2000.0,2000.0,8.0,,,0,0.0,0.0,0,0,0,0,0,0,0,1,0,0
9024367,2000.0,1200.0,4.0,,,0,0.11,0.11,0,0,0,0,0,0,0,1,0,0
60222582,,,,,,0,0.03,0.51,0,0,0,0,0,0,0,0,0,1
897409,,,,,,0,0.07,0.18,0,0,0,0,0,0,0,0,0,1
79509511,,,,,,0,0.35,0.19,0,0,0,0,0,0,0,0,0,1
35950025,2800.0,2600.0,8.0,,,0,0.4,0.31,0,0,0,0,0,0,0,1,0,0
98263709,0.0,800.0,3.0,,,0,0.13,0.06,0,0,0,0,0,0,0,1,0,0
85747929,2000.0,0.0,4.0,,,0,1.25,2.26,1,0,0,0,0,1,0,0,0,0
52340274,,,,,,0,0.21,0.18,0,0,0,0,0,0,0,0,0,1
92362073,2000.0,,,2.0,,2,0.09,0.12,1,0,0,0,0,0,1,0,0,0
11066358,1000.0,0.0,2.0,,,0,0.16,0.28,0,0,0,0,0,0,0,0,1,0
46659709,2000.0,0.0,5.0,,,0,0.47,0.47,0,0,0,0,0,0,0,1,0,0
54358015,2000.0,1600.0,4.0,,,0,0.26,0.37,1,0,0,0,0,1,0,0,0,0
80887714,,,,,,0,0.11,0.09,0,0,0,0,0,0,0,0,0,1
863795,1600.0,1400.0,4.0,,,0,0.12,0.15,0,0,0,0,0,0,0,1,0,0
63956833,,,,,,0,0.51,0.41,0,0,0,0,0,0,0,0,0,1
24658418,2000.0,0.0,8.0,,,0,0.27,0.25,0,0,0,0,0,0,0,1,0,0
19316241,1500.0,1000.0,4.0,,,0,0.19,0.19,0,0,0,0,0,0,0,1,0,0
77098449,,,,,,0,0.3,0.23,0,0,0,0,0,0,0,0,0,1
98555327,0.0,1800.0,4.0,,,0,0.05,1.56,0,0,0,0,0,0,0,1,0,0
54507222,1200.0,1000.0,3.0,,,0,0.09,0.13,0,0,0,0,0,0,0,1,0,0
97617181,,,,,,0,0.16,0.24,0,0,0,0,0,0,0,0,0,1
62968263,3000.0,2500.0,8.0,,,0,0.13,0.2,0,0,0,0,0,0,0,1,0,0
92517928,4000.0,0.0,9.0,,,0,0.24,0.36,1,0,0,0,0,1,0,0,0,0
2530830,3200.0,2800.0,9.0,,,0,0.61,0.37,1,0,0,0,0,1,0,0,0,0
18963306,3000.0,2500.0,8.0,,,0,0.45,1.87,1,0,0,0,0,1,0,0,0,0
28346136,4000.0,3000.0,10.0,,,0,0.37,0.22,1,0,0,0,0,1,0,0,0,0
9260791,300.0,250.0,1.0,,,0,1.58,0.9,0,0,0,0,0,0,0,1,0,0
39030163,4000.0,3500.0,8.0,,,0,0.12,0.15,1,0,0,0,0,1,0,0,0,0
54725177,3000.0,2500.0,8.0,,,0,0.0,0.0,0,0,0,0,0,0,0,1,0,0
93717133,3000.0,2500.0,8.0,,,0,0.13,1.28,0,0,0,0,0,0,0,1,0,0
3356494,2000.0,,0.0,2.0,,2,1.88,1.18,1,0,0,0,0,0,1,0,0,0
45710945,3000.0,2500.0,8.0,,,0,6.85,6.08,0,0,0,0,0,0,0,1,0,0
16229315,650.0,600.0,2.0,,,0,0.1,0.07,0,0,0,0,0,0,0,1,0,0
77491079,1400.0,700.0,4.0,,,0,0.05,0.11,0,0,0,0,0,0,0,1,0,0
32530043,2300.0,1800.0,4.0,,,0,1.18,1.33,1,0,0,0,0,1,0,0,0,0
30915572,800.0,800.0,3.0,,,0,1.7,0.72,0,0,0,0,0,0,0,1,0,0
2106266,,,,,,0,0.15,0.29,0,0,0,0,0,0,0,0,0,1
32872239,2000.0,2000.0,6.0,,9.0,0,0.1,0.11,0,1,0,0,0,0,0,0,1,0
37313786,,,,,,0,0.02,0.12,0,0,0,0,0,0,0,0,0,2
2196767,500.0,1400.0,4.0,,,0,0.1,0.36,0,0,0,0,0,0,0,1,0,0
55063751,2200.0,3000.0,8.0,,,0,1.97,1.84,0,0,0,0,0,0,0,1,0,0
15778492,2600.0,2000.0,4.0,,,0,0.07,0.18,1,0,0,0,0,1,0,0,0,0
86319972,,,,,,0,0.15,0.11,0,0,0,0,0,0,0,0,0,2
15502037,800.0,2000.0,3.0,,,0,0.07,0.13,0,0,0,0,0,0,0,1,0,0
11549357,1500.0,1800.0,4.0,,,0,0.1,0.5,0,0,0,0,0,0,0,0,1,0
85709845,,,,,,0,0.11,0.12,0,0,0,0,0,0,0,0,0,2
24291651,0.0,1800.0,4.0,,,0,0.05,0.07,0,0,0,0,0,0,0,1,0,0
65758454,1000.0,2000.0,5.0,,,0,0.11,0.21,0,0,0,0,0,0,0,1,0,0
64681432,0.0,0.0,8.0,,,0,0.08,0.16,0,0,0,0,0,0,0,1,0,0
2333466,0.0,0.0,8.0,,,0,0.64,0.3,0,0,0,0,0,0,0,1,0,0
71525232,0.0,0.0,8.0,,,0,0.11,0.41,0,0,0,0,0,0,0,1,0,0
34536276,600.0,800.0,2.0,,,0,2.02,0.0,0,0,0,0,0,0,0,0,1,0
11801343,100.0,1900.0,2.0,,,0,0.1,0.15,0,0,0,0,0,0,0,1,0,0
28968609,0.0,0.0,4.0,,,0,0.1,0.42,0,0,0,0,0,0,0,1,0,0
44682448,0.0,2400.0,5.0,,,0,0.16,0.27,0,0,0,0,0,0,0,1,0,0
18698739,800.0,1300.0,3.0,,,0,0.25,0.08,0,0,0,0,0,0,0,1,0,0
10307853,,,,,,0,0.05,0.1,0,0,0,0,0,0,0,0,0,2
76524506,800.0,1600.0,5.0,,,0,0.1,0.13,1,0,0,0,1,0,0,0,0,0
53325667,1600.0,2400.0,5.0,,,0,0.35,0.51,1,0,0,0,1,0,0,0,0,0
30646525,2500.0,1400.0,7.0,,,0,4.37,5.28,0,0,0,1,0,0,0,1,0,0
90844184,2550.0,2150.0,7.0,,,0,117.3,376.0,0,0,0,1,0,0,0,0,0,0
78577570,,,,,,0,3.59,1.31,0,0,0,0,0,0,0,0,0,1
88283496,800.0,1900.0,4.0,,,0,0.07,0.12,0,0,0,0,0,0,0,1,0,0
49888191,2400.0,2000.0,7.0,,,0,0.89,1.16,0,0,0,0,0,0,0,0,1,0
14977074,1800.0,1500.0,5.0,,,0,14.13,18.28,0,0,0,0,0,0,0,0,1,0
59019082,1850.0,1300.0,4.0,,,0,0.04,0.14,0,0,0,0,0,0,0,1,0,0
12800777,1600.0,1200.0,4.0,,,0,0.02,0.08,0,0,0,0,0,0,0,1,0,0
22382087,800.0,1000.0,3.0,,,0,0.15,0.32,0,0,0,0,0,0,0,1,0,0
64182380,3000.0,2000.0,8.0,,,0,0.06,0.08,1,0,0,0,0,1,0,0,0,0
11765832,1500.0,2400.0,6.0,,,0,0.44,1.25,1,0,1,0,0,0,0,0,0,0
69780745,2000.0,1700.0,6.0,,,0,0.0,0.0,0,0,0,0,0,0,0,0,1,0
19012345,1000.0,1200.0,4.0,,,0,0.12,0.16,0,0,0,0,0,0,0,1,0,0
39475024,3300.0,2600.0,11.0,,,0,0.16,0.19,1,0,0,0,1,0,0,0,0,0
82257671,0.0,3000.0,8.0,,,0,0.03,0.19,0,0,0,0,0,0,0,1,0,0
8102334,100.0,2000.0,4.0,,,0,0.04,0.17,0,0,0,0,0,0,0,1,0,0
49258578,700.0,800.0,3.0,,,0,0.0,0.0,0,0,0,0,0,0,0,0,1,0
25833572,3750.0,3400.0,11.0,,,0,0.05,0.19,0,0,0,0,0,0,0,1,0,0
34904525,2500.0,2200.0,9.0,,,0,0.43,0.44,1,0,1,0,0,0,0,0,0,0
97783338,2550.0,2300.0,9.0,,,0,0.46,0.4,1,0,1,0,0,0,0,0,0,0
61398234,2450.0,2300.0,9.0,,,0,0.54,1.01,1,0,1,0,0,0,0,0,0,0
8505920,3750.0,3400.0,12.0,,,0,0.55,0.7,1,0,1,0,0,0,0,0,0,0
19737320,1500.0,1800.0,5.0,,,0,0.07,0.13,0,0,0,0,0,0,0,0,1,0
91482773,1600.0,1400.0,4.0,,,0,0.07,0.11,0,0,0,0,0,0,0,1,0,0
27970830,,,,,,0,0.07,0.18,0,0,0,0,0,0,0,0,0,1
40089744,,,,,,0,2.2,2.0,0,0,0,0,0,0,0,0,0,1
93431518,,,,,,0,0.07,0.08,0,0,0,0,0,0,0,0,0,1
7512044,,,,,,0,0.08,0.16,0,0,0,0,0,0,0,0,0,1
69802283,,,,,,0,0.02,0.15,0,0,0,0,0,0,0,0,0,1
87751584,2600.0,1200.0,8.0,,,0,24.85,29.76,1,0,1,0,0,0,0,0,0,0
88931417,800.0,800.0,3.0,,,0,0.0,0.0,0,0,0,0,0,0,0,1,0,0
15561463,2400.0,2800.0,6.0,,,0,0.57,0.47,1,0,0,0,0,1,0,0,0,0
79337169,400.0,1600.0,3.0,,,0,0.06,0.16,0,0,0,0,0,0,0,1,0,0
5818798,1500.0,1200.0,4.0,,,0,0.03,0.06,0,0,0,0,0,0,0,0,1,0
23076639,1500.0,1200.0,4.0,,,0,2.2,2.5,0,0,0,0,0,0,0,1,0,0
23536866,1000.0,1900.0,5.0,,,0,0.17,0.12,0,0,0,0,0,0,0,1,0,0
28912357,2300.0,1500.0,4.0,,,0,0.31,0.27,1,0,0,0,0,1,0,0,0,0
30190809,800.0,2200.0,4.0,,,0,0.12,0.31,0,0,0,0,0,0,0,1,0,0
27979109,,,,,,0,0.03,0.14,0,0,0,0,0,0,0,0,0,1
423705,1800.0,1600.0,4.0,,,0,0.06,0.09,0,0,0,0,0,0,0,1,0,0
85651167,1800.0,1600.0,4.0,,,0,0.65,2.59,0,0,0,0,0,0,0,1,0,0
12738990,1800.0,1600.0,4.0,,,0,0.0,0.0,0,0,0,0,0,0,0,1,0,0
57046845,2600.0,2200.0,7.0,,,0,0.45,0.76,0,0,0,0,0,0,0,1,0,0
29087919,,,,,,0,0.04,0.12,0,0,0,0,0,0,0,0,0,1
47030842,1400.0,800.0,4.0,,,0,0.19,0.28,0,0,0,0,0,0,0,1,0,0
6148016,,,,,,0,0.38,0.55,0,0,0,0,0,0,0,0,0,2
19891310,2500.0,1300.0,3.0,,,0,0.23,0.3,1,0,0,0,0,1,0,0,0,0
92693205,1800.0,500.0,4.0,,,0,0.06,0.09,0,0,0,0,0,0,0,1,0,0
71786742,500.0,1000.0,3.0,,,0,0.17,0.26,0,0,0,0,0,0,0,1,0,0
1045143,1000.0,500.0,3.0,,,0,0.21,0.43,0,0,0,0,0,0,0,1,0,0
45286019,1000.0,1000.0,3.0,,,0,0.11,0.24,0,0,0,0,0,0,0,1,0,0
923596,1100.0,1900.0,4.0,,,0,0.24,0.46,0,0,0,0,0,0,0,1,0,0
73428497,1500.0,500.0,4.0,,,0,0.14,0.27,0,0,0,0,0,0,0,1,0,0
72370114,1900.0,100.0,4.0,,,0,0.09,0.17,0,0,0,0,0,0,0,1,0,0
47687766,500.0,500.0,4.0,,,0,0.06,0.18,0,0,0,0,0,0,0,1,0,0
45458027,100.0,100.0,8.0,,,0,0.94,0.39,0,0,0,0,0,0,0,1,0,0
37694547,,,,,,0,0.24,0.29,0,0,0,0,0,0,0,0,0,1
40392714,0.0,0.0,2.0,,,0,0.27,0.21,0,0,0,0,0,0,0,1,0,0
26913989,3000.0,300.0,8.0,,,0,0.08,0.11,0,0,0,0,0,0,0,1,0,0
11662742,1700.0,0.0,4.0,,,0,0.23,0.74,0,0,0,0,0,0,0,1,0,0
57753602,,,,,,0,0.15,0.11,0,0,0,0,0,0,0,0,0,2
27004302,1700.0,500.0,4.0,,,0,0.22,0.33,0,0,0,0,0,0,0,1,0,0
19019586,400.0,1900.0,3.0,,,0,0.04,0.11,0,0,0,0,0,0,0,1,0,0
41777,,,,,,0,0.34,0.42,0,0,0,0,0,0,0,0,0,2
90019393,1800.0,1200.0,4.0,,,0,0.04,0.18,0,0,0,0,0,0,0,1,0,0
72056560,1600.0,1400.0,4.0,,,0,0.73,0.4,0,0,0,0,0,0,0,0,0,0
71616908,1950.0,2450.0,7.0,,,0,0.11,0.16,1,0,1,0,0,0,0,0,0,0
13108445,1400.0,2600.0,6.0,,,0,0.15,0.21,1,0,1,0,0,0,0,0,0,0
67985943,2200.0,1950.0,7.0,,,0,0.09,0.18,1,0,1,0,0,0,0,0,0,0
76908448,2450.0,1950.0,7.0,,,0,0.05,0.1,0,0,0,0,0,0,0,0,1,0
24220368,,,,,,0,0.41,0.36,0,0,0,0,0,0,0,0,0,1
69243722,1800.0,800.0,4.0,,,0,0.31,0.36,0,0,0,0,0,0,0,1,0,0
1264319,,,,,,0,0.42,0.27,0,0,0,0,0,0,0,0,0,1
91731841,1900.0,0.0,4.0,,,0,0.27,1.22,0,0,0,0,0,0,0,0,1,0
88225269,1950.0,2450.0,7.0,,,0,0.44,0.32,0,0,0,0,0,0,0,1,0,0
45662855,1300.0,2000.0,4.0,,,0,0.52,0.42,0,0,0,0,0,0,0,0,0,0
19355597,3400.0,2000.0,10.0,,,0,0.21,0.31,1,0,1,0,0,0,0,0,0,0
47611119,2400.0,1000.0,5.0,,,0,0.14,0.18,1,0,1,0,0,0,0,0,0,0
55610199,2700.0,2400.0,8.0,,,0,0.1,0.13,1,0,1,0,0,0,0,0,0,0
99645428,1200.0,100.0,3.0,,,0,0.11,0.29,0,0,0,0,0,0,0,0,1,0
81846636,600.0,100.0,1.0,,,0,0.09,0.19,0,0,0,0,0,0,0,1,0,0
39512984,2900.0,2500.0,9.0,,,0,0.12,0.16,1,0,1,0,0,0,0,0,0,0
25342956,3000.0,2600.0,9.0,,,0,0.32,0.31,1,0,1,0,0,0,0,0,0,0
51831560,1550.0,1600.0,4.0,,,0,0.19,0.2,0,0,0,0,0,0,0,1,0,0
19163116,1500.0,1200.0,3.0,,,0,0.69,0.88,0,0,0,0,0,0,0,1,0,0
71594310,2600.0,1900.0,4.0,,,0,0.1,0.17,1,0,0,0,0,1,0,0,0,0
24484270,1450.0,,0.0,2.0,,2,0.17,0.26,1,0,0,0,0,0,1,0,0,0
93379652,2450.0,1400.0,7.0,,,0,0.11,0.18,1,0,1,0,0,0,0,0,0,0
35622739,1500.0,1500.0,4.0,,,0,0.12,0.21,0,0,0,0,0,0,0,1,0,0
76614340,2500.0,1300.0,6.0,,,0,0.13,0.26,1,0,1,0,0,0,0,0,0,0
27126980,0.0,2100.0,4.0,,,0,0.34,1.26,0,0,0,0,0,0,0,0,1,0
43114901,1800.0,900.0,4.0,,,0,0.36,0.43,0,0,0,0,0,0,0,0,0,0
3113836,2300.0,1400.0,5.0,,,0,0.23,0.65,1,0,1,0,0,0,0,0,0,0
49597193,1800.0,1800.0,6.0,,,0,0.15,0.2,1,0,1,0,0,0,0,0,0,0
54620698,1600.0,1800.0,4.0,,,0,0.46,0.97,0,0,0,0,0,0,0,0,1,0
8692301,2900.0,2500.0,8.0,,,0,0.13,0.16,1,0,1,0,0,0,0,0,0,0
53408006,1000.0,1000.0,3.0,,,0,0.02,0.17,0,0,0,0,0,0,0,1,0,0
64734090,0.0,2000.0,4.0,,,0,0.04,0.22,0,0,0,0,0,0,0,1,0,0
80758812,,,,,,0,0.06,0.09,0,0,0,0,0,0,0,0,0,2
18096222,,,,,,0,0.08,0.18,0,0,0,0,0,0,0,0,0,2
81601517,,,,,,0,0.14,0.19,0,0,0,0,0,0,0,0,0,2
69140098,1900.0,900.0,4.0,,,0,0.1,0.19,0,0,0,0,0,0,0,0,1,0
67688478,1000.0,1000.0,4.0,,,0,0.56,2.24,0,0,0,0,0,0,0,1,0,0
26254876,1800.0,1400.0,4.0,,,0,0.09,0.56,0,0,0,0,0,0,0,0,0,0
91798373,1600.0,400.0,4.0,,,0,0.17,0.2,0,0,0,0,0,0,0,1,0,0
68366996,500.0,300.0,2.0,,,0,3.28,7.72,0,0,0,0,0,0,0,0,0,0
33846209,,,,,,0,3.32,5.42,0,0,0,0,0,0,0,0,0,1
19041767,1500.0,0.0,4.0,,,0,0.08,0.07,0,0,0,0,0,0,0,1,0,0
67045174,,,,,,0,0.09,0.13,0,0,0,0,0,0,0,0,0,2
72305034,1500.0,500.0,4.0,,,0,0.05,0.14,0,0,0,0,0,0,0,0,0,0
52126602,800.0,2000.0,3.0,,,0,0.09,0.22,0,0,0,0,0,0,0,1,0,0
99000107,300.0,1800.0,4.0,,,0,0.1,0.17,0,0,0,0,0,0,0,1,0,0
69247929,2000.0,100.0,4.0,,,0,0.08,0.25,0,0,0,0,0,0,0,0,1,0
720147,,,,,,0,0.21,0.23,0,0,0,0,0,0,0,0,0,2
37931734,,,,,,0,0.2,0.48,0,0,0,0,0,0,0,0,0,2
1942635,,,,,,0,0.14,0.28,0,0,0,0,0,0,0,0,0,1
75448086,,,,,,0,0.71,1.1,0,0,0,0,0,0,0,0,0,1
64325438,,,,,,0,0.19,0.46,0,0,0,0,0,0,0,0,0,2
38053381,,,,,,0,0.26,0.21,0,0,0,0,0,0,0,0,0,1
53921056,2700.0,2000.0,7.0,,,0,0.05,0.17,0,0,0,0,0,0,0,1,0,0
9056100,2800.0,1000.0,8.0,,,0,0.02,0.08,0,0,0,0,0,0,0,1,0,0
81275309,2100.0,2300.0,6.0,,,0,0.13,0.23,0,0,0,0,0,0,0,1,0,0
81825063,2100.0,400.0,5.0,,,0,0.09,0.18,0,0,0,0,0,0,0,1,0,0
82735249,,,,,,0,0.03,0.04,0,0,0,0,0,0,0,0,0,1
87890143,,,,,,0,0.12,0.14,0,0,0,0,0,0,0,0,0,1
85787173,,,,,,0,0.14,0.16,0,0,0,0,0,0,0,0,0,1
34460239,,,,,,0,0.1,0.26,0,0,0,0,0,0,0,0,0,2
31038159,2200.0,1800.0,6.0,,,0,0.26,0.65,0,0,0,0,0,0,0,1,0,0
98147766,1700.0,1200.0,4.0,,,0,0.09,0.14,0,0,0,0,0,0,0,1,0,0
66165755,2600.0,2000.0,8.0,,,0,0.12,0.12,1,0,0,0,1,0,0,0,0,0
91438994,1700.0,1000.0,4.0,,,0,0.09,0.1,0,0,0,0,0,0,0,1,0,0
64034255,1400.0,400.0,3.0,,,0,0.04,0.17,0,0,0,0,0,0,0,0,0,0
20127343,1200.0,1800.0,3.0,,,0,0.07,0.11,0,0,0,0,0,0,0,1,0,0
38049541,200.0,500.0,2.0,,,0,0.15,0.14,0,0,0,0,0,0,0,0,0,0
27827903,1000.0,2000.0,4.0,,,0,0.23,0.32,0,0,0,0,0,0,0,1,0,0
68450517,1800.0,200.0,4.0,,,0,0.08,0.1,0,0,0,0,0,0,0,1,0,0
94622638,1700.0,0.0,4.0,,,0,0.24,0.2,0,0,0,0,0,0,0,1,0,0
63211608,2200.0,1000.0,5.0,,,0,0.26,0.22,0,0,0,0,0,0,0,1,0,0
57238939,500.0,1800.0,3.0,,,0,0.11,0.15,0,0,0,0,0,0,0,0,0,0
83500096,500.0,1200.0,2.0,,,0,0.03,0.11,0,0,0,0,0,0,0,1,0,0
17760003,2400.0,1600.0,6.0,,,0,0.5,0.51,1,0,0,0,1,0,0,0,0,0
52709508,2500.0,2100.0,7.0,,,0,0.41,0.36,1,0,0,0,1,0,0,0,0,0
56511382,1700.0,600.0,4.0,,,0,0.05,0.08,0,0,0,0,0,0,0,1,0,0
93211836,2300.0,1300.0,6.0,,,0,0.56,0.15,0,0,0,0,0,0,0,1,0,0
24432029,1600.0,1300.0,4.0,,,0,0.41,0.46,0,0,0,0,0,0,0,1,0,0
68505803,1400.0,1200.0,3.0,,,0,0.16,0.14,0,0,0,0,0,0,0,0,1,0
89211486,1500.0,1000.0,3.0,,,0,0.15,0.15,0,0,0,0,0,0,0,1,0,0
53944920,2000.0,1300.0,5.0,,,0,0.19,0.12,0,0,0,0,0,0,0,1,0,0
89333528,1000.0,1900.0,3.0,,,0,0.04,0.09,0,0,0,0,0,0,0,1,0,0
19182751,1800.0,1200.0,4.0,,,0,0.16,0.17,0,0,0,0,0,0,0,1,0,0
30399511,300.0,200.0,1.0,,,0,0.04,0.12,0,0,0,0,0,0,0,1,0,0
51827737,200.0,400.0,1.0,,,0,0.15,0.18,0,0,0,0,0,0,0,0,0,0
67483216,1600.0,400.0,4.0,,,0,0.08,0.2,0,0,0,0,0,0,0,1,0,0
15605085,2500.0,1500.0,7.0,,,0,0.51,0.36,0,0,0,0,0,0,0,1,0,0
16828633,800.0,1200.0,3.0,,,0,0.17,0.14,0,0,0,0,0,0,0,0,0,0
52222372,1400.0,1300.0,4.0,,,0,0.26,0.15,0,0,0,0,0,0,0,1,0,0
4904812,1200.0,600.0,3.0,,,0,0.16,0.18,0,0,0,0,0,0,0,1,0,0
93882364,1200.0,1200.0,3.0,,,0,0.06,0.14,0,0,0,0,0,0,0,1,0,0
40041559,1850.0,1850.0,4.0,,,0,0.26,0.23,0,0,0,0,0,0,0,1,0,0
49370026,600.0,900.0,3.0,,,0,0.0,0.0,0,0,0,0,0,0,0,0,1,0
7656689,300.0,500.0,1.0,,,0,0.2,0.3,0,0,0,0,0,0,0,1,0,0
42155488,2200.0,1100.0,6.0,,,0,0.26,0.14,0,0,0,0,0,0,0,0,0,0
56499179,3000.0,1500.0,10.0,,,0,0.14,0.18,0,0,0,0,0,0,0,1,0,0
77895328,1000.0,1800.0,4.0,,,0,0.45,0.31,0,0,0,0,0,0,0,1,0,0
54635862,1200.0,1000.0,4.0,,,0,0.02,0.16,0,0,0,0,0,0,0,1,0,0
33972299,1800.0,2800.0,6.0,,,0,0.73,0.36,1,0,0,0,1,0,0,0,0,0
56704140,800.0,1200.0,3.0,,,0,0.13,0.15,0,0,0,0,0,0,0,0,0,0
42632209,3000.0,0.0,12.0,,,0,0.02,0.2,1,0,0,0,1,0,0,0,0,0
15248594,2500.0,0.0,8.0,,,0,0.21,0.94,1,0,0,0,1,0,0,0,0,0
52119435,1200.0,,,2.0,,2,0.06,0.12,1,0,0,0,0,0,1,0,0,0
32991027,2000.0,1200.0,6.0,,,0,1.86,1.71,0,0,0,0,0,0,0,0,0,0
59490397,,,,,,0,0.07,0.15,0,0,0,0,0,0,0,0,0,2
28373620,0.0,1000.0,4.0,,,0,0.22,0.29,1,0,1,0,0,0,0,0,0,0
24668830,,,,,,0,0.11,0.13,0,0,0,0,0,0,0,0,0,1
77936940,1300.0,1200.0,4.0,,,0,0.15,0.14,0,0,0,0,0,0,0,1,0,0
22373487,,,,,,0,0.33,0.27,0,0,0,0,0,0,0,0,0,2
111000561,,,,,,0,469.41,349.98,0,0,0,0,0,0,0,0,0,1
21887179,1700.0,1200.0,4.0,,,0,0.05,0.1,0,0,0,0,0,0,0,1,0,0
84046493,2000.0,1000.0,7.0,,4.0,0,0.08,0.09,0,1,0,0,0,0,0,0,1,0
73642296,0.0,1800.0,3.0,,,0,0.1,0.44,0,0,0,0,0,0,0,0,0,0
15419596,1300.0,1500.0,4.0,,,0,0.12,0.13,0,0,0,0,0,0,0,1,0,0
23379054,500.0,0.0,2.0,,,0,0.36,0.18,0,0,0,0,0,0,0,0,0,0
44663232,900.0,500.0,3.0,,,0,0.04,0.13,0,0,0,0,0,0,0,1,0,0
35705817,,,,,,0,0.29,0.32,0,0,0,0,0,0,0,0,0,1
59965151,0.0,1900.0,4.0,,,0,0.07,0.14,0,0,0,0,0,0,0,1,0,0
13386503,1700.0,1600.0,5.0,,,0,0.08,0.37,0,0,0,0,0,0,0,1,0,0
64104037,2000.0,0.0,5.0,,,0,0.11,0.18,0,0,0,0,0,0,0,1,0,0
62219643,,,,,,0,0.02,0.26,0,0,0,0,0,0,0,0,0,2
83266006,,,,,,0,0.02,0.15,0,0,0,0,0,0,0,0,0,1
13965201,,,,,,0,1.97,0.86,0,0,0,0,0,0,0,0,0,1
52038441,0.0,1800.0,3.0,,,0,0.09,0.28,0,0,0,0,0,0,0,0,0,0
67113830,,,,,,0,0.87,0.92,0,0,0,0,0,0,0,0,0,2
59438930,0.0,1800.0,3.0,,,0,0.15,0.35,0,0,0,0,0,0,0,0,0,0
62015408,0.0,1800.0,3.0,,,0,0.12,0.18,0,0,0,0,0,0,0,0,0,0
33347467,1900.0,1000.0,5.0,,,0,0.16,0.62,0,0,0,0,0,0,0,1,0,0
60643553,0.0,1800.0,3.0,,,0,0.08,0.17,0,0,0,0,0,0,0,0,0,0
99370594,1300.0,0.0,3.0,,,0,0.12,0.17,0,0,0,0,0,0,0,1,0,0
35268888,,,,,,0,44.43,15.99,0,0,0,0,0,0,0,0,0,4
61103515,1700.0,0.0,4.0,,,0,0.13,0.22,0,0,0,0,0,0,0,1,0,0
75367227,1800.0,1600.0,3.0,,,0,0.16,0.23,1,0,0,0,0,1,0,0,0,0
53334641,2000.0,2500.0,4.0,,,0,0.12,0.14,1,0,0,0,0,1,0,0,0,0
80802524,,,,,,0,0.12,0.17,0,0,0,0,0,0,0,0,0,2
46925518,300.0,1200.0,2.0,,,0,0.25,0.28,0,0,0,0,0,0,0,1,0,0
46895036,1000.0,0.0,1.0,,,0,0.28,0.25,1,0,0,0,0,1,0,0,0,0
36239585,900.0,1000.0,2.0,,,0,0.3,0.37,0,0,0,0,0,0,0,1,0,0
35871958,0.0,,,1.0,,1,0.18,0.22,1,0,0,0,0,0,1,0,0,0
85463083,1100.0,1200.0,3.0,,,0,0.88,0.3,0,0,0,0,0,0,0,1,0,0
61318483,800.0,100.0,1.0,,,0,0.13,0.1,0,0,0,0,0,0,0,1,0,0
80885284,400.0,1800.0,3.0,,,0,0.08,0.12,0,0,0,0,0,0,0,1,0,0
54512827,800.0,0.0,1.0,,,0,0.29,0.23,0,0,0,0,0,0,0,1,0,0
99795159,,,,,,0,0.02,0.38,0,0,0,0,0,0,0,0,0,1
98707192,100.0,1600.0,1.0,,,0,0.31,0.27,0,0,0,0,0,0,0,1,0,0
97584500,1500.0,0.0,3.0,,,0,0.07,0.12,0,0,0,0,0,0,0,1,0,0
7617062,,,,,,0,0.15,0.28,0,0,0,0,0,0,0,0,0,1
24101897,400.0,900.0,2.0,,,0,0.21,0.27,0,0,0,0,0,0,0,1,0,0
85827713,,,,,,0,0.82,0.64,0,0,0,0,0,0,0,0,0,2
27170599,,,,,,0,0.13,0.18,0,0,0,0,0,0,0,0,0,2
29400787,,,,,,0,0.44,0.28,0,0,0,0,0,0,0,0,0,1
61818176,,,,,,0,0.18,0.51,0,0,0,0,0,0,0,0,0,2
86516889,,,,,,0,0.4,0.53,0,0,0,0,0,0,0,0,0,2
69809989,,,,,,0,0.19,0.23,0,0,0,0,0,0,0,0,0,1
64804316,800.0,1500.0,4.0,,,0,0.13,0.19,0,0,0,0,0,0,0,1,0,0
51196805,1200.0,1100.0,3.0,,,0,0.25,0.27,0,0,0,0,0,0,0,1,0,0
32224143,1400.0,1200.0,2.0,,,0,0.22,0.28,1,0,0,0,0,1,0,0,0,0
81907872,600.0,0.0,1.0,,,0,0.12,0.09,0,0,0,0,0,0,0,1,0,0
16279989,1600.0,0.0,3.0,,,0,0.07,0.08,0,0,0,0,0,0,0,1,0,0
50527144,,,,,,0,0.22,0.19,0,0,0,0,0,0,0,0,0,2
72913666,1400.0,1500.0,3.0,,,0,0.14,0.26,0,0,0,0,0,0,0,1,0,0
27491571,1200.0,200.0,2.0,,,0,0.24,0.23,0,0,0,0,0,0,0,1,0,0
84472026,300.0,2000.0,3.0,,,0,0.06,0.2,0,0,0,0,0,0,0,1,0,0
54490275,1000.0,800.0,2.0,,,0,0.28,0.31,0,0,0,0,0,0,0,1,0,0
37055344,,,,,,0,0.59,0.88,0,0,0,0,0,0,0,0,0,2
51099515,,,,,,0,0.05,0.12,0,0,0,0,0,0,0,0,0,2
45792753,,,,,,0,0.16,0.07,0,0,0,0,0,0,0,0,0,2
38409239,,,,,,0,0.11,0.16,0,0,0,0,0,0,0,0,0,2
65898344,,,,,,0,0.21,0.23,0,0,0,0,0,0,0,0,0,2
72309040,-1.0,0.0,10.0,,,0,0.07,0.12,1,0,0,0,1,0,0,0,0,0
95265975,1600.0,1200.0,4.0,,,0,0.0,0.0,0,0,0,0,0,0,0,0,1,0
78266168,1700.0,2000.0,5.0,,,0,0.1,0.17,0,0,0,0,0,0,0,1,0,0
60619435,,,,,,0,0.06,0.13,0,0,0,0,0,0,0,0,0,1
58012707,,,,,,0,0.02,0.16,0,0,0,0,0,0,0,0,0,1
38229962,3000.0,,,4.0,,4,0.07,0.14,1,0,0,0,0,0,1,0,0,0
41762634,1500.0,1200.0,4.0,,,0,1.0,16.34,0,0,0,0,0,0,0,0,1,0
95178994,1000.0,100.0,2.0,,,0,0.05,0.24,0,0,0,0,0,0,0,1,0,0
58185394,2500.0,2400.0,4.0,,,0,0.06,0.2,0,0,0,0,0,0,0,1,0,0
8170654,1000.0,2500.0,8.0,,,0,0.06,0.1,0,0,0,0,0,0,0,1,0,0
72299832,1750.0,1900.0,6.0,,,0,0.11,0.21,0,0,0,0,0,0,0,0,1,0
16955631,1300.0,2000.0,1.0,,,0,0.25,0.26,1,0,0,0,0,1,0,0,0,0
73698349,2200.0,0.0,4.0,,,0,0.04,0.44,0,0,0,0,0,0,0,1,0,0
92723496,2000.0,1200.0,6.0,,,0,0.14,0.12,0,0,0,0,0,0,0,1,0,0
97017120,1400.0,1450.0,4.0,,,0,0.16,0.22,0,0,0,0,0,0,0,1,0,0
58831685,1800.0,800.0,4.0,,,0,0.35,0.33,0,0,0,0,0,0,0,0,1,0
80280944,2000.0,1200.0,4.0,,,0,0.13,0.14,0,0,0,0,0,0,0,1,0,0
41403766,1100.0,1000.0,3.0,,,0,0.64,0.0,0,0,0,0,0,0,0,0,1,0
57043117,1300.0,2000.0,3.0,,,0,1.16,0.62,1,0,0,0,0,1,0,0,0,0
13039848,1300.0,2000.0,3.0,,,0,0.02,0.07,0,0,0,0,0,0,0,0,1,0
43986064,,,,,,0,0.02,0.14,0,0,0,0,0,0,0,0,0,2
80723580,,,,,,0,0.04,0.12,0,0,0,0,0,0,0,0,0,2
42703248,,,,,,0,0.05,0.36,0,0,0,0,0,0,0,0,0,1
96981563,1400.0,1800.0,5.0,,,0,0.05,0.07,0,0,0,0,0,0,0,0,1,0
39526584,,,,,,0,8.63,5.36,0,0,0,0,0,0,0,0,0,2
82257940,,,,,,0,0.07,0.08,0,0,0,0,0,0,0,0,0,1
93912846,,,,,,0,0.0,0.0,0,0,0,0,0,0,0,0,0,4
98792570,,,,,,0,0.08,0.16,0,0,0,0,0,0,0,0,0,1
98299011,,,,,,0,0.02,0.22,0,0,0,0,0,0,0,0,0,2
43793530,2450.0,1500.0,5.0,,,0,0.13,0.31,0,0,0,0,0,0,0,0,1,0
8471389,1200.0,1400.0,4.0,,,0,0.09,0.26,0,0,0,0,0,0,0,0,1,0
47606319,1900.0,1300.0,4.0,,,0,0.02,0.31,0,0,0,0,0,0,0,1,0,0
11132674,2800.0,1500.0,8.0,,,0,3.21,1.94,1,0,0,0,0,1,0,0,0,0
82116191,1850.0,700.0,4.0,,,0,0.1,0.22,0,0,0,0,0,0,0,1,0,0
54498517,1600.0,1600.0,2.0,,,0,0.46,1.35,1,0,0,0,0,1,0,0,0,0
34047456,,,,,,0,0.02,0.05,0,0,0,0,0,0,0,0,0,2
63422098,2900.0,2800.0,9.0,,,0,0.34,0.2,1,0,0,0,1,0,0,0,0,0
33621868,1700.0,1800.0,5.0,,,0,1.26,0.48,0,0,0,0,0,0,0,0,1,0
53257892,2400.0,1200.0,6.0,,,0,0.26,0.45,0,0,0,0,0,0,0,0,0,0
58330108,0.0,0.0,8.0,,,0,1.54,0.0,0,0,0,0,0,0,0,1,0,0
79080761,1000.0,2300.0,5.0,,,0,0.08,0.11,0,0,0,0,0,0,0,1,0,0
17241941,1400.0,1700.0,4.0,,5.0,0,0.02,0.1,0,1,0,0,0,0,0,1,0,0
53776525,350.0,300.0,1.0,,,0,0.27,1.71,0,0,0,0,0,0,0,0,1,0
38445524,1800.0,1200.0,4.0,,,0,0.1,0.17,0,0,0,0,0,0,0,0,1,0
101403003,1800.0,1200.0,4.0,,,0,0.0,0.0,0,0,0,0,0,0,0,1,0,0
45894482,1400.0,400.0,3.0,,,0,0.02,0.07,0,0,0,0,0,0,0,1,0,0
69933858,2600.0,2000.0,8.0,,,0,0.54,0.71,0,0,0,0,0,0,0,1,0,0
36354007,2800.0,1400.0,8.0,,,0,0.04,0.18,0,0,0,0,0,0,0,1,0,0
26633847,2800.0,1400.0,8.0,,,0,0.0,0.0,0,0,0,0,0,0,0,1,0,0
76436988,2200.0,800.0,6.0,,,0,0.05,0.1,0,0,0,0,0,0,0,1,0,0
49161188,2700.0,1600.0,8.0,,,0,0.48,0.71,1,0,1,0,0,0,0,0,0,0
51828629,1850.0,1500.0,5.0,,,0,0.09,0.23,1,0,1,0,0,0,0,0,0,0
77406972,1850.0,1500.0,5.0,,,0,0.68,0.35,0,0,0,0,0,0,0,1,0,0
79086452,1000.0,1000.0,8.0,,,0,0.2,0.18,0,0,0,0,0,0,0,1,0,0
99229085,2000.0,2000.0,8.0,,,0,0.06,0.13,0,0,0,0,0,0,0,1,0,0
97520532,1500.0,,,2.0,,2,0.3,0.59,1,0,0,0,0,0,1,0,0,0
76543119,1200.0,2000.0,4.0,,,0,0.07,0.18,0,0,0,0,0,0,0,1,0,0
92418590,0.0,0.0,8.0,,,0,0.2,0.4,0,0,0,0,0,0,0,1,0,0
20032555,1600.0,1200.0,4.0,,,0,0.73,0.91,0,0,0,0,0,0,0,1,0,0
76290637,1500.0,3100.0,8.0,,,0,0.09,0.18,1,0,0,0,0,1,0,0,0,0
4145915,1800.0,500.0,4.0,,,0,0.21,0.19,0,0,0,0,0,0,0,1,0,0
56427559,100.0,100.0,1.0,,,0,0.39,0.48,0,0,0,0,0,0,0,1,0,0
7593748,0.0,2000.0,4.0,,,0,0.21,0.17,1,0,0,0,0,1,0,0,0,0
8226374,0.0,100.0,4.0,,,0,0.14,0.39,0,0,0,0,0,0,0,1,0,0
36436372,0.0,0.0,4.0,,,0,0.06,0.12,0,0,0,0,0,0,0,1,0,0
39806198,1000.0,1000.0,8.0,,,0,0.28,0.34,0,0,0,0,0,0,0,1,0,0
55204071,1000.0,2000.0,8.0,,,0,0.35,0.24,0,0,0,0,0,0,0,1,0,0
63825486,400.0,1400.0,8.0,,,0,0.07,0.16,0,0,0,0,0,0,0,1,0,0
29216967,1200.0,600.0,4.0,,,0,2.3,1.31,0,0,0,0,0,0,0,1,0,0
34620088,1000.0,1000.0,8.0,,,0,0.26,0.35,0,0,0,0,0,0,0,1,0,0
43598843,500.0,0.0,4.0,,,0,0.12,0.2,0,0,0,0,0,0,0,1,0,0
92821268,800.0,1600.0,8.0,,,0,0.38,0.33,0,0,0,0,0,0,0,1,0,0
79922118,,,,,,0,0.15,0.18,0,0,0,0,0,0,0,0,0,1
84620194,1700.0,1000.0,4.0,,,0,0.06,0.08,0,0,0,0,0,0,0,0,1,0
69811710,1800.0,0.0,4.0,,,0,0.17,0.16,0,0,0,0,0,0,0,1,0,0
67111213,800.0,500.0,2.0,,,0,0.42,1.02,0,0,0,0,0,0,0,1,0,0
46159582,,,,,,0,0.14,0.21,0,0,0,0,0,0,0,0,0,1
92784374,1000.0,1800.0,4.0,,,0,0.21,0.5,0,0,0,0,0,0,0,1,0,0
16693254,1500.0,800.0,4.0,,,0,0.23,0.25,0,0,0,0,0,0,0,1,0,0
36227804,1500.0,1300.0,4.0,,,0,0.13,0.27,0,0,0,0,0,0,0,1,0,0
66399675,1800.0,1000.0,4.0,,,0,0.07,0.16,0,0,0,0,0,0,0,1,0,0
72403299,1200.0,800.0,3.0,,,0,0.25,0.22,0,0,0,0,0,0,0,1,0,0
73551138,1600.0,800.0,4.0,,,0,0.57,0.25,0,0,0,0,0,0,0,0,0,0
38356857,600.0,700.0,2.0,,,0,0.02,0.07,0,0,0,0,0,0,0,1,0,0
39905966,1600.0,1200.0,4.0,,,0,0.03,0.51,0,0,0,0,0,0,0,1,0,0
19959742,1700.0,900.0,4.0,,,0,0.62,0.23,0,0,0,0,0,0,0,1,0,0
17241370,1800.0,900.0,4.0,,,0,0.32,0.4,0,0,0,0,0,0,0,0,0,0
36982581,,,,,,0,0.03,0.09,0,0,0,0,0,0,0,0,0,1
63942761,1700.0,1000.0,4.0,,,0,0.07,0.12,0,0,0,0,0,0,0,1,0,0
9236985,,,,,,0,0.85,0.2,0,0,0,0,0,0,0,0,0,1
30334522,2150.0,1650.0,4.0,,,0,0.32,0.35,0,0,0,1,0,0,0,1,0,0
37557626,500.0,800.0,2.0,,,0,0.02,0.24,0,0,0,0,0,0,0,1,0,0
29888389,1200.0,1000.0,4.0,,,0,0.07,0.18,0,0,0,0,0,0,0,1,0,0
93506862,1000.0,800.0,2.0,,,0,0.18,0.21,0,0,0,0,0,0,0,1,0,0
47106439,700.0,500.0,2.0,,,0,0.23,0.14,0,0,0,0,0,0,0,1,0,0
66729231,3200.0,0.0,10.0,,,0,3.02,1.87,0,0,0,1,0,0,0,1,0,0
55465441,,,,,,0,0.46,1.56,0,0,0,0,0,0,0,0,0,2
59789370,1850.0,1850.0,4.0,,,0,0.03,0.06,0,0,0,0,0,0,0,1,0,0
50901852,50.0,50.0,1.0,,,0,0.04,0.06,0,0,0,0,0,0,0,1,0,0
63633694,2750.0,2750.0,9.0,,,0,0.28,0.16,0,0,0,0,0,0,0,1,0,0
46809548,2150.0,2150.0,6.0,,,0,0.06,0.1,0,0,0,0,0,0,0,1,0,0
96399967,950.0,950.0,2.0,,,0,0.05,0.05,0,0,0,0,0,0,0,1,0,0
43218406,2950.0,2950.0,10.0,,,0,0.15,0.19,0,0,0,0,0,0,0,1,0,0
71197066,2450.0,2450.0,8.0,,,0,0.12,0.06,0,0,0,0,0,0,0,1,0,0
23384666,1450.0,1450.0,3.0,,,0,0.13,0.18,0,0,0,0,0,0,0,1,0,0
90361289,2250.0,2250.0,7.0,,,0,0.24,0.33,0,0,0,0,0,0,0,1,0,0
13224603,2050.0,2050.0,5.0,,,0,0.17,0.15,0,0,0,0,0,0,0,1,0,0
43175027,1400.0,700.0,4.0,,,0,0.23,0.28,0,0,0,0,0,0,0,1,0,0
6568731,2700.0,1600.0,7.0,,,0,0.35,0.34,1,0,0,0,1,0,0,0,0,0
79169622,800.0,1000.0,3.0,,,0,0.47,0.75,0,0,0,0,0,0,0,0,0,0
11449436,1200.0,3000.0,6.0,,,0,0.03,0.1,0,0,0,0,0,0,0,1,0,0
42592719,2400.0,600.0,6.0,,,0,1.28,0.86,0,0,0,0,0,0,0,1,0,0
3779662,1000.0,2800.0,8.0,,,0,0.27,0.29,1,0,1,0,0,0,0,0,0,0
90582719,1900.0,1500.0,4.0,,,0,0.44,0.35,0,0,0,0,0,0,0,0,1,0
52502677,800.0,2000.0,4.0,,,0,0.11,0.22,0,0,0,0,0,0,0,1,0,0
7573135,2600.0,1000.0,8.0,,,0,2.46,1.41,0,0,0,0,0,0,0,1,0,0
41470137,1500.0,800.0,4.0,,,0,0.09,0.12,0,0,0,0,0,0,0,1,0,0
16990348,,,,,,0,0.05,0.2,0,0,0,0,0,0,0,0,0,2
48958757,3700.0,2600.0,12.0,,,0,0.12,0.24,1,0,1,0,0,0,0,0,0,0
72246674,1700.0,,,2.0,,2,0.04,0.17,1,0,0,0,0,0,1,0,0,0
25924653,1700.0,300.0,4.0,,,0,1.66,3.63,0,0,0,0,0,0,0,1,0,0
31247589,1600.0,1200.0,4.0,,,0,0.33,0.42,0,0,0,0,0,0,0,1,0,0
33652635,3500.0,1200.0,10.0,,,0,0.44,0.39,1,0,1,0,0,0,0,0,0,0
62000467,2000.0,,0.0,2.0,,2,0.06,0.14,1,0,0,0,0,0,1,0,0,0
57731460,1600.0,1200.0,4.0,,,0,1.26,2.01,0,0,0,0,0,0,0,1,0,0
73285669,2500.0,1400.0,5.0,,,0,0.11,0.11,1,0,1,0,0,0,0,0,0,0
90957527,2600.0,1500.0,7.0,,,0,1.9,4.22,1,0,1,0,0,0,0,0,0,0
26582143,1200.0,2000.0,3.0,,,0,0.23,0.3,0,0,0,0,0,0,0,1,0,0
48156348,2400.0,1500.0,6.0,,,0,1.73,0.76,1,0,1,0,0,0,0,0,0,0
27346636,3000.0,2800.0,8.0,,,0,0.16,0.14,1,0,1,0,0,0,0,0,0,0
4253484,700.0,2100.0,4.0,,,0,0.69,0.99,0,0,0,0,0,0,0,1,0,0
2067935,1800.0,1200.0,4.0,,,0,0.63,0.14,0,0,0,0,0,0,0,1,0,0
78868776,1800.0,400.0,4.0,,,0,0.15,0.18,0,0,0,0,0,0,0,1,0,0
5975022,800.0,400.0,3.0,,,0,5.14,7.53,0,0,0,0,0,0,0,1,0,0
29357956,2800.0,1900.0,8.0,,,0,2.72,1.16,1,0,1,0,0,0,0,0,0,0
67385964,0.0,1000.0,5.0,,,0,3.43,0.8,0,0,0,0,0,0,0,1,0,0
29590752,2500.0,1200.0,7.0,,,0,1.53,0.78,0,0,0,0,0,0,0,1,0,0
612115,1200.0,800.0,3.0,,,0,0.37,0.31,0,0,0,0,0,0,0,1,0,0
16003979,1400.0,1000.0,3.0,,,0,0.09,0.14,0,0,0,0,0,0,0,1,0,0
2619149,1600.0,1200.0,3.0,,,0,0.19,0.14,0,0,0,0,0,0,0,1,0,0
77642288,400.0,300.0,4.0,,,0,0.96,0.8,0,0,0,0,0,0,0,1,0,0
79580323,2200.0,1600.0,5.0,,,0,2.91,3.41,0,0,0,0,0,0,0,1,0,0
30864377,2400.0,3000.0,8.0,,,0,0.12,0.12,1,0,1,0,0,0,0,0,0,0
65984457,1400.0,400.0,3.0,,,0,0.62,0.76,0,0,0,0,0,0,0,1,0,0
50893987,1800.0,800.0,4.0,,,0,0.13,0.29,0,0,0,0,0,0,0,1,0,0
66290900,,,,,,0,0.09,0.19,0,0,0,0,0,0,0,0,0,1
88996322,2300.0,0.0,7.0,,,0,0.11,0.2,0,0,0,0,0,0,0,1,0,0
96216229,,,,,,0,0.46,0.21,0,0,0,0,0,0,0,0,0,2
8730435,,,,,,0,0.12,0.27,0,0,0,0,0,0,0,0,0,1
25407406,,,,,,0,0.17,0.53,0,0,0,0,0,0,0,0,0,1
99013397,,,,,,0,0.12,0.44,0,0,0,0,0,0,0,0,0,1
52496105,,,,,,0,0.72,1.73,0,0,0,0,0,0,0,0,0,1
20201255,,,,,,0,0.1,0.23,0,0,0,0,0,0,0,0,0,1
98891840,,,,,,0,0.56,0.94,0,0,0,0,0,0,0,0,0,1
97234686,,,,,,0,0.05,0.08,0,0,0,0,0,0,0,0,0,2
52394047,,,,,,0,0.05,0.06,0,0,0,0,0,0,0,0,0,2
35224440,,,,,,0,0.36,0.76,0,0,0,0,0,0,0,0,0,1
93684009,,,,,,0,0.02,0.25,0,0,0,0,0,0,0,0,0,1
9780364,,,,,,0,2.05,4.7,0,0,0,0,0,0,0,0,0,1
24285858,,,,,,0,0.08,0.13,0,0,0,0,0,0,0,0,0,1
9677699,,,,,,0,0.97,0.86,0,0,0,0,0,0,0,0,0,1
14464864,,,,,,0,0.07,0.15,0,0,0,0,0,0,0,0,0,2
899287,1500.0,1500.0,4.0,,,0,3.62,3.53,0,0,0,0,0,0,0,1,0,0
32044675,0.0,2000.0,8.0,,,0,0.18,0.18,1,0,0,0,1,0,0,0,0,0
61962135,,,,,,0,0.12,0.22,0,0,0,0,0,0,0,0,0,2
60944809,,,,,,0,0.1,0.16,0,0,0,0,0,0,0,0,0,1
75719089,,,,,,0,0.24,0.45,0,0,0,0,0,0,0,0,0,1
92964816,0.0,0.0,1.0,,,0,0.34,0.96,0,0,0,0,0,0,0,0,0,0
67441435,100.0,100.0,1.0,,,0,0.65,0.85,0,0,0,0,0,0,0,0,0,0
53860621,,,,,,0,0.04,0.15,0,0,0,0,0,0,0,0,0,1
8576764,1000.0,1000.0,3.0,,,0,0.08,0.19,0,0,0,0,0,0,0,0,0,0
56311997,3000.0,900.0,8.0,,,0,0.04,0.15,1,0,1,0,0,0,0,0,0,0
75191028,3700.0,2300.0,10.0,,,0,0.43,0.43,1,0,1,0,0,0,0,0,0,0
82706696,2700.0,1300.0,8.0,,,0,0.22,0.28,1,0,1,0,0,0,0,0,0,0
38984832,,,,,,0,1.72,1.0,0,0,0,0,0,0,0,0,0,1
18795635,,,,,,0,0.26,1.23,0,0,0,0,0,0,0,0,0,1
83528184,900.0,1300.0,4.0,,,0,0.04,0.17,0,0,0,0,0,0,0,1,0,0
56034579,1000.0,900.0,4.0,,,0,0.02,0.21,0,0,0,0,0,0,0,1,0,0
74378580,,,,,,0,0.14,0.21,0,0,0,0,0,0,0,0,0,1
2618725,1500.0,1900.0,5.0,,,0,1.28,1.27,0,0,0,0,0,0,0,1,0,0
20049870,1500.0,700.0,3.0,,,0,0.18,0.81,0,0,0,0,0,0,0,1,0,0
39706423,1900.0,0.0,4.0,,,0,0.07,0.12,0,0,0,0,0,0,0,1,0,0
58655504,0.0,1000.0,1.0,,,0,0.09,0.16,0,0,0,0,0,0,0,1,0,0
40227329,0.0,0.0,10.0,,0.0,0,0.24,0.26,0,1,0,0,0,0,0,1,0,0
78658564,2300.0,0.0,4.0,,,0,0.07,0.13,0,0,0,0,0,0,0,1,0,0
34001672,2100.0,0.0,3.0,,,0,0.29,0.42,1,0,0,0,0,1,0,0,0,0
27868563,1300.0,0.0,3.0,,,0,0.06,0.13,0,0,0,0,0,0,0,1,0,0
51473858,1500.0,0.0,3.0,,,0,0.12,0.23,0,0,0,0,0,0,0,1,0,0
24079759,1600.0,0.0,3.0,,,0,0.59,0.54,0,0,0,0,0,0,0,1,0,0
64327901,,,,,,0,0.09,0.21,0,0,0,0,0,0,0,0,0,1
29111045,,,,,,0,0.31,0.32,0,0,0,0,0,0,0,0,0,1
15094540,,,,,,0,0.04,0.13,0,0,0,0,0,0,0,0,0,2
90711610,,,,,,0,0.63,0.5,0,0,0,0,0,0,0,0,0,1
90946420,,,,,,0,0.15,0.16,0,0,0,0,0,0,0,0,0,2
50311058,,,,,,0,0.05,0.13,0,0,0,0,0,0,0,0,0,2
64257161,1300.0,0.0,3.0,,,0,0.11,0.2,0,0,0,0,0,0,0,1,0,0
44241999,1700.0,0.0,3.0,,,0,0.09,0.1,1,0,0,0,0,1,0,0,0,0
46014517,2500.0,2000.0,6.0,,,0,0.26,0.34,1,0,0,0,0,1,0,0,0,0
55320758,2400.0,0.0,6.0,,,0,0.1,0.18,0,0,0,0,0,0,0,1,0,0
66707058,1300.0,0.0,4.0,,,0,0.39,0.5,0,0,0,0,0,0,0,1,0,0
12057781,400.0,400.0,1.0,,,0,0.1,0.15,0,0,0,0,0,0,0,0,1,0
18658572,,,,,,0,0.11,0.14,0,0,0,0,0,0,0,0,0,1
18960169,1000.0,0.0,4.0,,,0,0.07,0.14,0,0,0,0,0,0,0,1,0,0
85306040,2200.0,1500.0,4.0,,,0,0.08,0.1,0,0,0,0,0,0,0,1,0,0
4149689,,,,,,0,0.47,0.26,0,0,0,0,0,0,0,0,0,2
85123771,0.0,2000.0,4.0,,,0,0.03,0.07,0,0,0,0,0,0,0,1,0,0
18590133,0.0,0.0,1.0,,,0,0.09,0.1,0,0,0,0,0,0,0,1,0,0
34251483,1900.0,0.0,4.0,,,0,0.38,0.15,0,0,0,0,0,0,0,1,0,0
425934,1000.0,1800.0,4.0,,,0,0.21,0.15,0,0,0,0,0,0,0,1,0,0
69632396,,,,,,0,0.14,0.09,0,0,0,0,0,0,0,0,0,2
12755462,1500.0,400.0,4.0,,,0,0.33,0.1,0,0,0,0,0,0,0,1,0,0
82324312,1700.0,0.0,4.0,,,0,0.07,0.16,0,0,0,0,0,0,0,1,0,0
45311864,,,,,,0,0.15,0.31,0,0,0,0,0,0,0,0,0,1
63665875,1100.0,1050.0,4.0,,,0,0.39,0.58,0,0,0,0,0,0,0,1,0,0
71100270,2700.0,0.0,6.0,,,0,0.07,0.2,1,0,0,0,0,1,0,0,0,0
11868825,,,,,,0,0.02,0.27,0,0,0,0,0,0,0,0,0,1
25259669,1400.0,0.0,4.0,,,0,0.08,0.15,0,0,0,0,0,0,0,1,0,0
83743222,1500.0,1600.0,4.0,,,0,0.07,0.14,1,0,1,0,0,0,0,0,0,0
72589042,1800.0,2000.0,6.0,,,0,0.08,0.2,0,0,0,0,0,0,0,1,0,0
50915474,950.0,700.0,3.0,,,0,0.06,0.11,0,0,0,0,0,0,0,1,0,0
67959180,950.0,700.0,3.0,,,0,0.15,0.23,0,0,0,0,0,0,0,1,0,0
38576155,,,,,,0,0.27,0.31,0,0,0,0,0,0,0,0,0,1
91969909,,,,,,0,0.21,0.3,0,0,0,0,0,0,0,0,0,1
64961254,,,,,,0,0.17,0.28,0,0,0,0,0,0,0,0,0,1
53493204,1200.0,1000.0,4.0,,,0,0.09,0.21,0,0,0,0,0,0,0,1,0,0
10236520,1500.0,1000.0,4.0,,,0,0.09,0.21,0,0,0,0,0,0,0,1,0,0
21155323,1500.0,500.0,4.0,,,0,0.2,0.1,0,0,0,0,0,0,0,0,0,0
39674352,2950.0,2800.0,8.0,,,0,0.18,1.41,0,0,0,0,0,0,0,0,1,0
91718579,0.0,2200.0,4.0,,,0,0.04,0.1,0,0,0,0,0,0,0,1,0,0
56105047,1900.0,0.0,4.0,,,0,0.12,0.11,0,0,0,0,0,0,0,1,0,0
39695323,2000.0,0.0,4.0,,,0,0.03,0.07,0,0,0,0,0,0,0,1,0,0
19667590,0.0,2200.0,4.0,,,0,0.09,0.21,0,0,0,0,0,0,0,1,0,0
35886170,1400.0,0.0,4.0,,,0,0.13,0.17,0,0,0,0,0,0,0,1,0,0
62476815,1800.0,1500.0,4.0,,,0,0.06,0.11,0,0,0,0,0,0,0,1,0,0
2948263,-1.0,1500.0,4.0,,,0,0.05,0.12,0,0,0,0,0,0,0,1,0,0
59911557,2300.0,0.0,4.0,,,0,0.05,0.13,0,0,0,0,0,0,0,1,0,0
63583431,,,,,,0,0.05,0.13,0,0,0,0,0,0,0,0,0,1
23116808,2200.0,1900.0,6.0,,,0,0.02,0.22,0,0,0,0,0,0,0,1,0,0
15367030,1200.0,1400.0,4.0,,,0,0.23,0.29,0,0,0,0,0,0,0,0,1,0
17535764,1000.0,1200.0,3.0,,,0,0.09,0.15,0,0,0,0,0,0,0,1,0,0
14472500,800.0,800.0,2.0,,,0,0.12,0.12,0,0,0,0,0,0,0,1,0,0
55010259,1700.0,800.0,4.0,,,0,0.14,0.15,0,0,0,0,0,0,0,1,0,0
43528009,,,,,,0,0.14,0.21,0,0,0,0,0,0,0,0,0,1
54670997,,,,,,0,0.48,0.46,0,0,0,0,0,0,0,0,0,1
96305350,900.0,1700.0,3.0,,,0,1.43,1.29,0,0,0,0,0,0,0,1,0,0
65892585,1900.0,2700.0,3.0,,,0,0.53,0.37,1,0,0,0,0,1,0,0,0,0
60203670,1800.0,800.0,5.0,,,0,0.11,0.27,0,0,0,0,0,0,0,0,0,0
45464587,2700.0,1700.0,8.0,,,0,0.36,0.36,1,0,0,0,1,0,0,0,0,0
90164606,,,,,,0,0.1,0.11,0,0,0,0,0,0,0,0,0,2
23512906,1500.0,1200.0,3.0,,,0,0.46,0.5,0,0,0,0,0,0,0,0,0,0
58884063,2300.0,,,2.0,,2,0.1,0.16,1,0,0,0,0,0,1,0,0,0
59900655,2300.0,2600.0,8.0,,,0,0.15,0.09,0,0,0,0,0,0,0,1,0,0
27275398,,,,,,0,0.04,0.11,0,0,0,0,0,0,0,0,0,1
28497830,3000.0,0.0,9.0,,,0,0.43,0.26,1,0,1,0,0,0,0,0,0,0
92003832,1800.0,1600.0,5.0,,,0,0.31,0.21,0,0,0,0,0,0,0,1,0,0
22390469,2000.0,2000.0,6.0,,,0,0.33,0.31,1,0,0,0,1,0,0,0,0,0
21677871,,,,,,0,0.19,0.28,0,0,0,0,0,0,0,0,0,2
91286284,,,,,,0,0.21,0.3,0,0,0,0,0,0,0,0,0,1
95283172,,,,,,0,0.11,0.18,0,0,0,0,0,0,0,0,0,1
75500286,,,,,,0,0.04,0.16,0,0,0,0,0,0,0,0,0,1
78004197,2300.0,1400.0,5.0,,,0,0.02,0.13,0,0,0,0,0,0,0,1,0,0
95937545,2500.0,,,3.0,,3,0.18,0.17,1,0,0,0,0,0,1,0,0,0
74029853,,,,,,0,0.12,0.33,0,0,0,0,0,0,0,0,0,1
72283691,,,,,,0,0.48,0.33,0,0,0,0,0,0,0,0,0,1
93125329,2200.0,1000.0,6.0,,,0,0.26,0.46,1,0,0,0,1,0,0,0,0,0
28565527,1000.0,1000.0,4.0,,,0,0.04,0.14,0,0,0,0,0,0,0,1,0,0
76203291,1700.0,1000.0,4.0,,,0,0.09,0.15,0,0,0,0,0,0,0,1,0,0
59156966,,,,,,0,0.05,0.15,0,0,0,0,0,0,0,0,0,1
27408609,1500.0,1500.0,6.0,,,0,0.1,0.13,0,0,0,0,0,0,0,1,0,0
87102774,0.0,0.0,1.0,,,0,0.3,0.56,0,0,0,0,0,0,0,1,0,0
56984514,,,,,,0,0.13,0.36,0,0,0,0,0,0,0,0,0,2
3574681,,,,,,0,2.1,2.22,0,0,0,0,0,0,0,0,0,1
78642798,0.0,0.0,1.0,,,0,0.13,0.29,0,0,0,0,0,0,0,1,0,0
81344070,0.0,2000.0,4.0,,,0,0.09,0.14,0,0,0,0,0,0,0,0,0,0
24521754,0.0,3000.0,10.0,,,0,0.07,0.22,0,0,0,0,0,0,0,1,0,0
9666558,200.0,2000.0,4.0,,,0,0.76,0.54,0,0,0,0,0,0,0,1,0,0
52323207,800.0,1800.0,4.0,,,0,0.45,0.5,0,0,0,0,0,0,0,1,0,0
74169516,2000.0,2200.0,6.0,,,0,0.1,0.24,0,0,0,0,0,0,0,1,0,0
7526150,900.0,1600.0,4.0,,,0,0.02,0.24,0,0,0,0,0,0,0,0,1,0
59369430,1800.0,3200.0,10.0,,,0,0.04,0.06,0,0,0,0,0,0,0,1,0,0
59797187,1350.0,1600.0,3.0,,,0,0.06,0.13,0,0,0,0,0,0,0,1,0,0
62835876,,,,,,0,1.01,0.37,0,0,0,0,0,0,0,0,0,1
9744376,,,,,,0,0.18,0.63,0,0,0,0,0,0,0,0,0,2
77799846,3000.0,2500.0,8.0,,,0,0.07,0.19,1,0,0,0,0,1,0,0,0,0
80233946,1100.0,1100.0,3.0,,,0,0.16,0.31,0,0,0,0,0,0,0,1,0,0
42868711,1200.0,1400.0,4.0,,,0,0.04,0.11,0,0,0,0,0,0,0,1,0,0
66236707,,,,,,0,11.64,12.11,0,0,0,0,0,0,0,0,0,1
11793047,300.0,1300.0,3.0,,,0,0.0,0.0,0,0,0,0,0,0,0,0,1,0
12067160,100.0,,,3.0,,3,0.4,0.35,1,0,0,0,0,0,1,0,0,0
29357687,1900.0,,,2.0,,2,0.12,0.19,1,0,0,0,0,0,1,0,0,0
52648457,,,,,,0,0.17,0.4,0,0,0,0,0,0,0,0,0,2
37168514,1300.0,300.0,3.0,,,0,0.06,0.1,0,0,0,0,0,0,0,1,0,0
64379261,1000.0,800.0,3.0,,,0,0.12,0.14,0,0,0,0,0,0,0,1,0,0
90764875,100.0,100.0,1.0,,,0,0.04,0.11,0,0,0,0,0,0,0,1,0,0
37984162,1200.0,600.0,3.0,,,0,0.04,0.11,0,0,0,0,0,0,0,1,0,0
84401683,1600.0,1200.0,3.0,,,0,0.13,0.24,1,0,0,0,0,1,0,0,0,0
76548531,1200.0,0.0,4.0,,,0,5.01,17.12,0,0,0,0,0,0,0,1,0,0
44330098,2700.0,2500.0,7.0,,,0,4.92,3.09,0,0,0,0,0,0,0,1,0,0
91148083,,,,,,0,0.07,0.12,0,0,0,0,0,0,0,0,0,1
13504844,,,,,,0,0.07,0.13,0,0,0,0,0,0,0,0,0,2
61948106,,,,,,0,0.08,0.06,0,0,0,0,0,0,0,0,0,1
12097275,2400.0,0.0,6.0,,,0,0.04,0.11,0,0,0,0,0,0,0,1,0,0
85638822,,,,,,0,0.18,0.36,0,0,0,0,0,0,0,0,0,1
88406570,2800.0,,0.0,4.0,,4,0.05,0.11,1,0,0,0,0,0,1,0,0,0
69453825,2200.0,0.0,6.0,,,0,0.06,0.09,1,0,0,0,1,0,0,0,0,0
26285557,,,,,,0,0.02,0.25,0,0,0,0,0,0,0,0,0,1
35870016,,,,,,0,0.02,0.11,0,0,0,0,0,0,0,0,0,1
95448372,,,,,,0,0.07,0.14,0,0,0,0,0,0,0,0,0,1
7540107,800.0,0.0,1.0,,,0,0.04,0.06,0,0,0,0,0,0,0,1,0,0
54088068,800.0,0.0,2.0,,,0,0.07,0.14,0,0,0,0,0,0,0,1,0,0
10552026,1000.0,,0.0,2.0,,2,0.05,0.09,1,0,0,0,0,0,1,0,0,0
71555408,1000.0,0.0,2.0,,,0,0.06,0.14,0,0,0,0,0,0,0,1,0,0
59644128,2000.0,,0.0,2.0,,2,0.05,0.13,1,0,0,0,0,0,1,0,0,0
29099860,1800.0,0.0,4.0,,,0,0.14,0.14,0,0,0,0,0,0,0,0,0,0
20191720,1900.0,0.0,6.0,,,0,0.06,0.14,0,0,0,0,0,0,0,1,0,0
85008676,0.0,0.0,1.0,,,0,0.02,0.16,0,0,0,0,0,0,0,1,0,0
62376646,,,,,,0,0.02,0.13,0,0,0,0,0,0,0,0,0,1
93581434,0.0,0.0,1.0,,,0,0.06,0.12,0,0,0,0,0,0,0,1,0,0
60461077,2300.0,0.0,5.0,,,0,0.1,0.24,0,0,0,0,0,0,0,1,0,0
7382007,1900.0,,,2.0,,2,0.07,0.12,1,0,0,0,0,0,1,0,0,0
24073068,1800.0,0.0,4.0,,,0,0.11,0.12,0,0,0,0,0,0,0,1,0,0
67586735,1700.0,0.0,5.0,,,0,0.05,0.09,0,0,0,0,0,0,0,1,0,0
95515058,2400.0,,,3.0,,3,0.09,0.12,1,0,0,0,0,0,1,0,0,0
47946130,3000.0,,,4.0,,4,0.07,0.14,1,0,0,0,0,0,1,0,0,0
78437364,2600.0,,,3.0,,3,0.05,0.08,1,0,0,0,0,0,1,0,0,0
30286474,2800.0,,0.0,4.0,,4,0.16,0.19,1,0,0,0,0,0,1,0,0,0
11516241,2800.0,,,4.0,,4,0.06,0.13,1,0,0,0,0,0,1,0,0,0
22510667,2400.0,,,3.0,,3,0.07,0.14,1,0,0,0,0,0,1,0,0,0
7782069,3500.0,0.0,8.0,,,0,0.21,0.1,1,0,1,0,0,0,0,0,0,0
30010480,2200.0,,0.0,3.0,,3,0.18,0.28,1,0,0,0,0,0,1,0,0,0
97688360,1600.0,0.0,3.0,,,0,0.14,0.13,0,0,0,0,0,0,0,1,0,0
63364266,1900.0,1000.0,5.0,,,0,0.55,0.43,1,0,0,0,1,0,0,0,0,0
58901502,1000.0,1000.0,3.0,,,0,0.16,0.12,1,0,0,0,1,0,0,0,0,0
59255742,3300.0,2500.0,10.0,,,0,0.05,0.14,1,0,1,0,0,0,0,0,0,0
7391448,2800.0,2000.0,6.0,,,0,1.34,2.86,1,0,0,0,1,0,0,0,0,0
84305651,2800.0,2000.0,8.0,,,0,0.12,0.2,1,0,0,0,1,0,0,0,0,0
98637386,2400.0,1200.0,6.0,,,0,0.86,0.7,1,0,0,0,1,0,0,0,0,0
53334471,,,,,,0,0.37,0.39,0,0,0,0,0,0,0,0,0,2
52467217,1700.0,800.0,4.0,,,0,0.76,4.59,0,0,0,0,0,0,0,1,0,0
76630812,,,,,,0,0.13,0.25,0,0,0,0,0,0,0,0,0,1
79571449,,,,,,0,4.4,4.29,0,0,0,0,0,0,0,0,0,1
74137509,,,,,,0,0.19,0.63,0,0,0,0,0,0,0,0,0,1
98273947,,,,,,0,0.12,0.11,0,0,0,0,0,0,0,0,0,2
9032529,,,,,,0,0.11,0.21,0,0,0,0,0,0,0,0,0,2
10992251,1200.0,800.0,4.0,,,0,0.05,0.16,0,0,0,0,0,0,0,0,1,0
14291024,-1.0,-1.0,1.0,,,0,0.18,0.24,0,0,0,0,0,0,0,1,0,0
20758643,1000.0,1500.0,3.0,,,0,0.11,0.2,0,0,0,0,0,0,0,1,0,0
21785144,2000.0,1600.0,6.0,,,0,0.1,0.1,0,0,0,0,0,0,0,1,0,0
84401954,1200.0,600.0,2.0,,,0,0.22,0.26,0,0,0,0,0,0,0,1,0,0
13944422,1900.0,700.0,4.0,,,0,0.05,0.16,0,0,0,0,0,0,0,1,0,0
38430673,,,,,,0,0.06,0.11,0,0,0,0,0,0,0,0,0,1
1637760,,,,,,0,0.13,0.19,0,0,0,0,0,0,0,0,0,2
51132012,2100.0,1800.0,8.0,,,0,0.04,0.14,0,0,0,0,0,0,0,1,0,0
38057522,,,,,,0,0.1,0.14,0,0,0,0,0,0,0,0,0,1
13676474,1500.0,800.0,4.0,,,0,0.02,0.21,0,0,0,0,0,0,0,0,1,0
83039729,2100.0,800.0,5.0,,,0,0.29,0.35,0,0,0,0,0,0,0,1,0,0
44190146,0.0,0.0,1.0,,,0,0.09,0.22,0,0,0,0,0,0,0,1,0,0
35866404,0.0,1400.0,4.0,,,0,0.03,0.11,0,0,0,0,0,0,0,1,0,0
61468779,2800.0,2200.0,8.0,,,0,0.28,0.25,0,0,0,0,0,0,0,1,0,0
98898163,1400.0,2400.0,8.0,,,0,0.04,0.06,0,0,0,0,0,0,0,1,0,0
24915933,2500.0,2500.0,8.0,,,0,0.36,0.19,1,0,1,0,0,0,0,0,0,0
15545291,2800.0,1000.0,8.0,,,0,2.44,1.84,0,0,0,0,0,0,0,1,0,0
60229110,2400.0,1000.0,6.0,,,0,0.24,0.51,0,0,0,0,0,0,0,1,0,0
84521924,2700.0,,,3.0,,3,0.31,1.07,1,0,0,0,0,0,1,0,0,0
37972500,1900.0,,,2.0,,2,3.33,2.48,1,0,0,0,0,0,1,0,0,0
34230233,2700.0,1800.0,8.0,,,0,0.1,0.15,0,0,0,0,0,0,0,1,0,0
39552584,3200.0,2300.0,10.0,,,0,0.5,0.26,1,0,1,0,0,0,0,0,0,0
32907538,1200.0,2000.0,4.0,,,0,0.14,0.15,0,0,0,0,0,0,0,1,0,0
2906250,1300.0,1200.0,4.0,,,0,20.14,51.41,0,0,0,0,0,0,0,0,1,0
16632144,100.0,100.0,1.0,,,0,0.05,0.09,0,0,0,0,0,0,0,0,0,0
41249545,1000.0,1000.0,3.0,,,0,0.07,0.11,0,0,0,0,0,0,0,1,0,0
95166228,2350.0,1000.0,5.0,,,0,0.28,0.19,0,0,0,0,0,0,0,0,0,0
57270476,,,,,,0,0.11,0.15,0,0,0,0,0,0,0,0,0,2
83266092,,,,,,0,0.13,0.13,0,0,0,0,0,0,0,0,0,2
40937767,1600.0,1500.0,4.0,,,0,0.28,0.26,0,0,0,0,0,0,0,1,0,0
11448373,0.0,2000.0,4.0,,,0,0.06,0.1,0,0,0,0,0,0,0,1,0,0
48343627,0.0,0.0,1.0,,,0,0.07,0.11,0,0,0,0,0,0,0,1,0,0
82542267,,,,,,0,0.03,0.21,0,0,0,0,0,0,0,0,0,1
31548215,,,,,,0,0.13,0.51,0,0,0,0,0,0,0,0,0,2
22134079,1700.0,0.0,4.0,,,0,0.11,0.16,0,0,0,0,0,0,0,1,0,0
25262697,1500.0,1500.0,4.0,,,0,0.1,0.14,0,0,0,0,0,0,0,1,0,0
99877698,1400.0,1200.0,4.0,,,0,0.15,0.17,0,0,0,0,0,0,0,1,0,0
62473983,1900.0,1200.0,5.0,,,0,0.04,0.08,0,0,0,0,0,0,0,1,0,0
17393207,1600.0,1500.0,4.0,,,0,1.55,0.52,0,0,0,0,0,0,0,1,0,0
50712728,800.0,800.0,3.0,,,0,0.15,0.14,0,0,0,0,0,0,0,1,0,0
30213599,1500.0,1200.0,4.0,,,0,1.98,0.15,0,0,0,0,0,0,0,1,0,0
37101832,1000.0,1900.0,4.0,,,0,0.23,0.2,0,0,0,0,0,0,0,1,0,0
21663205,500.0,1500.0,3.0,,,0,0.19,0.3,0,0,0,0,0,0,0,1,0,0
46955770,1800.0,1500.0,4.0,,,0,0.71,0.61,0,0,0,0,0,0,0,1,0,0
59494222,,,,,,0,0.26,0.26,0,0,0,0,0,0,0,0,0,1
300201005,,,,,,0,0.2,0.24,0,0,0,0,0,0,0,0,0,3
85646474,1000.0,1000.0,3.0,,,0,4.61,1.64,0,0,0,0,0,0,0,1,0,0
25524823,2000.0,1500.0,10.0,,,0,0.77,0.25,0,0,0,0,0,0,0,1,0,0
3381441,1000.0,1500.0,3.0,,,0,0.2,0.32,0,0,0,0,0,0,0,1,0,0
93023479,1200.0,1500.0,3.0,,,0,0.36,0.19,0,0,0,0,0,0,0,1,0,0
16762927,,,,,,0,0.05,0.18,0,0,0,0,0,0,0,0,0,1
58139128,1500.0,1500.0,6.0,,,0,1.54,3.75,0,0,0,0,0,0,0,1,0,0
63695531,1500.0,1000.0,4.0,,,0,0.18,0.2,0,0,0,0,0,0,0,1,0,0
58657303,1500.0,1500.0,4.0,,,0,0.13,0.32,0,0,0,0,0,0,0,1,0,0
24317029,1200.0,2000.0,4.0,,,0,0.31,0.15,0,0,0,0,0,0,0,1,0,0
99523325,,,,,,0,0.31,0.39,0,0,0,0,0,0,0,0,0,1
79206925,2000.0,2000.0,7.0,,,0,0.21,0.61,1,0,1,0,0,0,0,0,0,0
98715423,,,,,,0,0.2,0.2,0,0,0,0,0,0,0,0,0,2
99690140,700.0,500.0,3.0,,,0,0.15,0.14,0,0,0,0,0,0,0,1,0,0
3825890,2000.0,1800.0,8.0,,,0,0.5,0.47,0,0,0,0,0,0,0,1,0,0
26084285,1000.0,1000.0,4.0,,,0,0.8,3.77,0,0,0,0,0,0,0,1,0,0
48135190,,,,,,0,0.07,0.11,0,0,0,0,0,0,0,0,0,2
61705417,,,,,,0,0.49,1.44,0,0,0,0,0,0,0,0,0,2
33737664,,,,,,0,0.02,0.15,0,0,0,0,0,0,0,0,0,2
27094595,700.0,900.0,3.0,,,0,0.0,0.0,0,0,0,0,0,0,0,0,1,0
98596596,,,,,,0,0.09,0.2,0,0,0,0,0,0,0,0,0,2
9391354,2400.0,1200.0,6.0,,,0,0.08,0.1,0,0,0,0,0,0,0,1,0,0
29216198,1100.0,700.0,3.0,,,0,0.08,0.11,0,0,0,0,0,0,0,1,0,0
32022366,,,,,,0,0.1,0.11,0,0,0,0,0,0,0,0,0,1
37930737,,,,,,0,0.08,0.18,0,0,0,0,0,0,0,0,0,1
56931015,2300.0,2000.0,6.0,,,0,18.22,30.51,0,0,0,0,0,0,0,1,0,0
85742772,,,,,,0,0.17,0.05,0,0,0,0,0,0,0,0,0,2
35220244,,,,,,0,0.36,0.14,0,0,0,0,0,0,0,0,0,1
7811875,,,,,,0,0.2,1.0,0,0,0,0,0,0,0,0,0,2
23656668,1000.0,,,1.0,,1,0.02,0.16,1,0,0,0,0,0,1,0,0,0
69319869,,,,,,0,0.07,0.11,0,0,0,0,0,0,0,0,0,1
44035031,2100.0,1000.0,6.0,,,0,0.34,0.54,1,0,0,0,1,0,0,0,0,0
18616294,1200.0,1000.0,4.0,,,0,0.07,0.14,0,0,0,0,0,0,0,1,0,0
29618570,1300.0,700.0,3.0,,,0,0.26,0.19,0,0,0,0,0,0,0,1,0,0
66451379,500.0,1500.0,3.0,,,0,0.17,0.15,0,0,0,0,0,0,0,1,0,0
93445074,1000.0,1000.0,3.0,,,0,0.15,0.14,0,0,0,0,0,0,0,1,0,0
84442536,,,,,,0,0.06,0.11,0,0,0,0,0,0,0,0,0,2
52145422,3000.0,2000.0,8.0,,,0,12.55,24.81,1,0,0,0,1,0,0,0,0,0
29834183,1500.0,500.0,3.0,,,0,0.12,0.19,0,0,0,0,0,0,0,1,0,0
2759860,,,,,,0,0.06,0.11,0,0,0,0,0,0,0,0,0,1
49966595,,,,,,0,0.54,0.74,0,0,0,0,0,0,0,0,0,2
20056760,0.0,2000.0,5.0,,,0,0.17,0.26,0,0,0,0,0,0,0,0,0,0
80250319,0.0,2000.0,2.0,,,0,0.1,0.14,0,0,0,0,0,0,0,0,0,0
75361204,,,,,,0,0.11,0.12,0,0,0,0,0,0,0,0,0,2
11813953,1800.0,600.0,4.0,,,0,0.07,0.13,0,0,0,0,0,0,0,0,1,0
55691901,1250.0,1300.0,4.0,,,0,1.58,21.99,0,0,0,0,0,0,0,0,1,0
88989706,1900.0,2300.0,6.0,,,0,1.0,1.42,0,0,0,0,0,0,0,1,0,0
2356994,1900.0,1700.0,5.0,,,0,0.42,0.61,0,0,0,0,0,0,0,0,0,0
47942531,0.0,0.0,6.0,,,0,0.29,0.94,0,0,0,0,0,0,0,1,0,0
54622031,2200.0,1800.0,6.0,,,0,0.16,0.15,1,0,1,0,0,0,0,0,0,0
80461466,2200.0,1800.0,6.0,,,0,0.15,0.19,0,0,0,0,0,0,0,1,0,0
14141448,2600.0,2500.0,8.0,,,0,0.28,0.54,0,0,0,0,0,0,0,1,0,0
10809984,1000.0,1000.0,3.0,,,0,0.05,0.1,0,0,0,0,0,0,0,1,0,0
75292259,2500.0,2300.0,7.0,,,0,0.13,0.25,0,0,0,0,0,0,0,1,0,0
60884672,,,,,,0,0.1,0.31,0,0,0,0,0,0,0,0,0,1
63176202,2500.0,2400.0,7.0,,,0,1.74,0.9,0,0,0,0,0,0,0,1,0,0
27796375,1500.0,800.0,4.0,,,0,0.43,0.44,0,0,0,0,0,0,0,1,0,0
92736188,500.0,1500.0,4.0,,,0,0.28,0.28,0,0,0,0,0,0,0,1,0,0
13429800,1600.0,800.0,4.0,,,0,0.02,0.26,0,0,0,0,0,0,0,0,1,0
7614732,,,,,,0,0.22,0.38,0,0,0,0,0,0,0,0,0,1
90512490,1400.0,,0.0,2.0,,2,0.15,0.33,1,0,0,0,0,0,1,0,0,0
89405199,,,,,,0,0.61,0.47,0,0,0,0,0,0,0,0,0,2
3972721,,,,,,0,3.22,7.32,0,0,0,0,0,0,0,0,0,1
76593718,700.0,800.0,3.0,,,0,0.04,0.14,0,0,0,0,0,0,0,1,0,0
50263751,-1.0,-1.0,7.0,,,0,3.48,6.98,0,0,0,0,0,0,0,1,0,0
51570882,3300.0,2500.0,10.0,,,0,5.47,3.97,1,0,1,0,0,0,0,0,0,0
46668237,2600.0,1800.0,7.0,,,0,0.21,0.26,0,0,0,0,0,0,0,1,0,0
52182715,0.0,1000.0,1.0,,,0,0.14,0.17,0,0,0,0,0,0,0,1,0,0
41172955,1400.0,600.0,4.0,,,0,0.06,0.12,0,0,0,0,0,0,0,1,0,0
15198996,600.0,600.0,2.0,,,0,0.18,0.31,0,0,0,0,0,0,0,1,0,0
22910685,500.0,1600.0,3.0,,,0,0.04,0.16,0,0,0,0,0,0,0,0,1,0
54747648,400.0,1500.0,3.0,,,0,0.1,0.22,0,0,0,0,0,0,0,1,0,0
61831093,650.0,900.0,3.0,,,0,0.26,0.28,0,0,0,0,0,0,0,1,0,0
36584821,-1.0,-1.0,3.0,,,0,0.02,0.13,0,0,0,0,0,0,0,1,0,0
51232472,300.0,500.0,2.0,,,0,0.08,0.1,0,0,0,0,0,0,0,1,0,0
47506081,2000.0,1900.0,3.0,,,0,0.07,0.11,1,0,0,0,0,1,0,0,0,0
34481518,2200.0,2000.0,4.0,,,0,0.02,0.13,1,0,0,0,0,1,0,0,0,0
30552375,,,,,,0,0.03,0.16,0,0,0,0,0,0,0,0,0,1
13090893,100.0,2000.0,4.0,,,0,0.03,0.1,0,0,0,0,0,0,0,1,0,0
18046862,,,,,,0,0.14,0.25,0,0,0,0,0,0,0,0,0,1
97462632,300.0,200.0,1.0,,,0,10.42,14.73,0,0,0,0,0,0,0,1,0,0
53829412,1200.0,1500.0,4.0,,,0,0.04,0.3,0,0,0,0,0,0,0,0,1,0
95744531,350.0,300.0,1.0,,,0,0.05,0.08,0,0,0,0,0,0,0,1,0,0
75732622,3000.0,300.0,8.0,,,0,0.6,1.25,0,0,0,0,0,0,0,1,0,0
75732623,,,,,,0,0.2,0.0,0,0,0,0,0,0,0,0,0,4
85555787,,,,,,0,0.17,0.17,0,0,0,0,0,0,0,0,0,2
22888900,,,,,,0,2.04,1.57,0,0,0,0,0,0,0,0,0,2
300202004,,,,,,0,0.14,0.24,0,0,0,0,0,0,0,0,0,3
58314394,1500.0,1000.0,4.0,,,0,0.02,0.24,0,0,0,0,0,0,0,0,1,0
90502999,,,,,,0,0.03,0.26,0,0,0,0,0,0,0,0,0,1
17243896,0.0,1500.0,4.0,,,0,0.29,0.14,0,0,0,0,0,0,0,1,0,0
67523044,,,,,,0,0.5,0.74,0,0,0,0,0,0,0,0,0,1
45420955,2800.0,2800.0,8.0,,,0,0.02,0.1,1,0,0,0,1,0,0,0,0,0
65623423,1300.0,700.0,3.0,,,0,6.35,12.26,0,0,0,0,0,0,0,0,1,0
24215921,0.0,0.0,1.0,,,0,0.16,0.22,0,0,0,0,0,0,0,1,0,0
55608151,,,,,,0,0.1,0.18,0,0,0,0,0,0,0,0,0,2
34370473,,,,,,0,0.05,0.11,0,0,0,0,0,0,0,0,0,1
57346400,1500.0,500.0,3.0,,,0,0.09,0.16,0,0,0,0,0,0,0,1,0,0
56198785,1800.0,100.0,4.0,,,0,0.04,0.09,0,0,0,0,0,0,0,1,0,0
64283880,,,,,,0,0.14,0.14,0,0,0,0,0,0,0,0,0,2
53754104,1000.0,2400.0,4.0,,,0,0.08,0.13,0,0,0,0,0,0,0,1,0,0
88928798,,,,,,0,0.13,0.11,0,0,0,0,0,0,0,0,0,2
48653261,,,,,,0,0.13,0.11,0,0,0,0,0,0,0,0,0,1
99581584,0.0,1200.0,4.0,,,0,0.21,0.32,0,0,0,0,0,0,0,1,0,0
17052477,,,,,,0,0.22,0.22,0,0,0,0,0,0,0,0,0,1
68007326,2800.0,2000.0,7.0,,,0,0.12,0.36,0,0,0,0,0,0,0,1,0,0
73544866,800.0,400.0,4.0,,,0,0.31,0.3,0,0,0,0,0,0,0,1,0,0
10755153,1700.0,1400.0,4.0,,,0,0.43,0.74,0,0,0,0,0,0,0,1,0,0
11321089,3300.0,3300.0,9.0,,,0,0.8,0.29,1,0,1,0,0,0,0,0,0,0
18175965,2500.0,2000.0,8.0,,,0,0.1,0.19,0,0,0,0,0,0,0,1,0,0
34022290,2500.0,2000.0,8.0,,,0,0.19,0.25,0,0,0,0,0,0,0,1,0,0
74367458,1300.0,1200.0,3.0,,,0,0.24,0.15,0,0,0,0,0,0,0,1,0,0
47150851,2500.0,1000.0,5.0,,,0,1.54,2.98,0,0,0,0,0,0,0,1,0,0
9633505,1000.0,1800.0,4.0,,,0,0.22,0.2,0,0,0,0,0,0,0,1,0,0
33460840,500.0,500.0,4.0,,,0,0.12,0.23,0,0,0,0,0,0,0,1,0,0
71799173,2500.0,1200.0,8.0,,,0,0.12,0.28,0,0,0,0,0,0,0,1,0,0
67007102,,,,,,0,0.07,0.3,0,0,0,0,0,0,0,0,0,2
89272878,1000.0,1200.0,4.0,,,0,0.3,0.18,0,0,0,0,0,0,0,0,1,0
47879985,1650.0,1600.0,4.0,,,0,0.05,0.1,0,0,0,0,0,0,0,0,1,0
61773610,,,,,,0,0.07,0.11,0,0,0,0,0,0,0,0,0,2
15771991,0.0,0.0,10.0,,,0,0.27,0.3,0,0,0,0,0,0,0,1,0,0
40659562,1700.0,2400.0,5.0,,,0,0.2,0.12,0,0,0,0,0,0,0,1,0,0
75209824,800.0,1400.0,4.0,,,0,0.18,0.14,0,0,0,0,0,0,0,1,0,0
46037213,1900.0,1700.0,5.0,,,0,0.09,0.18,0,0,0,0,0,0,0,1,0,0
300302008,,,,,,0,0.05,0.22,0,0,0,0,0,0,0,0,0,3
59537380,1500.0,,,2.0,,2,0.74,0.25,1,0,0,0,0,0,1,0,0,0
6990577,2000.0,600.0,4.0,,,0,0.04,0.11,0,0,0,0,0,0,0,1,0,0
47393199,,,,,,0,0.09,0.21,0,0,0,0,0,0,0,0,0,2
11908584,,,,,,0,0.05,0.1,0,0,0,0,0,0,0,0,0,2
86148577,1000.0,,,1.0,,1,0.35,0.34,1,0,0,0,0,0,1,0,0,0
43411769,1600.0,1000.0,3.0,,,0,0.04,0.13,0,0,0,0,0,0,0,1,0,0
11012154,0.0,2100.0,2.0,,,0,0.03,0.19,0,0,0,0,0,0,0,0,1,0
13143275,1000.0,,,1.0,,1,0.99,1.42,1,0,0,0,0,0,1,0,0,0
79905468,500.0,200.0,1.0,,,0,0.04,0.08,0,0,0,0,0,0,0,1,0,0
40003819,,,,,,0,0.04,0.07,0,0,0,0,0,0,0,0,0,1
50186558,,,,,,0,0.08,0.14,0,0,0,0,0,0,0,0,0,1
54629413,1600.0,200.0,4.0,,,0,0.13,0.12,0,0,0,0,0,0,0,0,0,0
98301564,1700.0,800.0,4.0,,3.0,0,0.13,0.2,0,1,0,0,0,0,0,1,0,0
69865139,0.0,0.0,1.0,,,0,0.08,0.05,0,0,0,0,0,0,0,1,0,0
45883110,1500.0,1500.0,4.0,,,0,0.14,0.13,0,0,0,0,0,0,0,0,0,0
88695895,,,,,,0,0.08,0.12,0,0,0,0,0,0,0,0,0,2
61822419,,,,,,0,0.53,0.4,0,0,0,0,0,0,0,0,0,1
79724755,1500.0,700.0,3.0,,,0,0.02,0.07,0,0,0,0,0,0,0,1,0,0
18905769,1300.0,400.0,4.0,,,0,0.0,0.0,0,0,0,0,0,0,0,1,0,0
41788781,1600.0,1000.0,4.0,,,0,0.09,0.13,0,0,0,0,0,0,0,0,0,0
90207654,800.0,,,1.0,,1,0.02,0.19,1,0,0,0,0,0,1,0,0,0
38975369,1000.0,200.0,4.0,,,0,0.05,0.12,0,0,0,0,0,0,0,0,0,0
4079728,2500.0,1600.0,4.0,,,0,0.05,0.1,1,0,0,0,0,1,0,0,0,0
65749035,2500.0,1700.0,7.0,,,0,0.1,0.23,1,0,0,0,1,0,0,0,0,0
83008724,,,,,,0,0.12,0.21,0,0,0,0,0,0,0,0,0,1
24393683,,,,,,0,0.05,0.12,0,0,0,0,0,0,0,0,0,2
61027400,200.0,300.0,4.0,,,0,0.07,0.14,0,0,0,0,0,0,0,1,0,0
75215744,2200.0,300.0,4.0,,,0,0.07,0.15,1,0,0,0,0,1,0,0,0,0
24639891,2000.0,0.0,4.0,,,0,0.06,0.21,0,0,0,0,0,0,0,0,1,0
63748694,0.0,2000.0,4.0,,,0,0.2,0.12,0,0,0,0,0,0,0,1,0,0
78362751,200.0,250.0,4.0,,,0,0.1,0.1,0,0,0,0,0,0,0,1,0,0
21293424,2200.0,250.0,4.0,,,0,0.07,0.09,1,0,0,0,0,1,0,0,0,0
42377643,900.0,500.0,5.0,,,0,0.09,0.12,0,0,0,0,0,0,0,1,0,0
94798725,2900.0,500.0,5.0,,,0,0.1,0.13,1,0,0,0,0,1,0,0,0,0
62200831,,,,,,0,0.06,0.21,0,0,0,0,0,0,0,0,0,1
2405631,2700.0,0.0,8.0,,,0,1.62,1.38,1,0,0,0,1,0,0,0,0,0
55762976,3000.0,3000.0,8.0,,,0,0.05,0.1,0,0,0,0,0,0,0,1,0,0
73079365,,,,,,0,0.07,0.1,0,0,0,0,0,0,0,0,0,2
55321970,,,,,,0,1.16,43.06,0,0,0,0,0,0,0,0,0,1
9897998,1000.0,400.0,3.0,,,0,0.1,0.15,0,0,0,0,0,0,0,1,0,0
91662792,200.0,400.0,1.0,,,0,0.24,0.45,0,0,0,0,0,0,0,0,0,0
46044841,600.0,1400.0,2.0,,,0,0.54,0.15,0,0,0,0,0,0,0,0,0,0
42082363,800.0,300.0,2.0,,,0,0.23,0.57,0,0,0,0,0,0,0,1,0,0
65277087,500.0,500.0,3.0,,,0,0.17,0.6,0,0,0,0,0,0,0,0,0,0
336369,0.0,1800.0,2.0,,,0,0.26,0.23,0,0,0,0,0,0,0,0,0,0
28066831,1500.0,1200.0,4.0,,,0,0.08,0.35,0,0,0,0,0,0,0,1,0,0
86277379,600.0,1000.0,3.0,,,0,0.02,0.19,0,0,0,0,0,0,0,0,0,0
33970665,,,,,,0,0.22,0.31,0,0,0,0,0,0,0,0,0,1
19748583,300.0,300.0,2.0,,,0,0.85,1.4,0,0,0,0,0,0,0,1,0,0
9817927,800.0,1600.0,3.0,,,0,5.26,2.72,0,0,0,0,0,0,0,1,0,0
31122090,1800.0,2000.0,6.0,,,0,0.12,1.05,0,0,0,0,0,0,0,0,1,0
18325492,1000.0,1000.0,3.0,,,0,0.05,0.06,0,0,0,0,0,0,0,1,0,0
74825788,,,,,,0,0.09,0.07,0,0,0,0,0,0,0,0,0,1
18482473,,,,,,0,0.0,0.15,0,0,0,0,0,0,0,0,0,1
18377261,0.0,0.0,3.0,,,0,0.19,0.22,0,0,0,0,0,0,0,1,0,0
97466712,400.0,0.0,1.0,,,0,0.05,0.11,0,0,0,0,0,0,0,1,0,0
28357177,900.0,1000.0,5.0,,,0,0.08,0.12,0,0,0,0,0,0,0,1,0,0
9763474,800.0,,,2.0,,2,0.19,0.17,1,0,0,0,0,0,1,0,0,0
34137269,0.0,0.0,10.0,,,0,0.38,0.38,0,0,0,0,0,0,0,1,0,0
41729254,600.0,400.0,1.0,,,0,0.17,0.18,0,0,0,0,0,0,0,1,0,0
6799227,,,,,,0,0.11,0.11,0,0,0,0,0,0,0,0,0,2
15552258,,,,,,0,0.05,0.11,0,0,0,0,0,0,0,0,0,2
73048641,,,,,,0,0.08,0.11,0,0,0,0,0,0,0,0,0,1
87395095,0.0,0.0,4.0,,,0,0.13,0.35,0,0,0,0,0,0,0,1,0,0
981540,,,,,,0,0.06,0.12,0,0,0,0,0,0,0,0,0,2
20285786,,,,,,0,0.07,0.08,0,0,0,0,0,0,0,0,0,2
4341721,,,,,,0,0.08,0.15,0,0,0,0,0,0,0,0,0,1
54611591,0.0,0.0,4.0,,,0,0.03,0.09,0,0,0,0,0,0,0,1,0,0
77994337,800.0,600.0,3.0,,2.0,0,0.12,0.19,0,1,0,0,0,0,0,1,0,0
88789641,,,,,,0,0.12,0.23,0,0,0,0,0,0,0,0,0,2
80811661,,,,,,0,0.05,0.11,0,0,0,0,0,0,0,0,0,1
44790889,2300.0,2000.0,6.0,,,0,0.16,0.15,0,0,0,0,0,0,0,1,0,0
17201174,1700.0,1500.0,4.0,,,0,0.14,0.47,0,0,0,0,0,0,0,1,0,0
26412047,,,,,,0,0.1,0.24,0,0,0,0,0,0,0,0,0,1
32491822,4000.0,4000.0,10.0,,,0,0.02,0.13,0,0,0,0,0,0,0,1,0,0
53270092,2400.0,1000.0,5.0,,9.0,0,0.02,0.07,0,0,0,0,0,0,0,0,0,0
74519184,,,,,,0,0.34,0.67,0,0,0,0,0,0,0,0,0,1
98446407,600.0,600.0,2.0,,,0,0.35,0.24,0,0,0,0,0,0,0,1,0,0
78792195,1600.0,1000.0,3.0,,,0,0.28,0.28,0,0,0,0,0,0,0,1,0,0
94535485,1000.0,1600.0,4.0,,,0,0.05,0.22,0,0,0,0,0,0,0,1,0,0
97904474,1800.0,1800.0,5.0,,,0,0.1,0.18,0,0,0,0,0,0,0,1,0,0
97637162,0.0,0.0,1.0,,,0,0.03,0.08,0,0,0,0,0,0,0,1,0,0
7089711,450.0,500.0,2.0,,,0,0.07,0.08,0,0,0,0,0,0,0,1,0,0
20450925,200.0,300.0,1.0,,,0,0.14,0.19,0,0,0,0,0,0,0,0,0,0
84285623,500.0,500.0,2.0,,,0,0.43,1.03,0,0,0,0,0,0,0,0,1,0
5640330,1400.0,1800.0,4.0,,,0,0.06,0.09,0,0,0,0,0,0,0,1,0,0
47330808,2400.0,1600.0,8.0,,,0,0.27,0.28,0,0,0,0,0,0,0,1,0,0
99030164,800.0,500.0,2.0,,,0,15.24,41.91,0,0,0,0,0,0,0,0,1,0
20060230,300.0,1200.0,3.0,,,0,0.02,0.1,0,0,0,0,0,0,0,0,1,0
68875140,,,,,,0,0.09,0.13,0,0,0,0,0,0,0,0,0,2
94374859,,,,,,0,0.08,0.12,0,0,0,0,0,0,0,0,0,2
68473226,1500.0,800.0,4.0,,,0,0.11,0.09,0,0,0,0,0,0,0,1,0,0
31531170,,,,,,0,0.06,0.05,0,0,0,0,0,0,0,0,0,1
7473735,,,,,,0,4.51,4.61,0,0,0,0,0,0,0,0,0,1
58441120,,,,,,0,0.12,0.11,0,0,0,0,0,0,0,0,0,1
73941492,0.0,0.0,4.0,,8.0,0,0.13,0.25,0,1,0,0,0,0,0,1,0,0
90238142,1400.0,1300.0,4.0,,,0,0.52,0.24,0,0,0,0,0,0,0,1,0,0
85696777,1900.0,,,2.0,,2,0.16,0.22,1,0,0,0,0,0,1,0,0,0
68815132,1200.0,1000.0,4.0,,,0,0.2,0.19,0,0,0,0,0,0,0,1,0,0
34100324,500.0,500.0,2.0,,,0,0.02,0.37,0,0,0,0,0,0,0,0,1,0
56585883,1700.0,600.0,4.0,,,0,1.43,0.83,0,0,0,0,0,0,0,1,0,0
76812113,1300.0,1400.0,4.0,,,0,0.02,0.1,0,0,0,0,0,0,0,0,1,0
64972181,2100.0,1800.0,5.0,,,0,0.0,0.0,0,0,0,0,0,0,0,1,0,0
91932350,1300.0,1400.0,4.0,,,0,0.07,0.18,0,0,0,0,0,0,0,1,0,0
27927359,1300.0,1400.0,4.0,,,0,0.07,0.13,0,0,0,0,0,0,0,1,0,0
54415063,1300.0,1400.0,4.0,,,0,0.07,0.15,0,0,0,0,0,0,0,1,0,0
65664792,,,,,,0,0.02,0.27,0,0,0,0,0,0,0,0,0,2
86308219,,,,,,0,0.14,0.21,0,0,0,0,0,0,0,0,0,1
12206212,1950.0,2100.0,6.0,,,0,0.07,0.18,0,0,0,0,0,0,0,1,0,0
66386380,1300.0,1400.0,4.0,,,0,0.73,1.14,0,0,0,0,0,0,0,1,0,0
39392286,1400.0,1300.0,4.0,,,0,0.61,0.98,0,0,0,0,0,0,0,1,0,0
75064463,1900.0,1200.0,4.0,,,0,0.17,0.21,0,0,0,0,0,0,0,1,0,0
18144507,,,,,,0,0.43,0.83,0,0,0,0,0,0,0,0,0,1
39275698,,,,,,0,0.34,0.83,0,0,0,0,0,0,0,0,0,1
87639778,,,,,,0,0.13,0.29,0,0,0,0,0,0,0,0,0,2
6924874,1200.0,600.0,4.0,,,0,0.15,0.39,0,0,0,0,0,0,0,1,0,0
52040216,2000.0,2500.0,7.0,,,0,0.57,1.54,0,0,0,0,0,0,0,1,0,0
4991081,2000.0,2500.0,7.0,,,0,2.7,0.4,0,0,0,0,0,0,0,1,0,0
85909450,2000.0,2500.0,4.0,,,0,0.28,0.4,1,0,0,0,0,1,0,0,0,0
75782277,,,,,,0,0.13,0.16,0,0,0,0,0,0,0,0,0,1
68199168,3000.0,3000.0,9.0,,,0,1.14,1.0,0,0,0,0,0,0,0,1,0,0
31987203,1800.0,1000.0,4.0,,8.0,0,0.13,0.18,0,1,0,0,0,0,0,1,0,0
85399281,1800.0,1000.0,4.0,,,0,0.1,0.18,0,0,0,0,0,0,0,1,0,0
93895605,,,,,,0,0.21,0.3,0,0,0,0,0,0,0,0,0,2
43618262,,,,,,0,0.03,0.06,0,0,0,0,0,0,0,0,0,2
39033131,,,,,,0,0.31,0.39,0,0,0,0,0,0,0,0,0,2
32335697,,,,,,0,0.03,0.16,0,0,0,0,0,0,0,0,0,2
21015833,1000.0,700.0,3.0,,,0,0.08,0.16,0,0,0,0,0,0,0,1,0,0
7443908,2100.0,0.0,5.0,,,0,0.09,0.24,0,0,0,0,0,0,0,1,0,0
23776077,2500.0,1800.0,6.0,,,0,0.23,0.18,1,0,0,0,0,1,0,0,0,0
38525760,2000.0,200.0,6.0,,,0,0.06,0.14,0,0,0,0,0,0,0,1,0,0
74010769,200.0,2100.0,6.0,,,0,0.08,0.13,0,0,0,0,0,0,0,1,0,0
8696773,2300.0,200.0,6.0,,,0,0.08,0.11,0,0,0,0,0,0,0,1,0,0
31303283,2100.0,200.0,6.0,,,0,0.08,0.24,0,0,0,0,0,0,0,1,0,0
96051150,2200.0,300.0,6.0,,,0,0.08,0.17,0,0,0,0,0,0,0,1,0,0
37803172,1600.0,1700.0,6.0,,,0,0.18,0.17,0,0,0,0,0,0,0,1,0,0
1409474,1900.0,1900.0,6.0,,,0,0.12,0.11,0,0,0,0,0,0,0,1,0,0
43708041,,,,,,0,0.06,0.12,0,0,0,0,0,0,0,0,0,2
83108603,,,,,,0,0.06,0.15,0,0,0,0,0,0,0,0,0,1
38143903,,,,,,0,0.18,0.27,0,0,0,0,0,0,0,0,0,2
5434080,1450.0,1700.0,4.0,,,0,0.11,0.2,0,0,0,0,0,0,0,0,1,0
31281980,800.0,1600.0,4.0,,,0,0.04,0.21,0,0,0,0,0,0,0,1,0,0
64801562,,,,,,0,0.16,0.14,0,0,0,0,0,0,0,0,0,1
73129314,2300.0,2100.0,6.0,,,0,0.35,0.66,0,0,0,0,0,0,0,1,0,0
54475145,3000.0,2500.0,8.0,,,0,2.91,3.12,0,0,0,0,0,0,0,1,0,0
35762283,,,,,,0,0.1,0.34,0,0,0,0,0,0,0,0,0,1
32065885,,,,,,0,0.06,0.06,0,0,0,0,0,0,0,0,0,2
47439573,,,,,,0,0.04,0.11,0,0,0,0,0,0,0,0,0,2
45141013,,,,,,0,0.5,0.37,0,0,0,0,0,0,0,0,0,1
51684157,,,,,,0,0.1,0.16,0,0,0,0,0,0,0,0,0,1
17255673,,,,,,0,2.87,6.3,0,0,0,0,0,0,0,0,0,1
17063599,2000.0,2600.0,7.0,,,0,0.21,0.18,0,0,0,0,0,0,0,1,0,0
45116390,500.0,3000.0,10.0,,,0,0.32,0.26,0,0,0,0,0,0,0,1,0,0
49121795,2200.0,2200.0,4.0,,,0,0.37,0.5,1,0,0,0,0,1,0,0,0,0
14357527,3000.0,3000.0,8.0,,,0,0.06,0.13,0,0,0,0,0,0,0,1,0,0
50123605,2500.0,1800.0,7.0,,,0,0.07,0.12,1,0,1,0,0,0,0,0,0,0
34721681,,,,,,0,0.24,0.29,0,0,0,0,0,0,0,0,0,1
13647631,2800.0,2000.0,10.0,,,0,0.22,0.2,0,0,0,0,0,0,0,1,0,0
20071842,,,,,,0,0.14,0.22,0,0,0,0,0,0,0,0,0,1
34761062,1800.0,200.0,4.0,,,0,0.02,0.11,0,0,0,0,0,0,0,0,0,0
39890958,500.0,500.0,3.0,,,0,0.04,0.08,0,0,0,0,0,0,0,1,0,0
23265594,500.0,500.0,3.0,,,0,0.03,0.05,0,0,0,0,0,0,0,1,0,0
3113667,,,,,,0,0.16,0.31,0,0,0,0,0,0,0,0,0,1
300103001,,,,,,0,0.0,0.0,0,0,0,0,0,0,0,0,0,3
58570206,,,,,,0,0.22,0.18,0,0,0,0,0,0,0,0,0,1
52417194,,,,,,0,0.25,0.29,0,0,0,0,0,0,0,0,0,2
19613556,,,,,,0,0.1,1.86,0,0,0,0,0,0,0,0,0,1
23924608,,,,,,0,0.12,0.15,0,0,0,0,0,0,0,0,0,2
61728808,2000.0,,,2.0,,2,0.03,0.1,1,0,0,0,0,0,1,0,0,0
24094258,1800.0,,0.0,2.0,,2,0.66,0.79,1,0,0,0,0,0,1,0,0,0
90365482,1800.0,600.0,4.0,,,0,0.04,0.08,0,0,0,0,0,0,0,0,0,0
43932352,,,,,,0,0.16,0.14,0,0,0,0,0,0,0,0,0,2
21637502,2800.0,1300.0,7.0,,,0,0.07,0.15,0,0,0,0,0,0,0,1,0,0
31411835,2900.0,3000.0,7.0,,,0,0.14,0.2,1,0,1,0,0,0,0,0,0,0
95132593,1200.0,2800.0,7.0,,,0,0.12,0.18,0,0,0,0,0,0,0,1,0,0
68144894,2300.0,2000.0,7.0,,,0,0.13,0.22,0,0,0,0,0,0,0,1,0,0
95365081,1600.0,2100.0,6.0,,,0,2.95,2.31,0,0,0,0,0,0,0,1,0,0
67021206,2400.0,2500.0,8.0,,,0,1.89,1.05,1,0,1,0,0,0,0,0,0,0
18321034,1850.0,1850.0,6.0,,,0,0.24,0.23,0,0,0,0,0,0,0,1,0,0
57809669,,,,,,0,0.1,0.18,0,0,0,0,0,0,0,0,0,1
94410955,3400.0,3500.0,9.0,,,0,0.15,0.21,1,0,1,0,0,0,0,0,0,0
32759190,2100.0,1600.0,6.0,,,0,1.95,1.46,0,0,0,0,0,0,0,1,0,0
74968065,1500.0,1100.0,4.0,,,0,0.18,0.4,0,0,0,0,0,0,0,1,0,0
59042331,0.0,2100.0,3.0,,,0,0.15,0.16,0,0,0,0,0,0,0,1,0,0
75660578,800.0,2800.0,9.0,,,0,0.19,0.18,0,0,0,0,0,0,0,1,0,0
54493213,-1.0,-1.0,4.0,,,0,0.14,0.16,0,0,0,0,0,0,0,1,0,0
80887952,-1.0,-1.0,6.0,,,0,0.19,0.22,0,0,0,0,0,0,0,1,0,0
17286057,-1.0,-1.0,8.0,,,0,0.2,0.22,0,0,0,0,0,0,0,1,0,0
51043053,0.0,1900.0,4.0,,,0,0.07,0.13,0,0,0,0,0,0,0,1,0,0
60880471,2600.0,1200.0,8.0,,,0,0.16,0.29,0,0,0,0,0,0,0,1,0,0
67466547,0.0,2000.0,3.0,,,0,0.1,0.29,0,0,0,0,0,0,0,1,0,0
47025270,1600.0,0.0,4.0,,,0,0.07,0.09,0,0,0,0,0,0,0,1,0,0
77856460,800.0,,,2.0,,2,0.1,0.25,1,0,0,0,0,0,1,0,0,0
76052811,2000.0,1400.0,5.0,,,0,0.11,0.24,0,0,0,0,0,0,0,1,0,0
101403001,2000.0,1400.0,5.0,,,0,0.0,0.0,0,0,0,0,0,0,0,1,0,0
92079625,2900.0,2900.0,9.0,,,0,1.99,0.76,0,0,0,0,0,0,0,1,0,0
8963089,0.0,2800.0,7.0,,,0,0.25,0.29,1,0,1,0,0,0,0,0,0,0
66337215,1800.0,600.0,4.0,,,0,0.04,0.06,0,0,0,0,0,0,0,1,0,0
21074344,300.0,500.0,2.0,,,0,0.15,0.19,0,0,0,0,0,0,0,1,0,0
46935289,600.0,,,2.0,,2,0.66,0.93,1,0,0,0,0,0,1,0,0,0
17266660,300.0,500.0,2.0,,,0,0.16,0.45,0,0,0,0,0,0,0,0,0,0
44665365,1800.0,2800.0,6.0,,,0,0.41,0.37,0,0,0,1,0,0,0,1,0,0
1249315,600.0,1000.0,2.0,,,0,0.37,0.24,1,0,0,0,0,1,0,0,0,0
94689635,300.0,500.0,2.0,,,0,0.08,0.13,0,0,0,0,0,0,0,1,0,0
94016752,,,,,,0,0.09,0.13,0,0,0,0,0,0,0,0,0,1
79606837,600.0,1000.0,4.0,,,0,0.13,0.13,1,0,0,0,1,0,0,0,0,0
48546368,2000.0,3000.0,12.0,,,0,0.04,0.13,0,0,0,1,0,0,0,1,0,0
60316373,1800.0,900.0,4.0,,,0,0.07,0.1,0,0,0,0,0,0,0,1,0,0
87255382,1700.0,1100.0,4.0,,,0,0.06,0.12,0,0,0,0,0,0,0,1,0,0
56921677,1000.0,1400.0,4.0,,,0,0.13,0.15,0,0,0,0,0,0,0,1,0,0
96704018,1000.0,1600.0,4.0,,,0,0.08,0.09,0,0,0,0,0,0,0,1,0,0
82315772,1000.0,1800.0,4.0,,,0,0.14,0.19,0,0,0,0,0,0,0,1,0,0
60268386,1600.0,1000.0,4.0,,,0,0.13,0.17,0,0,0,0,0,0,0,1,0,0
82293134,2000.0,1000.0,4.0,,,0,2.5,1.1,0,0,0,0,0,0,0,1,0,0
97662494,900.0,1900.0,4.0,,,0,0.06,0.14,0,0,0,0,0,0,0,1,0,0
19310321,1200.0,1400.0,4.0,,,0,0.25,0.22,0,0,0,0,0,0,0,1,0,0
45705025,1100.0,1600.0,4.0,,,0,0.02,0.14,0,0,0,0,0,0,0,1,0,0
17536995,,,,,,0,0.04,0.13,0,0,0,0,0,0,0,0,0,2
84220251,,,,,,0,0.1,0.12,0,0,0,0,0,0,0,0,0,1
37241623,,,,,,0,0.12,0.14,0,0,0,0,0,0,0,0,0,2
57441100,,,,,,0,0.08,0.21,0,0,0,0,0,0,0,0,0,1
52584282,1500.0,2000.0,5.0,,,0,0.25,0.2,0,0,0,0,0,0,0,0,1,0
300302031,,,,,,0,0.0,0.11,0,0,0,0,0,0,0,0,0,3
4575541,,,,,,0,0.07,0.15,0,0,0,0,0,0,0,0,0,1
101403021,2700.0,400.0,7.0,,,0,0.0,0.0,0,0,0,0,0,0,0,1,0,0
76078185,2100.0,1500.0,4.0,,,0,0.09,0.14,1,0,0,0,0,1,0,0,0,0
51412776,,,,,,0,3.8,4.96,0,0,0,0,0,0,0,0,0,1
48784854,,,,,,0,0.03,0.1,0,0,0,0,0,0,0,0,0,1
90743290,1200.0,700.0,3.0,,,0,0.13,0.11,0,0,0,0,0,0,0,1,0,0
44676200,,,,,,0,0.09,0.37,0,0,0,0,0,0,0,0,0,2
37412656,,,,,,0,0.22,0.35,0,0,0,0,0,0,0,0,0,2
19024706,,,,,,0,0.08,0.16,0,0,0,0,0,0,0,0,0,2
191749,,,,,,0,0.1,0.12,0,0,0,0,0,0,0,0,0,1
67951831,,,,,,0,0.18,0.17,0,0,0,0,0,0,0,0,0,1
32679370,300.0,600.0,2.0,,,0,0.25,0.31,0,0,0,0,0,0,0,1,0,0
75141056,,,,,,0,0.08,0.1,0,0,0,0,0,0,0,0,0,1
10489311,,,,,,0,0.07,0.11,0,0,0,0,0,0,0,0,0,2
30676200,2600.0,2100.0,7.0,,,0,0.07,0.23,0,0,0,0,0,0,0,1,0,0
89987208,1100.0,1000.0,3.0,,,0,1.21,0.87,0,0,0,0,0,0,0,0,1,0
26647858,,,,,,0,0.09,0.27,0,0,0,0,0,0,0,0,0,2
22020907,,,,,,0,0.07,0.09,0,0,0,0,0,0,0,0,0,2
81167171,,,,,,0,0.27,0.49,0,0,0,0,0,0,0,0,0,2
300302049,,,,,,0,0.0,0.17,0,0,0,0,0,0,0,0,0,3
76442616,,,,,,0,0.39,0.91,0,0,0,0,0,0,0,0,0,1
33995387,,,,,,0,0.13,0.21,0,0,0,0,0,0,0,0,0,2
85854214,,,,,,0,0.39,0.72,0,0,0,0,0,0,0,0,0,2
300302050,,,,,,0,0.0,0.23,0,0,0,0,0,0,0,0,0,3
21924381,,,,,,0,0.1,0.12,0,0,0,0,0,0,0,0,0,2
32175429,,,,,,0,0.06,0.19,0,0,0,0,0,0,0,0,0,1
92609670,0.0,0.0,1.0,,,0,0.35,0.39,0,0,0,0,0,0,0,1,0,0
65848811,1800.0,200.0,4.0,,,0,0.29,0.36,0,0,0,0,0,0,0,1,0,0
28194325,300.0,100.0,1.0,,,0,0.02,0.32,0,0,0,0,0,0,0,1,0,0
89774530,1700.0,900.0,4.0,,,0,0.04,0.3,0,0,0,0,0,0,0,1,0,0
34143852,1000.0,1000.0,4.0,,,0,0.15,0.32,0,0,0,0,0,0,0,1,0,0
71549257,600.0,200.0,1.0,,,0,0.07,0.14,0,0,0,0,0,0,0,1,0,0
18548966,1500.0,1300.0,4.0,,,0,0.05,0.19,0,0,0,0,0,0,0,1,0,0
61132951,1200.0,300.0,4.0,,,0,0.03,0.12,0,0,0,0,0,0,0,1,0,0
50491121,1600.0,1000.0,4.0,,,0,0.03,0.11,0,0,0,0,0,0,0,1,0,0
52370835,0.0,2000.0,4.0,,,0,0.1,0.17,0,0,0,0,0,0,0,1,0,0
1833916,1300.0,1100.0,4.0,,,0,0.11,0.13,0,0,0,0,0,0,0,1,0,0
26885836,2100.0,1300.0,6.0,,,0,0.02,0.14,0,0,0,0,0,0,0,1,0,0
97453744,2500.0,2000.0,4.0,,,0,0.14,0.26,1,0,0,0,0,1,0,0,0,0
60645181,2000.0,2000.0,4.0,,,0,0.44,0.28,1,0,0,0,0,1,0,0,0,0
48009503,2100.0,1800.0,4.0,,,0,0.24,0.27,1,0,0,0,0,1,0,0,0,0
23848752,700.0,1800.0,1.0,,,0,0.04,0.13,1,0,0,0,0,1,0,0,0,0
74593218,2500.0,2400.0,4.0,,,0,1.49,0.84,1,0,0,0,0,1,0,0,0,0
14301396,2000.0,2000.0,4.0,,,0,0.03,0.18,1,0,0,0,0,1,0,0,0,0
53466826,,,,,,0,0.06,0.18,0,0,0,0,0,0,0,0,0,1
45337544,,,,,,0,0.11,0.19,0,0,0,0,0,0,0,0,0,1
95920682,,,,,,0,0.1,0.11,0,0,0,0,0,0,0,0,0,2
49551909,,,,,,0,0.05,0.14,0,0,0,0,0,0,0,0,0,2
70703416,400.0,200.0,1.0,,,0,0.2,0.13,0,0,0,0,0,0,0,0,0,0
70422863,,,,,,0,0.03,0.06,0,0,0,0,0,0,0,0,0,1
46294982,2600.0,2100.0,8.0,,,0,4.11,3.53,0,0,0,0,0,0,0,1,0,0
2729965,,,,,,0,38.68,55.66,0,0,0,0,0,0,0,0,0,1
64697431,,,,,,0,0.38,0.32,0,0,0,0,0,0,0,0,0,1
91677585,,,,,,0,0.24,0.16,0,0,0,0,0,0,0,0,0,2
15555120,,,,,,0,0.2,0.18,0,0,0,0,0,0,0,0,0,1
42110604,2000.0,1000.0,5.0,,,0,0.06,0.14,1,0,0,0,1,0,0,0,0,0
86154370,3500.0,2000.0,11.0,,,0,0.06,0.13,1,0,0,0,1,0,0,0,0,0
23361526,500.0,1000.0,3.0,,,0,0.11,0.17,1,0,0,0,1,0,0,0,0,0
10732060,1600.0,2200.0,5.0,,,0,0.05,0.11,1,0,0,0,1,0,0,0,0,0
21516908,2000.0,1000.0,5.0,,,0,0.07,0.17,1,0,0,0,1,0,0,0,0,0
97007933,2200.0,1600.0,6.0,,,0,0.29,0.62,1,0,0,0,1,0,0,0,0,0
5772618,3000.0,2800.0,8.0,,,0,0.02,0.13,1,0,0,0,1,0,0,0,0,0
86943389,1300.0,1600.0,4.0,,,0,0.02,0.15,1,0,0,0,1,0,0,0,0,0
72813401,1000.0,,,2.0,,2,0.04,0.15,1,0,0,0,0,0,1,0,0,0
69109764,600.0,1500.0,3.0,,,0,0.06,0.17,0,0,0,0,0,0,0,1,0,0
64501875,1450.0,1000.0,4.0,,,0,0.09,0.15,0,0,0,0,0,0,0,0,1,0
52105192,,,,,,0,0.11,0.14,0,0,0,0,0,0,0,0,0,1
47128571,,,,,,0,0.06,0.13,0,0,0,0,0,0,0,0,0,1
300203004,,,,,,0,0.07,0.18,0,0,0,0,0,0,0,0,0,3
2047519,,,,,,0,1.55,0.15,0,0,0,0,0,0,0,0,0,2
21840375,,,,,,0,0.05,0.19,0,0,0,0,0,0,0,0,0,2
94317736,,,,,,0,0.02,0.04,0,0,0,0,0,0,0,0,0,1
70000776,,,,,,0,0.14,0.25,0,0,0,0,0,0,0,0,0,1
26232916,,,,,,0,0.1,0.17,0,0,0,0,0,0,0,0,0,1
37654623,,,,,,0,0.99,1.04,0,0,0,0,0,0,0,0,0,1
82260502,2400.0,1200.0,6.0,,,0,0.64,0.21,0,0,0,0,0,0,0,1,0,0
300302009,,,,,,0,0.14,0.15,0,0,0,0,0,0,0,0,0,3
27337596,2400.0,2100.0,6.0,,,0,0.31,0.24,1,0,0,0,0,1,0,0,0,0
30794966,2600.0,700.0,7.0,,,0,0.1,0.24,0,0,0,0,0,0,0,1,0,0
4022819,1900.0,1200.0,5.0,,,0,0.21,0.23,0,0,0,0,0,0,0,1,0,0
78033100,1800.0,400.0,4.0,,,0,0.21,1.29,0,0,0,0,0,0,0,1,0,0
31516413,2000.0,1600.0,5.0,,,0,0.02,0.34,0,0,0,0,0,0,0,1,0,0
41639001,1700.0,900.0,4.0,,,0,0.02,0.24,0,0,0,0,0,0,0,1,0,0
3300267,2200.0,1000.0,6.0,,,0,0.19,0.28,0,0,0,0,0,0,0,1,0,0
66789970,2800.0,2000.0,8.0,,,0,0.95,1.01,0,0,0,0,0,0,0,1,0,0
77901552,2100.0,1400.0,6.0,,,0,0.07,0.08,0,0,0,0,0,0,0,1,0,0
53670497,,,,,,0,0.12,0.26,0,0,0,0,0,0,0,0,0,2
11975962,,,,,,0,0.14,0.15,0,0,0,0,0,0,0,0,0,2
25377819,,,,,,0,0.42,0.24,0,0,0,0,0,0,0,0,0,1
39680372,,,,,,0,0.2,0.29,0,0,0,0,0,0,0,0,0,1
47360060,,,,,,0,0.12,0.15,0,0,0,0,0,0,0,0,0,2
51365514,,,,,,0,0.12,0.15,0,0,0,0,0,0,0,0,0,1
64514622,0.0,0.0,6.0,,,0,0.02,0.19,0,0,0,0,0,0,0,0,0,0
24361622,0.0,,0.0,2.0,,2,0.11,0.09,1,0,0,0,0,0,1,0,0,0
13140300,0.0,0.0,8.0,,,0,0.02,0.23,0,0,0,0,0,0,0,0,1,0
3292267,3000.0,2400.0,8.0,,,0,1.97,1.37,1,0,0,0,0,1,0,0,0,0
64332231,3000.0,2400.0,8.0,,,0,0.7,0.41,1,0,0,0,0,1,0,0,0,0
10248192,,,,,,0,0.19,0.08,0,0,0,0,0,0,0,0,0,1
92918648,2800.0,2600.0,7.0,,,0,3.58,2.98,1,0,0,0,0,1,0,0,0,0
86585274,2500.0,2100.0,7.0,,,0,0.2,0.31,0,0,0,0,0,0,0,1,0,0
70569684,,,,,,0,0.07,0.08,0,0,0,0,0,0,0,0,0,2
36350300,,,,,,0,0.12,0.11,0,0,0,0,0,0,0,0,0,1
54579801,1650.0,1300.0,4.0,,,0,0.02,0.08,0,0,0,0,0,0,0,0,1,0
32542011,,,,,,0,0.17,0.16,0,0,0,0,0,0,0,0,0,2
11248645,1000.0,800.0,3.0,,,0,0.23,0.23,0,0,0,0,0,0,0,1,0,0
76615300,1850.0,1500.0,5.0,,,0,0.11,0.15,0,0,0,0,0,0,0,1,0,0
759393,500.0,1500.0,3.0,,,0,0.09,0.16,0,0,0,0,0,0,0,1,0,0
48815792,1850.0,,,2.0,,2,0.02,0.11,1,0,0,0,0,0,1,0,0,0
71459017,2000.0,200.0,4.0,,,0,0.06,0.06,0,0,0,0,0,0,0,1,0,0
75745607,2800.0,2900.0,8.0,,,0,0.31,0.21,0,0,0,0,0,0,0,0,0,0
46130346,,,,,,0,0.04,0.21,0,0,0,0,0,0,0,0,0,1
96851799,600.0,500.0,2.0,,,0,0.02,0.15,0,0,0,0,0,0,0,0,1,0
7778726,1400.0,,0.0,2.0,,2,0.06,0.12,1,0,0,0,0,0,1,0,0,0
18027138,,,,,,0,0.14,0.11,0,0,0,0,0,0,0,0,0,1
11050416,,,,,,0,0.29,0.32,0,0,0,0,0,0,0,0,0,4
81863068,650.0,500.0,2.0,,,0,0.08,0.21,0,0,0,0,0,0,0,1,0,0
46718686,600.0,700.0,2.0,,,0,1.96,0.0,0,0,0,0,0,0,0,0,1,0
76184692,1200.0,1000.0,4.0,,,0,0.02,0.15,0,0,0,0,0,0,0,0,1,0
41306080,300.0,400.0,1.0,,,0,0.11,0.25,0,0,0,0,0,0,0,1,0,0
88919365,1900.0,1900.0,8.0,,1.0,0,0.11,0.18,0,1,0,0,0,0,0,1,0,0
10000040,-1.0,-1.0,12.0,,,0,0.0,0.0,0,0,0,0,0,0,0,1,0,0
43730887,500.0,1200.0,4.0,,,0,0.09,0.12,0,0,0,0,0,0,0,1,0,0
70124586,800.0,600.0,4.0,,,0,0.1,0.2,0,0,0,0,0,0,0,1,0,0
15462014,,,,,,0,0.11,0.13,0,0,0,0,0,0,0,0,0,1
51548207,2400.0,1600.0,6.0,,,0,0.1,0.2,0,0,0,0,0,0,0,1,0,0
10859908,1100.0,700.0,3.0,,,0,1.78,0.0,0,0,0,0,0,0,0,0,1,0
40410110,1800.0,1600.0,4.0,,,0,0.06,0.09,0,0,0,0,0,0,0,1,0,0
37742478,1100.0,1900.0,4.0,,,0,0.11,0.12,0,0,0,0,0,0,0,1,0,0
34472920,1900.0,,0.0,2.0,,2,0.07,0.14,1,0,0,0,0,0,1,0,0,0
1980574,300.0,600.0,2.0,,,0,0.3,4.9,0,0,0,0,0,0,0,0,0,0
80036543,,,,,,0,0.11,0.37,0,0,0,0,0,0,0,0,0,2
100461003,,,,,,0,0.0,0.0,0,0,0,0,0,0,0,0,0,2
69669405,1300.0,1000.0,4.0,,,0,4.76,0.0,0,0,0,0,0,0,0,0,1,0
98069388,,,,,,0,0.81,0.88,0,0,0,0,0,0,0,0,0,2
38552107,,,,,,0,0.05,0.11,0,0,0,0,0,0,0,0,0,1
55749927,,,,,,0,0.03,0.13,0,0,0,0,0,0,0,0,0,2
21350571,,,,,,0,0.08,0.14,0,0,0,0,0,0,0,0,0,2
64047146,,,,,,0,0.02,0.3,0,0,0,0,0,0,0,0,0,1
34149150,2000.0,200.0,6.0,,,0,0.29,0.15,1,0,0,0,1,0,0,0,0,0
86239173,2000.0,1600.0,6.0,,,0,0.13,0.35,1,0,1,0,0,0,0,0,0,0
1186447,1200.0,2400.0,5.0,,1.0,0,0.34,0.37,0,1,0,0,0,0,0,1,0,0
71736213,400.0,800.0,3.0,,,0,0.13,0.26,0,0,0,0,0,0,0,1,0,0
82994509,400.0,500.0,2.0,,,0,0.06,0.12,0,0,0,0,0,0,0,1,0,0
82994510,,,,,,0,0.0,0.0,0,0,0,0,0,0,0,0,0,4
99307040,3000.0,1800.0,8.0,,,0,0.42,0.31,0,0,0,0,0,0,0,1,0,0
75830094,1600.0,1000.0,4.0,,,0,1.29,0.53,0,0,0,0,0,0,0,1,0,0
11224103,2300.0,1600.0,6.0,,,0,0.7,0.54,0,0,0,0,0,0,0,1,0,0
48229808,3000.0,1800.0,8.0,,,0,11.71,6.41,0,0,0,0,0,0,0,1,0,0
9264485,100.0,100.0,1.0,,,0,0.17,0.2,0,0,0,0,0,0,0,1,0,0
67629977,500.0,700.0,2.0,,,0,0.09,0.17,0,0,0,0,0,0,0,1,0,0
39765958,3000.0,2000.0,8.0,,,0,0.14,0.3,1,0,0,0,1,0,0,0,0,0
9753964,3200.0,2500.0,9.0,,,0,0.18,0.19,1,0,0,0,1,0,0,0,0,0
36857073,3500.0,3000.0,10.0,,,0,0.13,0.1,1,0,0,0,1,0,0,0,0,0
62242678,4000.0,3500.0,12.0,,,0,0.17,0.21,1,0,0,0,1,0,0,0,0,0
13510157,1800.0,700.0,4.0,,,0,0.16,0.18,0,0,0,0,0,0,0,1,0,0
43530283,1100.0,1200.0,4.0,,,0,0.06,0.09,0,0,0,0,0,0,0,1,0,0
8783685,700.0,600.0,2.0,,,0,0.05,0.14,0,0,0,0,0,0,0,0,1,0
41232647,3000.0,2000.0,9.0,,,0,0.19,0.19,1,0,1,0,0,0,0,0,0,0
40343749,0.0,1000.0,1.0,,,0,0.1,0.1,0,0,0,0,0,0,0,1,0,0
15083728,,,,,,0,0.05,0.09,0,0,0,0,0,0,0,0,0,2
91323605,,,,,,0,0.03,0.08,0,0,0,0,0,0,0,0,0,2
97922283,,,,,,0,0.09,0.08,0,0,0,0,0,0,0,0,0,2
93107608,1200.0,1300.0,3.0,,,0,0.29,0.34,0,0,0,0,0,0,0,1,0,0
49105782,2400.0,,,3.0,,3,0.29,0.42,1,0,0,0,0,0,1,0,0,0
49904658,2200.0,2200.0,9.0,,,0,0.03,0.12,0,0,0,0,0,0,0,1,0,0
15028680,2400.0,1800.0,6.0,,,0,0.46,0.62,1,0,0,0,1,0,0,0,0,0
6327734,0.0,0.0,3.0,,,0,0.06,0.22,0,0,0,0,0,0,0,1,0,0
93191801,,,,,,0,0.15,0.35,0,0,0,0,0,0,0,0,0,2
29081251,1300.0,1800.0,6.0,,,0,0.37,4.1,0,0,0,0,0,0,0,1,0,0
65396880,,,,,,0,0.02,0.75,0,0,0,0,0,0,0,0,0,2
55990317,0.0,0.0,2.0,,,0,1.46,1.78,1,0,1,0,0,0,0,0,0,0
30353551,,,,,,0,0.11,0.28,0,0,0,0,0,0,0,0,0,2
46821314,800.0,2000.0,4.0,,,0,0.02,0.26,0,0,0,0,0,0,0,0,1,0
5600127,2200.0,2000.0,7.0,,,0,0.06,0.28,1,0,1,0,0,0,0,0,0,0
90098780,1100.0,1800.0,3.0,,,0,0.07,0.21,1,0,0,0,0,1,0,0,0,0
92266279,,,,,,0,0.19,0.28,0,0,0,0,0,0,0,0,0,2
9627468,1500.0,2600.0,8.0,,,0,0.15,0.21,0,0,0,0,0,0,0,1,0,0
71415349,1400.0,0.0,3.0,,,0,0.11,0.14,0,0,0,0,0,0,0,1,0,0
90788081,1800.0,1000.0,4.0,,,0,2.15,4.16,0,0,0,0,0,0,0,1,0,0
95453143,3000.0,2500.0,8.0,,,0,0.1,0.22,1,0,0,0,1,0,0,0,0,0
36029076,2600.0,1300.0,7.0,,,0,0.14,0.09,0,0,0,0,0,0,0,1,0,0
30243636,2000.0,1850.0,6.0,,,0,0.03,0.16,0,0,0,1,0,0,0,0,0,0
96005454,1700.0,100.0,3.0,,,0,0.09,0.22,0,0,0,0,0,0,0,0,1,0
73018302,1700.0,1000.0,4.0,,,0,0.31,0.11,0,0,0,0,0,0,0,1,0,0
51962254,1000.0,900.0,4.0,,,0,0.15,0.31,0,0,0,0,0,0,0,1,0,0
80141480,1600.0,1400.0,5.0,,,0,0.07,0.09,0,0,0,0,0,0,0,0,1,0
55421040,,,,,,0,0.07,0.19,0,0,0,0,0,0,0,0,0,1
11925569,,,,,,0,0.17,0.24,0,0,0,0,0,0,0,0,0,2
15042735,900.0,200.0,2.0,,,0,0.0,0.0,0,0,0,0,0,0,0,0,1,0
25343017,0.0,2100.0,3.0,,,0,0.11,0.22,0,0,0,0,0,0,0,1,0,0
36218106,0.0,2100.0,3.0,,,0,0.04,0.16,0,0,0,0,0,0,0,1,0,0
30339825,,,,,,0,0.02,0.13,0,0,0,0,0,0,0,0,0,1
37869028,1800.0,400.0,4.0,,,0,0.15,0.13,0,0,0,0,0,0,0,1,0,0
93953933,0.0,1500.0,1.0,,,0,0.03,0.03,0,0,0,0,0,0,0,1,0,0
47421985,2300.0,1800.0,6.0,,,0,0.98,0.52,1,0,0,0,1,0,0,0,0,0
12174035,,,,,,0,0.02,0.13,0,0,0,0,0,0,0,0,0,1
22587018,1600.0,1000.0,4.0,,,0,0.04,0.15,0,0,0,0,0,0,0,1,0,0
90315086,1000.0,0.0,4.0,,,0,0.09,0.26,0,0,0,0,0,0,0,1,0,0
82176812,1400.0,900.0,3.0,,,0,0.11,0.16,0,0,0,0,0,0,0,1,0,0
22873798,1000.0,300.0,3.0,,,0,0.02,0.28,0,0,0,0,0,0,0,1,0,0
80566312,,,,,,0,0.04,0.1,0,0,0,0,0,0,0,0,0,1
38982356,800.0,1200.0,3.0,,,0,0.85,0.0,0,0,0,0,0,0,0,0,1,0
2118022,1500.0,900.0,4.0,,,0,0.07,0.2,0,0,0,0,0,0,0,0,1,0
62397231,2100.0,2800.0,7.0,,,0,0.04,0.09,0,0,0,0,0,0,0,0,1,0
16317140,,,,,,0,0.28,0.43,0,0,0,0,0,0,0,0,0,2
83512285,,,,,,0,0.13,0.36,0,0,0,0,0,0,0,0,0,1
2671330,1500.0,1200.0,4.0,,,0,0.02,0.09,0,0,0,0,0,0,0,1,0,0
300203003,,,,,,0,0.12,0.12,0,0,0,0,0,0,0,0,0,3
95526884,3000.0,2500.0,9.0,,,0,2.17,3.63,1,0,0,0,1,0,0,0,0,0
37169670,3500.0,3000.0,11.0,,,0,0.58,1.2,0,0,0,0,0,0,0,1,0,0
99115354,2000.0,600.0,6.0,,,0,0.02,0.15,1,0,0,0,1,0,0,0,0,0
87818869,,,,,,0,0.0,0.0,0,0,0,0,0,0,0,0,0,1
67517351,,,,,,0,0.28,0.5,0,0,0,0,0,0,0,0,0,1
40348946,1600.0,800.0,4.0,,,0,0.07,0.26,0,0,0,0,0,0,0,0,0,0
10532969,2900.0,1300.0,8.0,,,0,0.18,0.11,0,0,0,0,0,0,0,1,0,0
33166263,3800.0,3200.0,10.0,,,0,10.02,7.86,1,0,1,0,0,0,0,0,0,0
90384300,,,,,,0,0.11,0.15,0,0,0,0,0,0,0,0,0,1
20351153,1400.0,600.0,4.0,,,0,0.1,0.15,0,0,0,0,0,0,0,1,0,0
22200403,1300.0,1400.0,4.0,,,0,0.14,0.14,0,0,0,0,0,0,0,1,0,0
21297224,1800.0,500.0,4.0,,,0,0.04,0.2,0,0,0,0,0,0,0,1,0,0
77778835,,,,,,0,0.14,0.19,0,0,0,0,0,0,0,0,0,2
19337371,,,,,,0,0.18,0.19,0,0,0,0,0,0,0,0,0,1
65741786,800.0,,,2.0,,2,0.16,0.19,1,0,0,0,0,0,1,0,0,0
71768839,1600.0,0.0,4.0,,,0,0.04,0.16,0,0,0,0,0,0,0,1,0,0
300302010,,,,,,0,0.2,0.26,0,0,0,0,0,0,0,0,0,3
300302032,,,,,,0,0.0,0.07,0,0,0,0,0,0,0,0,0,3
94677445,1800.0,2100.0,5.0,,,0,0.07,0.13,1,0,0,0,1,0,0,0,0,0
77610772,1800.0,,,2.0,,2,0.15,0.18,1,0,0,0,0,0,1,0,0,0
93294363,,,,,,0,0.08,0.14,0,0,0,0,0,0,0,0,0,2
62411042,1800.0,100.0,4.0,,,0,0.02,0.08,0,0,0,0,0,0,0,1,0,0
53567095,,,,,,0,0.1,0.58,0,0,0,0,0,0,0,0,0,2
34293667,,,,,,0,0.08,0.15,0,0,0,0,0,0,0,0,0,2
86848580,2000.0,2200.0,4.0,,,0,0.34,0.66,1,0,0,0,0,1,0,0,0,0
66661679,,,,,,0,0.0,0.0,0,0,0,0,0,0,0,0,0,4
97476032,800.0,1000.0,2.0,,,0,0.12,0.2,0,0,0,0,0,0,0,1,0,0
65569724,,,,,,0,0.17,0.19,0,0,0,0,0,0,0,0,0,1
20899496,,,,,,0,0.1,0.14,0,0,0,0,0,0,0,0,0,2
95929069,1400.0,1600.0,4.0,,,0,0.18,0.18,0,0,0,0,0,0,0,1,0,0
99328137,1300.0,1200.0,4.0,,,0,0.12,0.23,0,0,0,0,0,0,0,1,0,0
32750510,2500.0,2000.0,8.0,,,0,0.17,0.55,0,0,0,0,0,0,0,1,0,0
69492187,,,,,,0,0.08,0.12,0,0,0,0,0,0,0,0,0,1
13183454,2500.0,2100.0,5.0,,,0,0.14,0.13,1,0,0,0,0,1,0,0,0,0
14462257,2900.0,2100.0,8.0,,,0,0.25,0.38,0,0,0,0,0,0,0,1,0,0
8633261,1700.0,1000.0,4.0,,,0,7.94,7.5,0,0,0,0,0,0,0,1,0,0
20848593,1150.0,900.0,3.0,,,0,3.17,0.0,0,0,0,0,0,0,0,0,1,0
82777208,1000.0,1000.0,4.0,,,0,0.03,0.08,0,0,0,0,0,0,0,1,0,0
39354437,1000.0,2000.0,3.0,,,0,0.17,0.27,0,0,0,0,0,0,0,1,0,0
7142724,,,,,,0,0.04,0.08,0,0,0,0,0,0,0,0,0,1
55343303,,,,,,0,0.13,0.12,0,0,0,0,0,0,0,0,0,1
1295442,2000.0,2000.0,7.0,,,0,0.02,0.06,0,0,0,0,0,0,0,0,0,0
66749546,2500.0,2500.0,9.0,,,0,0.06,0.12,0,0,0,0,0,0,0,1,0,0
83670388,,,,,,0,0.06,0.06,0,0,0,0,0,0,0,0,0,1
53742162,,,,,,0,0.02,0.1,0,0,0,0,0,0,0,0,0,2
86682165,3000.0,1500.0,10.0,,,0,0.53,0.51,1,0,0,0,1,0,0,0,0,0
3355732,1500.0,3000.0,10.0,,,0,0.17,0.19,0,0,0,0,0,0,0,1,0,0
72776252,,,,,,0,0.05,0.09,0,0,0,0,0,0,0,0,0,1
18494511,1500.0,2500.0,7.0,,,0,0.64,0.78,0,0,0,0,0,0,0,0,0,0
28762303,1000.0,1000.0,4.0,,,0,0.05,0.09,0,0,0,0,0,0,0,1,0,0
55151012,1500.0,1500.0,5.0,,,0,0.26,0.17,0,0,0,0,0,0,0,1,0,0
9627299,800.0,800.0,4.0,,,0,2.3,1.56,0,0,0,0,0,0,0,0,0,0
4825390,,,,,,0,0.07,0.12,0,0,0,0,0,0,0,0,0,2
19362568,,,,,,0,0.02,0.08,0,0,0,0,0,0,0,0,0,2
20721759,,,,,,0,0.07,0.1,0,0,0,0,0,0,0,0,0,2
96220350,3000.0,2200.0,10.0,,,0,0.7,0.79,1,0,1,0,0,0,0,0,0,0
35984222,2200.0,800.0,6.0,,,0,0.98,0.84,0,0,0,0,0,0,0,1,0,0
65872270,,,,,,0,0.12,0.13,0,0,0,0,0,0,0,0,0,2
67273917,2400.0,1200.0,5.0,,2.0,0,0.04,0.08,0,1,0,0,0,0,0,0,1,0
59785059,2800.0,2300.0,8.0,,,0,0.18,0.14,0,0,0,0,0,0,0,1,0,0
61639289,1600.0,300.0,3.0,,2.0,0,1.62,0.96,0,1,0,0,0,0,0,0,1,0
96802306,2100.0,2200.0,6.0,,2.0,0,0.03,0.1,0,1,0,0,0,0,0,0,1,0
23296404,2600.0,1800.0,7.0,,,0,0.11,0.14,0,0,0,0,0,0,0,1,0,0
50407691,1500.0,2500.0,5.0,,7.0,0,0.05,0.11,0,1,0,0,0,0,0,0,1,0
24019092,1400.0,1900.0,4.0,,2.0,0,0.06,0.13,0,1,0,0,0,0,0,0,1,0
76751255,,,,,,0,0.06,0.14,0,0,0,0,0,0,0,0,0,1
24131534,0.0,2000.0,3.0,,7.0,0,0.06,0.17,0,1,0,0,0,0,0,0,1,0
97024987,1700.0,1300.0,4.0,,7.0,0,0.13,0.1,0,1,0,0,0,0,0,0,1,0
93662626,1300.0,2700.0,6.0,,7.0,0,0.04,0.11,0,1,0,0,0,0,0,0,1,0
38848158,,,,,,0,0.02,0.11,0,0,0,0,0,0,0,0,0,1
28103028,2400.0,1000.0,7.0,,,0,0.04,0.1,0,0,0,0,0,0,0,0,1,0
22499034,2400.0,1000.0,5.0,,,0,2.88,1.82,0,0,0,0,0,0,0,1,0,0
56347375,1700.0,1900.0,4.0,,7.0,0,0.28,0.23,0,1,0,0,0,0,0,1,0,0
59054773,,,,,,0,0.06,0.09,0,0,0,0,0,0,0,0,0,1
18239909,2850.0,0.0,8.0,,,0,0.02,0.17,1,0,0,0,1,0,0,0,0,0
10365322,2300.0,1600.0,6.0,,,0,0.13,0.15,1,0,1,0,0,0,0,0,0,0
79555535,,,,,,0,0.08,0.1,0,0,0,0,0,0,0,0,0,1
95772051,2000.0,800.0,5.0,,,0,0.29,0.26,0,0,0,0,0,0,0,1,0,0
83519853,2100.0,900.0,5.0,,,0,1.18,0.93,1,0,0,0,1,0,0,0,0,0
75888208,500.0,0.0,1.0,,,0,0.15,0.28,0,0,0,0,0,0,0,1,0,0
49389190,0.0,500.0,1.0,,,0,1.99,2.67,0,0,0,0,0,0,0,1,0,0
70595331,2100.0,800.0,6.0,,,0,0.06,0.12,0,0,0,0,0,0,0,0,0,0
19438484,,,,,,0,0.0,0.0,0,0,0,0,0,0,0,1,0,0
81686058,1600.0,1500.0,5.0,,,0,0.0,0.0,0,0,0,0,0,0,0,0,1,0
42198835,2000.0,2000.0,7.0,,,0,0.04,0.15,0,0,0,0,0,0,0,1,0,0
62161698,,,,,,0,0.04,0.11,0,0,0,0,0,0,0,0,0,1
33017964,,,,,,0,33.14,25.98,0,0,0,0,0,0,0,0,0,1
73616671,,,,,,0,0.06,0.15,0,0,0,0,0,0,0,0,0,1
12266229,2100.0,2500.0,7.0,,,0,0.35,0.51,0,0,0,1,0,0,0,1,0,0
101403078,,,,,,0,0.0,0.0,0,0,0,0,0,0,0,0,0,2
28546905,1200.0,2200.0,5.0,,,0,0.02,0.17,0,0,0,0,0,0,0,0,1,0
15173384,1200.0,2200.0,5.0,,,0,0.14,0.49,0,0,0,0,0,0,0,1,0,0
35073065,2400.0,1000.0,7.0,,,0,0.1,0.08,0,0,0,0,0,0,0,1,0,0
41952656,1000.0,1000.0,2.0,,,0,0.09,0.09,0,0,0,0,0,0,0,1,0,0
31226177,800.0,,0.0,1.0,,1,0.22,0.76,1,0,0,0,0,0,1,0,0,0
91575236,500.0,2400.0,6.0,,,0,0.15,0.22,1,0,0,0,1,0,0,0,0,0
22091647,3000.0,2200.0,9.0,,,0,0.6,0.47,0,0,0,0,0,0,0,1,0,0
32485518,1800.0,200.0,4.0,,,0,0.09,0.26,0,0,0,0,0,0,0,1,0,0
18474999,0.0,0.0,5.0,,,0,0.07,0.06,0,0,0,0,0,0,0,1,0,0
53303460,0.0,0.0,4.0,,,0,0.15,0.12,0,0,0,0,0,0,0,1,0,0
65877963,2500.0,1800.0,7.0,,,0,0.07,0.09,0,0,0,1,0,0,0,1,0,0
86758915,,,,,,0,0.13,0.49,0,0,0,0,0,0,0,0,0,1
82085295,0.0,0.0,3.0,,,0,0.06,0.07,0,0,0,0,0,0,0,1,0,0
80701178,0.0,0.0,6.0,,,0,0.07,0.11,0,0,0,0,0,0,0,1,0,0
13482262,,,,,,0,0.07,0.18,0,0,0,0,0,0,0,0,0,1
86778566,,,,,,0,0.02,0.11,0,0,0,0,0,0,0,0,0,2
96631852,,,,,,0,0.08,0.09,0,0,0,0,0,0,0,0,0,1
56673112,1500.0,1500.0,4.0,,,0,2.82,0.4,0,0,0,0,0,0,0,1,0,0
9995766,,,,,,0,0.06,0.1,0,0,0,0,0,0,0,0,0,2
30459350,,,,,,0,0.14,0.14,0,0,0,0,0,0,0,0,0,2
61740673,,,,,,0,0.16,0.23,0,0,0,0,0,0,0,0,0,2
29510428,1200.0,2800.0,5.0,,,0,0.02,0.1,1,0,0,0,0,1,0,0,0,0
90434657,,,,,,0,0.3,0.22,0,0,0,0,0,0,0,0,0,2
4628897,4000.0,4000.0,10.0,,,0,3.79,1.96,1,0,1,0,0,0,0,0,0,0
89027418,,,,,,0,0.02,0.1,0,0,0,0,0,0,0,0,0,1
52248570,2600.0,1700.0,8.0,,,0,0.07,0.12,0,0,0,0,0,0,0,1,0,0
26357901,,,,,,0,0.07,0.13,0,0,0,0,0,0,0,0,0,2
84941194,3000.0,1800.0,8.0,,,0,0.53,0.23,0,0,0,0,0,0,0,1,0,0
91668078,,,,,,0,0.04,0.19,0,0,0,0,0,0,0,0,0,1
77084837,700.0,500.0,3.0,,,0,0.19,0.25,0,0,0,0,0,0,0,0,0,0
62953041,1500.0,200.0,4.0,,,0,0.06,0.08,0,0,0,0,0,0,0,1,0,0
33031674,,,,,,0,0.14,0.17,0,0,0,0,0,0,0,0,0,1
91946859,,,,,,0,0.02,0.12,0,0,0,0,0,0,0,0,0,1
94661166,,,,,,0,0.24,0.26,0,0,0,0,0,0,0,0,0,1
55273560,1500.0,1500.0,4.0,,,0,0.33,0.17,0,0,0,0,0,0,0,0,0,0
16699558,4000.0,0.0,8.0,,,0,0.16,0.2,1,0,0,0,0,1,0,0,0,0
3775068,0.0,0.0,4.0,,,0,0.24,0.22,0,0,0,0,0,0,0,1,0,0
84173492,2300.0,0.0,4.0,,,0,0.12,0.11,0,0,0,0,0,0,0,1,0,0
55136228,,,,,,0,1.28,0.46,0,0,0,0,0,0,0,0,0,1
68077936,,,,,,0,0.13,0.09,0,0,0,0,0,0,0,0,0,2
82773292,1600.0,0.0,4.0,,,0,0.1,0.45,0,0,0,0,0,0,0,1,0,0
6430659,,,,,,0,0.1,0.11,0,0,0,0,0,0,0,0,0,1
47754278,2000.0,0.0,4.0,,,0,0.27,0.47,0,0,0,0,0,0,0,1,0,0
29423048,1700.0,600.0,4.0,,,0,3.28,2.12,1,0,0,0,0,1,0,0,0,0
19847532,2700.0,1600.0,9.0,,,0,0.11,0.16,0,0,0,0,0,0,0,1,0,0
58712976,2200.0,2000.0,4.0,,,0,0.26,0.29,1,0,0,0,0,1,0,0,0,0
23309606,2800.0,1800.0,6.0,,,0,0.16,0.09,0,0,0,0,0,0,0,1,0,0
28653611,,,,,,0,0.06,0.17,0,0,0,0,0,0,0,0,0,1
66122213,2600.0,1800.0,7.0,,,0,0.29,0.37,1,0,0,0,1,0,0,0,0,0
8581705,900.0,1500.0,4.0,,,0,0.02,0.21,0,0,0,0,0,0,0,1,0,0
27882993,2400.0,1000.0,5.0,,,0,0.02,0.06,0,0,0,0,0,0,0,1,0,0
18724123,2000.0,1000.0,6.0,,,0,0.32,0.26,0,0,0,0,0,0,0,1,0,0
99177923,1800.0,1200.0,4.0,,,0,0.66,0.77,0,0,0,0,0,0,0,1,0,0
85475641,0.0,0.0,1.0,,,0,0.08,1.25,0,0,0,0,0,0,0,0,0,0
9059700,,,,,,0,0.68,0.66,0,0,0,0,0,0,0,0,0,2
7264861,1600.0,1200.0,3.0,,,0,0.14,0.15,0,0,0,0,0,0,0,1,0,0
49080532,1200.0,0.0,2.0,,,0,0.41,1.92,0,0,0,0,0,0,0,0,0,0
51717541,,,,,,0,0.19,0.54,0,0,0,0,0,0,0,0,0,2
48144778,1200.0,900.0,3.0,,,0,0.06,0.12,0,0,0,0,0,0,0,1,0,0
98954375,2300.0,1000.0,6.0,,,0,0.47,2.57,0,0,0,0,0,0,0,1,0,0
38904695,2200.0,1600.0,6.0,,,0,0.25,0.09,1,0,0,0,1,0,0,0,0,0
72896720,3000.0,2400.0,8.0,,,0,5.17,14.55,1,0,0,0,1,0,0,0,0,0
14425515,100.0,100.0,1.0,,,0,0.0,0.0,0,0,0,0,0,0,0,1,0,0
25171661,800.0,500.0,2.0,,,0,0.1,0.1,0,0,0,0,0,0,0,1,0,0
18712704,,,,,,0,0.29,0.21,0,0,0,0,0,0,0,0,0,2
17502671,2700.0,1500.0,7.0,,,0,0.19,0.26,0,0,0,0,0,0,0,1,0,0
51566770,1200.0,1700.0,4.0,,,0,0.19,0.33,0,0,0,0,0,0,0,1,0,0
14550855,,,,,,0,0.65,0.81,0,0,0,0,0,0,0,0,0,2
71341529,1400.0,400.0,3.0,,,0,0.7,0.56,0,0,0,0,0,0,0,1,0,0
66957584,,,,,,0,0.21,0.17,0,0,0,0,0,0,0,0,0,1
86197239,0.0,0.0,1.0,,,0,0.5,0.23,0,0,0,0,0,0,0,1,0,0
56209279,0.0,2000.0,3.0,,,0,0.14,0.26,0,0,0,0,0,0,0,1,0,0
86547356,,,,,,0,0.06,0.18,0,0,0,0,0,0,0,0,0,1
54320860,1000.0,2000.0,4.0,,,0,0.05,0.12,0,0,0,0,0,0,0,1,0,0
82434071,0.0,0.0,1.0,,,0,0.18,0.19,0,0,0,0,0,0,0,1,0,0
53246495,300.0,900.0,3.0,,,0,0.11,0.14,0,0,0,0,0,0,0,1,0,0
13582837,900.0,0.0,1.0,,,0,0.24,0.12,0,0,0,0,0,0,0,1,0,0
15313433,,,,,,0,0.22,0.15,0,0,0,0,0,0,0,0,0,2
46435376,400.0,800.0,2.0,,,0,0.13,0.2,0,0,0,0,0,0,0,0,0,0
12541409,,,,,,0,0.09,0.12,0,0,0,0,0,0,0,0,0,2
74148483,1400.0,0.0,3.0,,,0,0.1,0.18,0,0,0,0,0,0,0,0,0,0
74823665,1100.0,1900.0,4.0,,,0,0.06,0.16,0,0,0,0,0,0,0,1,0,0
52684508,,,,,,0,0.02,0.17,0,0,0,0,0,0,0,0,0,1
17185260,2400.0,0.0,6.0,,,0,0.89,3.4,0,0,0,0,0,0,0,1,0,0
62767644,,,,,,0,0.12,0.16,0,0,0,0,0,0,0,0,0,1
23856331,0.0,0.0,10.0,,,0,0.36,0.92,0,0,0,0,0,0,0,1,0,0
12247206,,,,,,0,0.24,0.65,0,0,0,0,0,0,0,0,0,1
14391920,,,,,,0,0.8,0.49,0,0,0,0,0,0,0,0,0,1
56824871,500.0,500.0,1.0,,,0,0.67,0.38,0,0,0,0,0,0,0,1,0,0
81570454,500.0,500.0,1.0,,,0,0.11,0.23,0,0,0,0,0,0,0,1,0,0
95953557,500.0,200.0,1.0,,,0,0.05,0.15,0,0,0,0,0,0,0,1,0,0
65398390,2000.0,500.0,5.0,,,0,0.08,0.2,1,0,0,0,1,0,0,0,0,0
40251688,2000.0,500.0,5.0,,,0,0.19,0.15,1,0,0,0,1,0,0,0,0,0
77656797,3000.0,200.0,9.0,,,0,0.09,0.16,1,0,0,0,1,0,0,0,0,0
94730900,1500.0,1000.0,4.0,,,0,0.09,0.22,0,0,0,0,0,0,0,1,0,0
21351206,1500.0,2000.0,4.0,,,0,0.16,0.27,0,0,0,0,0,0,0,1,0,0
58346901,1000.0,1500.0,4.0,,,0,0.14,0.18,0,0,0,0,0,0,0,0,0,0
53404966,500.0,0.0,1.0,,,0,0.08,0.16,0,0,0,0,0,0,0,0,0,0
89809665,1400.0,1700.0,4.0,,,0,0.1,0.16,0,0,0,0,0,0,0,1,0,0
26034577,0.0,2000.0,2.0,,,0,6.1,1.49,0,0,0,0,0,0,0,1,0,0
88301393,2800.0,0.0,8.0,,,0,0.08,0.11,0,0,0,0,0,0,0,1,0,0
58446973,500.0,200.0,1.0,,,0,0.18,0.12,0,0,0,0,0,0,0,0,0,0
23440231,2900.0,2900.0,9.0,,,0,0.42,0.28,0,0,0,0,0,0,0,1,0,0
97051536,1100.0,1100.0,1.0,,,0,8.69,7.23,1,0,1,0,0,0,0,0,0,0
34446231,3000.0,,,4.0,,4,1.53,1.24,1,0,0,0,0,0,1,0,0,0
52038272,1600.0,0.0,3.0,,,0,0.17,0.29,0,0,0,0,0,0,0,1,0,0
14799437,3000.0,3000.0,10.0,,,0,0.18,0.19,0,0,0,0,0,0,0,1,0,0
89423971,1800.0,0.0,4.0,,,0,0.13,0.15,0,0,0,0,0,0,0,1,0,0
25811989,2200.0,0.0,5.0,,,0,0.11,0.08,0,0,0,0,0,0,0,1,0,0
60551528,0.0,0.0,1.0,,,0,0.25,0.29,0,0,0,0,0,0,0,1,0,0
51316684,2600.0,0.0,7.0,,,0,0.1,0.08,0,0,0,0,0,0,0,1,0,0
96055137,2400.0,0.0,6.0,,,0,0.06,0.17,0,0,0,0,0,0,0,1,0,0
82734805,3400.0,3600.0,11.0,,,0,0.66,0.26,1,0,1,0,0,0,0,0,0,0
34822851,,,,,,0,0.34,0.31,0,0,0,0,0,0,0,0,0,4
35419032,,,,,,0,0.45,0.75,0,0,0,0,0,0,0,0,0,2
27541267,,,,,,0,0.8,4.13,0,0,0,0,0,0,0,0,0,1
81218874,,,,,,0,0.18,0.21,0,0,0,0,0,0,0,0,0,2
90934570,,,,,,0,0.36,0.32,0,0,0,0,0,0,0,0,0,2
27207573,,,,,,0,0.1,0.16,0,0,0,0,0,0,0,0,0,2
18816758,,,,,,0,0.13,0.15,0,0,0,0,0,0,0,0,0,2
39078434,1200.0,1500.0,3.0,,,0,0.04,0.11,0,0,0,0,0,0,0,1,0,0
94163677,,,,,,0,0.02,0.18,0,0,0,0,0,0,0,0,0,1
54109233,,,,,,0,0.05,0.12,0,0,0,0,0,0,0,0,0,2
10045474,,,,,,0,0.32,0.39,0,0,0,0,0,0,0,0,0,2
72883039,,,,,,0,0.52,0.65,0,0,0,0,0,0,0,0,0,2
36894320,,,,,,0,0.35,0.52,0,0,0,0,0,0,0,0,0,2
62034800,1800.0,500.0,4.0,,,0,2.0,0.61,0,0,0,0,0,0,0,1,0,0
76830505,1900.0,2100.0,5.0,,,0,0.08,0.28,0,0,0,0,0,0,0,1,0,0
98439949,2100.0,500.0,5.0,,,0,0.03,0.17,0,0,0,0,0,0,0,1,0,0
34923554,1500.0,2100.0,5.0,,,0,0.09,0.15,0,0,0,0,0,0,0,1,0,0
97584719,3100.0,2100.0,9.0,,,0,0.32,0.39,1,0,0,0,0,1,0,0,0,0
69073023,4000.0,,,3.0,,3,0.83,0.59,1,0,0,0,0,0,1,0,0,0
23689428,1000.0,,,1.0,,1,0.63,0.44,1,0,0,0,0,0,1,0,0,0
35645105,0.0,2100.0,2.0,,,0,0.04,0.09,0,0,0,0,0,0,0,1,0,0
60195675,2100.0,3100.0,7.0,,,0,0.2,0.2,1,0,0,0,0,1,0,0,0,0
24701066,2500.0,500.0,5.0,,,0,0.07,0.11,1,0,0,0,0,1,0,0,0,0
5205146,2100.0,2100.0,5.0,,,0,0.4,0.3,0,0,0,0,0,0,0,1,0,0
61912252,500.0,2400.0,5.0,,,0,0.29,0.26,0,0,0,0,0,0,0,1,0,0
97316367,2200.0,500.0,5.0,,,0,0.12,0.54,0,0,0,0,0,0,0,1,0,0
76520646,1500.0,1200.0,4.0,,,0,0.31,0.15,0,0,0,0,0,0,0,0,0,0
96345184,4000.0,4000.0,10.0,,,0,1.82,0.81,0,0,0,0,0,0,0,1,0,0
54936498,300.0,900.0,3.0,,,0,0.17,0.12,0,0,0,0,0,0,0,0,0,0
4941482,500.0,1800.0,4.0,,,0,0.21,0.12,0,0,0,0,0,0,0,1,0,0
20057949,,,,,,0,0.33,0.46,0,0,0,0,0,0,0,0,0,2
79575620,400.0,1500.0,3.0,,,0,1.33,0.55,0,0,0,0,0,0,0,1,0,0
39703254,1400.0,800.0,3.0,,,0,0.18,0.2,0,0,0,0,0,0,0,1,0,0
300205001,,,,,,0,0.16,0.22,0,0,0,0,0,0,0,0,0,3
97923414,1600.0,1900.0,4.0,,,0,0.14,0.1,0,0,0,0,0,0,0,0,1,0
3492538,,,,,,0,0.25,0.41,0,0,0,0,0,0,0,0,0,1
23615409,,,,,,0,0.09,0.12,0,0,0,0,0,0,0,0,0,1
96965364,,,,,,0,0.02,0.07,0,0,0,0,0,0,0,0,0,1
86527709,,,,,,0,0.07,0.22,0,0,0,0,0,0,0,0,0,1
35052053,1900.0,1500.0,4.0,,,0,0.85,0.76,0,0,0,0,0,0,0,0,1,0
91512836,,,,,,0,0.0,0.0,0,0,0,0,0,0,0,0,0,4
22991179,,,,,,0,0.06,0.16,0,0,0,0,0,0,0,0,0,1
37957847,1900.0,1200.0,6.0,,,0,0.03,0.12,0,0,0,0,0,0,0,1,0,0
91512835,2200.0,2400.0,7.0,,,0,0.04,0.14,0,0,0,0,0,0,0,1,0,0
7019529,1000.0,800.0,3.0,,,0,0.17,0.16,0,0,0,0,0,0,0,1,0,0
16227556,,,,,,0,0.02,0.16,0,0,0,0,0,0,0,0,0,1
15397015,2000.0,2000.0,4.0,,,0,0.08,0.13,0,0,0,0,0,0,0,1,0,0
25005816,,,,,,0,0.06,0.09,0,0,0,0,0,0,0,0,0,2
16169772,,,,,,0,0.92,0.27,0,0,0,0,0,0,0,0,0,1
1845204,,,,,,0,0.33,0.8,0,0,0,0,0,0,0,0,0,1
11913700,,,,,,0,0.16,0.21,0,0,0,0,0,0,0,0,0,1
59695933,,,,,,0,0.47,0.61,0,0,0,0,0,0,0,0,0,2
39440937,,,,,,0,1.64,2.35,0,0,0,0,0,0,0,0,0,1
19113101,800.0,800.0,2.0,,,0,0.11,0.17,0,0,0,0,0,0,0,1,0,0
60238002,,,,,,0,0.04,0.05,0,0,0,0,0,0,0,0,0,1
36261276,,,,,,0,0.07,0.1,0,0,0,0,0,0,0,0,0,2
57384901,,,,,,0,0.14,0.13,0,0,0,0,0,0,0,0,0,2
14729426,0.0,500.0,1.0,,,0,0.08,0.13,0,0,0,0,0,0,0,1,0,0
80208323,1100.0,2200.0,5.0,,,0,0.05,0.14,0,0,0,0,0,0,0,1,0,0
25206027,2200.0,1100.0,5.0,,,0,0.09,0.05,0,0,0,0,0,0,0,1,0,0
2414168,0.0,2100.0,6.0,,,0,0.05,0.11,0,0,0,0,0,0,0,1,0,0
99330325,,,,,,0,0.18,0.41,0,0,0,0,0,0,0,0,0,1
91592030,,,,,,0,0.05,0.06,0,0,0,0,0,0,0,0,0,2
300205002,,,,,,0,0.19,0.21,0,0,0,0,0,0,0,0,0,3
93946239,,,,,,0,0.24,0.42,0,0,0,0,0,0,0,0,0,1
23122036,,,,,,0,0.04,0.07,0,0,0,0,0,0,0,0,0,2
69091732,,,,,,0,0.05,0.08,0,0,0,0,0,0,0,0,0,2
59277750,,,,,,0,0.06,0.16,0,0,0,0,0,0,0,0,0,2
28450915,950.0,1400.0,4.0,,,0,7.72,19.94,0,0,0,0,0,0,0,0,1,0
56647086,2900.0,2500.0,8.0,,,0,0.05,0.11,0,0,0,0,0,0,0,1,0,0
3056267,1350.0,1700.0,4.0,,,0,0.02,0.14,0,0,0,0,0,0,0,1,0,0
26082229,1300.0,1200.0,3.0,,,0,0.1,0.15,0,0,0,0,0,0,0,1,0,0
79161790,,,,,,0,0.16,0.11,0,0,0,0,0,0,0,0,0,2
98374133,,,,,,0,0.09,0.55,0,0,0,0,0,0,0,0,0,1
17722185,,,,,,0,0.15,0.07,0,0,0,0,0,0,0,0,0,2
71108540,1300.0,2000.0,6.0,,,0,0.0,0.0,0,0,0,0,0,0,0,1,0,0
52675689,1500.0,1800.0,5.0,,,0,0.02,0.05,0,0,0,0,0,0,0,1,0,0
74063034,,,,,,0,0.92,1.8,0,0,0,0,0,0,0,0,0,1
76334960,,,,,,0,0.24,3.68,0,0,0,0,0,0,0,0,0,1
37432075,,,,,,0,3.27,1.86,0,0,0,0,0,0,0,0,0,1
97300502,2000.0,2800.0,8.0,,,0,0.17,0.13,1,0,1,0,0,0,0,0,0,0
70383419,2450.0,2450.0,7.0,,,0,0.11,0.13,1,0,1,0,0,0,0,0,0,0
13529466,1000.0,1800.0,4.0,,,0,0.15,0.13,1,0,1,0,0,0,0,0,0,0
85908279,1800.0,2900.0,6.0,,,0,0.1,0.17,1,0,1,0,0,0,0,0,0,0
80635735,2900.0,1500.0,8.0,,,0,0.05,3.76,1,0,1,0,0,0,0,0,0,0
11270236,3200.0,4000.0,10.0,,,0,0.37,0.22,1,0,1,0,0,0,0,0,0,0
48791583,3000.0,3300.0,8.0,,,0,0.08,0.28,1,0,1,0,0,0,0,0,0,0
38423248,2800.0,2000.0,8.0,,,0,1.05,1.46,1,0,1,0,0,0,0,0,0,0
75286621,2500.0,2100.0,9.0,,,0,0.51,0.42,1,0,1,0,0,0,0,0,0,0
6772168,3000.0,3000.0,9.0,,,0,0.09,0.13,1,0,1,0,0,0,0,0,0,0
12307878,2300.0,2000.0,7.0,,,0,0.09,0.15,1,0,1,0,0,0,0,0,0,0
49513164,2200.0,2400.0,5.0,,,0,0.16,0.21,1,0,1,0,0,0,0,0,0,0
43989315,1600.0,2600.0,6.0,,,0,0.27,0.26,1,0,1,0,0,0,0,0,0,0
95395761,200.0,600.0,3.0,,,0,0.16,0.18,0,0,0,0,0,0,0,1,0,0
87973893,,,,,,0,0.29,0.25,0,0,0,0,0,0,0,0,0,1
21790410,1600.0,1200.0,3.0,,,0,0.12,0.08,0,0,0,0,0,0,0,1,0,0
87047074,,,,,,0,0.14,0.23,0,0,0,0,0,0,0,0,0,1
68184115,1000.0,1800.0,3.0,,,0,0.08,0.12,0,0,0,0,0,0,0,1,0,0
38450736,1000.0,1000.0,4.0,,,0,0.14,0.19,0,0,0,0,0,0,0,1,0,0
44505297,1000.0,1000.0,6.0,,,0,0.13,0.11,1,0,0,0,0,1,0,0,0,0
26211048,800.0,800.0,5.0,,,0,0.1,0.2,1,0,0,0,0,1,0,0,0,0
66066482,100.0,100.0,1.0,,,0,0.17,0.2,0,0,0,0,0,0,0,1,0,0
259314,,,,,,0,0.19,0.18,0,0,0,0,0,0,0,0,0,2
65844845,2000.0,1300.0,5.0,,,0,0.22,0.24,0,0,0,0,0,0,0,1,0,0
94573223,2400.0,0.0,6.0,,,0,0.12,0.19,0,0,0,0,0,0,0,1,0,0
21977828,0.0,2600.0,6.0,,,0,0.13,0.24,0,0,0,0,0,0,0,1,0,0
52601736,1700.0,1400.0,4.0,,,0,0.1,0.11,0,0,0,0,0,0,0,1,0,0
69207766,500.0,200.0,3.0,,,0,0.07,0.12,0,0,0,0,0,0,0,1,0,0
2461031,500.0,100.0,2.0,,,0,0.09,0.12,0,0,0,0,0,0,0,1,0,0
38643567,,,,,,0,0.24,0.22,0,0,0,0,0,0,0,0,0,2
97273514,1000.0,,0.0,2.0,,2,0.07,0.09,1,0,0,0,0,0,1,0,0,0
16550875,,,,,,0,0.06,0.12,0,0,0,0,0,0,0,0,0,1
70744296,500.0,500.0,2.0,,,0,1.41,1.35,0,0,0,0,0,0,0,1,0,0
9628664,2400.0,1200.0,6.0,,,0,0.26,0.22,0,0,0,0,0,0,0,1,0,0
73431236,500.0,500.0,2.0,,,0,0.21,0.27,0,0,0,0,0,0,0,1,0,0
45072394,,,,,,0,0.19,0.17,0,0,0,0,0,0,0,0,0,1
64662453,,,,,,0,0.19,0.36,0,0,0,0,0,0,0,0,0,1
26157485,1100.0,0.0,2.0,,,0,0.08,0.11,0,0,0,0,0,0,0,1,0,0
53152590,1100.0,1600.0,3.0,,,0,0.12,0.13,0,0,0,0,0,0,0,0,0,0
19974580,2500.0,1300.0,6.0,,,0,0.63,0.64,1,0,0,0,1,0,0,0,0,0
53274132,1600.0,1200.0,4.0,,,0,0.22,0.26,0,0,0,0,0,0,0,1,0,0
80769747,800.0,1200.0,3.0,,,0,0.09,0.21,0,0,0,0,0,0,0,1,0,0
20457551,,,,,,0,0.2,0.11,0,0,0,0,0,0,0,0,0,1
63018036,,,,,,0,0.1,0.13,0,0,0,0,0,0,0,0,0,1
34545235,,,,,,0,0.12,0.17,0,0,0,0,0,0,0,0,0,2
36623431,,,,,,0,0.16,0.23,0,0,0,0,0,0,0,0,0,1
53039326,,,,,,0,0.6,0.44,0,0,0,0,0,0,0,0,0,1
46247282,2000.0,0.0,4.0,,,0,0.22,0.25,0,0,0,0,0,0,0,1,0,0
34559295,,,,,,0,0.05,0.18,0,0,0,0,0,0,0,0,0,1
41916534,1200.0,800.0,4.0,,,0,0.15,0.24,0,0,0,0,0,0,0,1,0,0
73405179,1700.0,700.0,4.0,,,0,0.3,0.25,0,0,0,0,0,0,0,1,0,0
662857,2400.0,,0.0,4.0,,4,35.0,0.0,1,0,0,0,0,0,1,0,0,0
12682213,,,,,,0,0.2,0.21,0,0,0,0,0,0,0,0,0,2
79185500,900.0,3500.0,8.0,,,0,0.15,0.11,0,0,0,0,0,0,0,1,0,0
4042268,1100.0,2000.0,4.0,,,0,0.02,0.17,0,0,0,0,0,0,0,0,1,0
22657402,1000.0,0.0,4.0,,,0,0.13,0.26,0,0,0,0,0,0,0,1,0,0
59934749,1600.0,,0.0,2.0,,2,0.34,0.3,1,0,0,0,0,0,1,0,0,0
300201007,,,,,,0,0.0,0.51,0,0,0,0,0,0,0,0,0,3
300302011,,,,,,0,0.13,0.25,0,0,0,0,0,0,0,0,0,3
300102004,,,,,,0,0.81,0.5,0,0,0,0,0,0,0,0,0,3
300302012,,,,,,0,0.16,0.26,0,0,0,0,0,0,0,0,0,3
14730606,,,,,,0,0.12,0.13,0,0,0,0,0,0,0,0,0,2
30069399,,,,,,0,0.0,0.0,0,0,0,0,0,0,0,0,0,4
3137279,1500.0,0.0,4.0,,,0,0.18,0.17,0,0,0,0,0,0,0,1,0,0
6544078,2200.0,1000.0,6.0,,,0,0.83,1.07,0,0,0,0,0,0,0,1,0,0
43543777,1100.0,1800.0,4.0,,,0,0.17,0.41,0,0,0,0,0,0,0,0,0,0
36539330,1500.0,1000.0,3.0,,,0,0.03,0.09,0,0,0,0,0,0,0,1,0,0
23850421,1800.0,0.0,4.0,,,0,0.04,0.11,0,0,0,0,0,0,0,1,0,0
51697825,,,,,,0,0.07,0.13,0,0,0,0,0,0,0,0,0,1
36016907,1500.0,2200.0,7.0,,,0,0.14,0.21,0,0,0,0,0,0,0,1,0,0
90876561,1900.0,1000.0,5.0,,,0,0.02,0.1,0,0,0,0,0,0,0,0,1,0
81171949,,,,,,0,0.88,0.77,0,0,0,0,0,0,0,0,0,1
69191257,2700.0,1800.0,9.0,,,0,0.13,0.21,1,0,0,0,1,0,0,0,0,0
95214051,,,,,,0,0.05,0.11,0,0,0,0,0,0,0,0,0,1
44364207,1000.0,1800.0,4.0,,,0,0.09,0.15,0,0,0,0,0,0,0,1,0,0
96235275,1800.0,1200.0,4.0,,,0,0.12,0.01,0,0,0,0,0,0,0,1,0,0
84673417,1800.0,1200.0,4.0,,,0,0.09,0.2,0,0,0,0,0,0,0,1,0,0
21770260,,,,,,0,0.1,0.19,0,0,0,0,0,0,0,0,0,1
21558682,,,,,,0,0.09,0.31,0,0,0,0,0,0,0,0,0,2
98954106,,,,,,0,0.06,0.18,0,0,0,0,0,0,0,0,0,2
22454453,,,,,,0,0.05,0.11,0,0,0,0,0,0,0,0,0,2
83968380,,,,,,0,3.0,5.11,0,0,0,0,0,0,0,0,0,2
33784505,,,,,,0,0.08,0.18,0,0,0,0,0,0,0,0,0,1
96287685,200.0,2100.0,4.0,,,0,0.51,0.38,0,0,0,0,0,0,0,1,0,0
26932788,2450.0,2550.0,8.0,,,0,0.16,0.33,0,0,0,1,0,0,0,0,0,0
101403029,2450.0,2550.0,8.0,,,0,0.0,0.0,0,0,0,1,0,0,0,1,0,0
41182875,,,,,,0,0.2,0.23,0,0,0,0,0,0,0,0,0,1
50532786,2600.0,1600.0,6.0,,,0,0.05,0.25,0,0,0,0,0,0,0,1,0,0
41440817,,,,,,0,0.07,0.17,0,0,0,0,0,0,0,0,0,2
14851496,1200.0,1500.0,4.0,,,0,0.2,0.21,0,0,0,0,0,0,0,0,1,0
83725008,300.0,2100.0,4.0,,,0,0.18,0.3,0,0,0,0,0,0,0,1,0,0
23635815,1750.0,0.0,3.0,,,0,0.13,0.37,0,0,0,0,0,0,0,0,1,0
8487449,0.0,0.0,1.0,,,0,1.04,1.18,0,0,0,0,0,0,0,1,0,0
72992744,0.0,0.0,1.0,,,0,0.16,0.28,0,0,0,0,0,0,0,1,0,0
9742784,500.0,0.0,1.0,,,0,0.14,0.1,0,0,0,0,0,0,0,0,0,0
286392,2100.0,1200.0,5.0,,,0,0.96,1.71,1,0,0,0,1,0,0,0,0,0
43697559,1200.0,1800.0,4.0,,,0,0.14,0.21,0,0,0,0,0,0,0,1,0,0
72710085,,,,,,0,0.19,0.13,0,0,0,0,0,0,0,0,0,1
25935625,0.0,2000.0,2.0,,,0,2.42,1.59,0,0,0,0,0,0,0,0,0,0
40894584,1500.0,200.0,4.0,,,0,0.06,0.11,0,0,0,0,0,0,0,1,0,0
90020065,200.0,1000.0,2.0,,,0,0.05,0.17,0,0,0,0,0,0,0,1,0,0
77585513,2400.0,1500.0,6.0,,,0,0.24,0.25,0,0,0,0,0,0,0,1,0,0
40275470,2400.0,1500.0,7.0,,,0,0.12,0.25,0,0,0,0,0,0,0,1,0,0
51916032,800.0,2000.0,4.0,,,0,0.11,0.1,0,0,0,0,0,0,0,1,0,0
99666430,2400.0,1500.0,6.0,,,0,3.95,6.68,1,0,0,0,0,1,0,0,0,0
35803249,2600.0,1600.0,8.0,,,0,0.07,0.13,0,0,0,0,0,0,0,1,0,0
9418534,600.0,1400.0,3.0,,,0,0.2,0.28,0,0,0,0,0,0,0,1,0,0
32809211,500.0,400.0,2.0,,,0,0.2,0.26,0,0,0,0,0,0,0,1,0,0
39987731,2400.0,1500.0,7.0,,,0,1.74,1.41,0,0,0,0,0,0,0,1,0,0
92962242,2300.0,2900.0,8.0,,,0,0.1,0.09,0,0,0,0,0,0,0,1,0,0
94773007,2200.0,100.0,4.0,,,0,0.02,0.1,0,0,0,0,0,0,0,1,0,0
63941210,3300.0,2600.0,10.0,,,0,0.15,0.23,0,0,0,0,0,0,0,1,0,0
14442329,,,,,,0,0.15,0.2,0,0,0,0,0,0,0,0,0,1
55337339,800.0,1300.0,3.0,,,0,0.0,0.0,0,0,0,0,0,0,0,0,1,0
29284413,2000.0,1400.0,5.0,,,0,2.44,0.29,0,0,0,0,0,0,0,1,0,0
92067220,,,,,,0,12.6,11.08,0,0,0,0,0,0,0,0,0,1
81945678,,,,,,0,0.22,0.14,0,0,0,0,0,0,0,0,0,2
8316565,,,,,,0,0.09,0.12,0,0,0,0,0,0,0,0,0,2
47894537,2000.0,0.0,4.0,,,0,0.06,0.13,0,0,0,0,0,0,0,0,1,0
2665273,-1.0,-1.0,9.0,,,0,0.26,0.26,1,0,0,0,0,1,0,0,0,0
64203620,3000.0,3000.0,8.0,,,0,0.23,0.25,0,0,0,0,0,0,0,1,0,0
43685562,,,,,,0,0.14,0.12,0,0,0,0,0,0,0,0,0,2
82041999,900.0,600.0,3.0,,,0,0.08,0.16,0,0,0,0,0,0,0,0,0,0
70070211,,,,,,0,0.14,0.2,0,0,0,0,0,0,0,0,0,2
41855169,200.0,1300.0,3.0,,,0,0.53,0.3,0,0,0,0,0,0,0,1,0,0
5257687,200.0,100.0,2.0,,,0,0.4,0.19,0,0,0,0,0,0,0,1,0,0
53054164,2000.0,500.0,2.0,,,0,0.15,0.31,1,0,0,0,0,1,0,0,0,0
30113682,2200.0,1500.0,6.0,,,0,0.09,0.19,0,0,0,0,0,0,0,0,1,0
53535814,1800.0,900.0,4.0,,,0,0.04,0.15,0,0,0,0,0,0,0,1,0,0
57774843,3000.0,2600.0,8.0,,,0,0.39,0.47,0,0,0,0,0,0,0,1,0,0
55256016,,,,,,0,0.1,0.17,0,0,0,0,0,0,0,0,0,2
93595154,,,,,,0,0.06,0.05,0,0,0,0,0,0,0,0,0,2
4869446,,,,,,0,0.07,0.1,0,0,0,0,0,0,0,0,0,2
55948544,,,,,,0,45.56,63.99,0,0,0,0,0,0,0,0,0,2
85080048,,,,,,0,0.12,0.14,0,0,0,0,0,0,0,0,0,2
41659072,3000.0,2600.0,8.0,,,0,0.98,1.38,1,0,0,0,1,0,0,0,0,0
42851643,1800.0,100.0,4.0,,,0,0.11,0.11,0,0,0,0,0,0,0,1,0,0
73490417,2500.0,1800.0,8.0,,,0,0.02,0.11,0,0,0,0,0,0,0,1,0,0
25148255,0.0,0.0,2.0,,,0,0.07,0.19,0,0,0,0,0,0,0,0,0,0
42810973,2300.0,2000.0,7.0,,,0,0.39,0.51,1,0,0,0,1,0,0,0,0,0
91215724,600.0,1200.0,2.0,,,0,1.77,3.77,0,0,0,0,0,0,0,1,0,0
79068663,,,,,,0,0.06,0.18,0,0,0,0,0,0,0,0,0,1
59771339,2700.0,1800.0,7.0,,,0,3.53,5.82,1,0,0,0,1,0,0,0,0,0
51855378,1800.0,1000.0,4.0,,,0,0.09,0.13,0,0,0,0,0,0,0,1,0,0
37745919,,,,,,0,0.15,0.27,0,0,0,0,0,0,0,0,0,1
43436049,1800.0,1000.0,4.0,,,0,0.04,0.14,0,0,0,0,0,0,0,1,0,0
1006081,1500.0,900.0,3.0,,,0,0.19,0.46,0,0,0,0,0,0,0,0,0,0
58242947,1000.0,2200.0,5.0,,,0,0.16,0.18,0,0,0,0,0,0,0,1,0,0
37337327,1700.0,,0.0,2.0,,2,0.12,0.34,1,0,0,0,0,0,1,0,0,0
11069680,400.0,200.0,2.0,,,0,0.06,0.07,0,0,0,0,0,0,0,1,0,0
68120130,500.0,1800.0,3.0,,,0,0.18,0.22,0,0,0,0,0,0,0,1,0,0
74860293,2600.0,2500.0,8.0,,,0,0.45,0.92,1,0,0,0,1,0,0,0,0,0
3121655,2100.0,1800.0,5.0,,,0,0.03,0.13,0,0,0,0,0,0,0,1,0,0
56410040,900.0,1500.0,3.0,,,0,0.27,0.32,0,0,0,0,0,0,0,1,0,0
37993923,1400.0,2600.0,6.0,,,0,0.26,0.61,1,0,0,0,1,0,0,0,0,0
34492631,2000.0,2400.0,6.0,,,0,0.3,0.44,0,0,0,0,0,0,0,1,0,0
39520293,400.0,100.0,1.0,,,0,0.11,0.19,0,0,0,0,0,0,0,0,0,0
73218792,100.0,2300.0,4.0,,,0,18.84,19.3,0,0,0,0,0,0,0,1,0,0
67968069,,,,,,0,0.13,0.24,0,0,0,0,0,0,0,0,0,1
78922939,1500.0,1000.0,4.0,,,0,0.75,1.3,0,0,0,0,0,0,0,1,0,0
26387390,,,,,,0,0.12,0.24,0,0,0,0,0,0,0,0,0,1
56294501,,,,,,0,0.08,0.13,0,0,0,0,0,0,0,0,0,2
77075360,1800.0,1000.0,5.0,,,0,0.11,0.1,1,0,0,0,1,0,0,0,0,0
63977008,1300.0,500.0,3.0,,,0,0.12,0.17,0,0,0,0,0,0,0,0,0,0
60800381,2300.0,1300.0,5.0,,,0,0.18,0.13,1,0,0,0,1,0,0,0,0,0
16327715,2900.0,2300.0,8.0,,,0,0.27,0.2,1,0,0,0,1,0,0,0,0,0
23219323,2800.0,1800.0,7.0,,,0,0.23,0.24,0,0,0,0,0,0,0,1,0,0
38491199,300.0,200.0,1.0,,,0,0.49,0.9,0,0,0,0,0,0,0,1,0,0
10266279,300.0,200.0,10.0,,1.0,0,6.23,5.11,0,1,0,0,0,0,0,1,0,0
5914858,3100.0,3800.0,10.0,,,0,0.27,0.45,1,0,0,0,1,0,0,0,0,0
68231287,3500.0,2500.0,10.0,,,0,3.77,2.59,1,0,0,0,0,1,0,0,0,0
43871165,300.0,200.0,10.0,,1.0,0,0.14,0.15,0,1,0,0,0,0,0,1,0,0
59546797,1700.0,1300.0,4.0,,,0,0.1,0.15,0,0,0,0,0,0,0,1,0,0
78693036,3100.0,3100.0,11.0,,,0,3.98,3.44,1,0,0,0,1,0,0,0,0,0
65430834,,,,,,0,0.3,0.22,0,0,0,0,0,0,0,0,0,2
99531088,,,,,,0,0.06,0.14,0,0,0,0,0,0,0,0,0,1
10080320,,,,,,0,2.01,0.32,0,0,0,0,0,0,0,0,0,1
80727721,200.0,200.0,1.0,,,0,0.2,0.21,0,0,0,0,0,0,0,0,0,0
52553102,2500.0,2300.0,10.0,,,0,4.61,1.91,1,0,0,0,1,0,0,0,0,0
8594079,1000.0,1000.0,3.0,,,0,0.16,0.41,0,0,0,0,0,0,0,0,0,0
17948378,1700.0,800.0,3.0,,,0,0.43,0.4,0,0,0,0,0,0,0,0,0,0
43332022,1200.0,0.0,2.0,,,0,0.11,0.37,0,0,0,0,0,0,0,0,0,0
80032567,2100.0,1800.0,7.0,,,0,0.19,0.15,1,0,0,0,1,0,0,0,0,0
11012887,1700.0,400.0,4.0,,,0,0.5,0.74,0,0,0,0,0,0,0,1,0,0
16111820,2300.0,1500.0,6.0,,,0,0.2,0.54,0,0,0,0,0,0,0,1,0,0
71106375,1700.0,700.0,4.0,,,0,0.02,0.1,0,0,0,0,0,0,0,1,0,0
5479217,,,,,,0,0.12,0.15,0,0,0,0,0,0,0,0,0,2
93170499,500.0,1300.0,1.0,,,0,1.56,0.57,0,0,0,0,0,0,0,0,0,0
17548456,2800.0,2000.0,10.0,,,0,5.12,2.32,1,0,0,0,1,0,0,0,0,0
36717258,1500.0,1200.0,3.0,,,0,0.37,0.58,0,0,0,0,0,0,0,0,0,0
23927545,1700.0,1200.0,4.0,,,0,0.02,0.16,0,0,0,0,0,0,0,1,0,0
45711266,800.0,1500.0,3.0,,,0,0.22,0.96,0,0,0,0,0,0,0,1,0,0
44689688,2600.0,1700.0,7.0,,,0,0.09,0.23,0,0,0,0,0,0,0,1,0,0
48411996,500.0,400.0,2.0,,,0,0.16,0.37,0,0,0,0,0,0,0,1,0,0
20568404,1700.0,900.0,4.0,,,0,0.28,0.16,0,0,0,0,0,0,0,1,0,0
85028288,3000.0,2800.0,9.0,,,0,0.45,0.5,0,0,0,0,0,0,0,1,0,0
48411997,,,,,,0,0.0,0.0,0,0,0,0,0,0,0,0,0,4
62701967,2500.0,1400.0,7.0,,,0,0.06,0.16,0,0,0,0,0,0,0,1,0,0
59312550,1700.0,1000.0,4.0,,,0,0.05,0.15,0,0,0,0,0,0,0,1,0,0
65961683,-1.0,-1.0,5.0,,,0,0.18,0.18,1,0,0,0,1,0,0,0,0,0
89948817,,,,,,0,4.27,5.85,0,0,0,0,0,0,0,0,0,1
24068492,,,,,,0,0.02,0.81,0,0,0,0,0,0,0,0,0,2
25024929,,,,,,0,0.09,0.26,0,0,0,0,0,0,0,0,0,2
62271284,,,,,,0,0.05,0.13,0,0,0,0,0,0,0,0,0,2
26842483,1700.0,1000.0,4.0,,,0,0.48,0.77,0,0,0,0,0,0,0,1,0,0
26732909,1600.0,800.0,3.0,,,0,0.54,0.62,0,0,0,0,0,0,0,1,0,0
60410769,700.0,900.0,2.0,,,0,0.26,0.28,0,0,0,0,0,0,0,0,0,0
47960073,2200.0,1500.0,5.0,,,0,4.56,3.5,0,0,0,0,0,0,0,1,0,0
27420823,2300.0,1800.0,5.0,,,0,0.07,0.26,1,0,0,0,0,1,0,0,0,0
92248362,2100.0,1600.0,5.0,,,0,0.6,0.48,0,0,0,0,0,0,0,1,0,0
28642461,2000.0,1900.0,5.0,,,0,0.22,0.27,0,0,0,0,0,0,0,1,0,0
55031170,2000.0,1900.0,5.0,,,0,0.22,0.24,0,0,0,0,0,0,0,1,0,0
67515699,2600.0,2500.0,5.0,,,0,0.29,0.23,1,0,0,0,0,1,0,0,0,0
26585784,,,,,,0,0.04,0.14,0,0,0,0,0,0,0,0,0,2
27308231,,,,,,0,0.06,0.17,0,0,0,0,0,0,0,0,0,1
54919528,2500.0,2500.0,5.0,,,0,0.02,0.18,1,0,0,0,0,1,0,0,0,0
91025875,2300.0,200.0,5.0,,,0,0.28,3.73,0,0,0,0,0,0,0,1,0,0
31286915,3100.0,2600.0,9.0,,,0,0.58,0.87,1,0,0,0,0,1,0,0,0,0
90303227,3300.0,2500.0,9.0,,,0,0.19,0.25,1,0,0,0,0,1,0,0,0,0
53792930,,,,,,0,0.18,0.27,0,0,0,0,0,0,0,0,0,1
52768103,1000.0,1000.0,4.0,,,0,0.32,0.71,0,0,0,0,0,0,0,1,0,0
51934376,1700.0,1500.0,4.0,,,0,0.18,0.22,0,0,0,0,0,0,0,0,1,0
7541475,2300.0,2100.0,6.0,,,0,0.11,0.25,0,0,0,0,0,0,0,1,0,0
69069911,2100.0,1300.0,4.0,,,0,0.24,0.3,1,0,0,0,0,1,0,0,0,0
19353570,0.0,0.0,3.0,,,0,0.1,0.18,0,0,0,0,0,0,0,1,0,0
15401633,800.0,400.0,2.0,,,0,0.02,0.16,0,0,0,0,0,0,0,0,1,0
1498130,400.0,1800.0,2.0,,,0,0.36,0.67,0,0,0,0,0,0,0,0,0,0
39972130,,,,,,0,0.0,0.0,0,0,0,0,0,0,0,0,0,4
80600490,800.0,600.0,2.0,,,0,1.76,2.03,0,0,0,0,0,0,0,0,1,0
20065259,1600.0,2000.0,4.0,,,0,0.09,0.11,0,0,0,0,0,0,0,1,0,0
94656263,1100.0,1500.0,4.0,,,0,0.12,0.3,0,0,0,0,0,0,0,1,0,0
25847467,300.0,500.0,2.0,,,0,0.09,0.12,0,0,0,0,0,0,0,1,0,0
39049051,,,,,,0,0.12,0.19,0,0,0,0,0,0,0,0,0,1
71614230,2400.0,1000.0,5.0,,9.0,0,0.02,0.09,0,0,0,0,0,0,0,0,0,0
34627841,200.0,700.0,3.0,,,0,0.1,0.11,0,0,0,0,0,0,0,1,0,0
67768675,200.0,700.0,1.0,,,0,19.5,23.87,0,0,0,0,0,0,0,0,0,0
81057455,,,,,,0,0.09,0.1,0,0,0,0,0,0,0,0,0,2
60822251,1000.0,2100.0,5.0,,,0,0.14,0.22,0,0,0,0,0,0,0,1,0,0
20904475,3000.0,2000.0,10.0,,,0,0.13,0.17,0,0,0,0,0,0,0,1,0,0
76634149,1800.0,1500.0,5.0,,,0,0.38,1.72,0,0,0,0,0,0,0,0,1,0
95602345,,,,,,0,0.16,0.25,0,0,0,0,0,0,0,0,0,2
35059553,,,,,,0,0.38,0.86,0,0,0,0,0,0,0,0,0,1
94566432,2300.0,2000.0,7.0,,,0,8.28,1.44,1,0,1,0,0,0,0,0,0,0
52824910,2400.0,2200.0,6.0,,,0,0.07,0.02,0,0,0,0,0,0,0,1,0,0
41002238,2400.0,2200.0,6.0,,,0,0.48,0.31,0,0,0,0,0,0,0,1,0,0
17444133,1700.0,1650.0,4.0,,,0,0.05,0.07,0,0,0,0,0,0,0,1,0,0
6442944,2500.0,1000.0,8.0,,,0,0.05,0.01,0,0,0,0,0,0,0,1,0,0
93927067,1900.0,1200.0,5.0,,,0,0.17,0.3,0,0,0,0,0,0,0,1,0,0
50834074,1400.0,1000.0,4.0,,,0,0.34,1.98,0,0,0,0,0,0,0,1,0,0
25449584,1000.0,2100.0,5.0,,,0,0.05,0.13,0,0,0,0,0,0,0,1,0,0
97317530,200.0,1400.0,2.0,,,0,0.15,0.25,0,0,0,0,0,0,0,1,0,0
68928540,1150.0,1400.0,4.0,,,0,2.43,0.0,0,0,0,0,0,0,0,0,1,0
9653271,1900.0,1400.0,5.0,,,0,0.16,0.15,1,0,1,0,0,0,0,0,0,0
97570038,,,,,,0,0.13,0.15,0,0,0,0,0,0,0,0,0,1
91712985,0.0,0.0,10.0,,,0,0.29,0.26,0,0,0,0,0,0,0,1,0,0
41544074,1300.0,1100.0,4.0,,,0,4.02,37.5,1,0,1,0,0,0,0,0,0,0
72439556,200.0,1000.0,2.0,,,0,1.07,0.27,0,0,0,0,0,0,0,1,0,0
12829151,1400.0,1400.0,4.0,,,0,4.99,1.73,0,0,0,0,0,0,0,0,1,0
95789089,800.0,700.0,4.0,,,0,0.11,0.16,0,0,0,0,0,0,0,1,0,0
84103702,650.0,900.0,3.0,,,0,0.63,0.0,0,0,0,0,0,0,0,0,1,0
6284176,2400.0,2400.0,6.0,,,0,0.2,0.27,1,0,0,0,0,1,0,0,0,0
48109103,1200.0,900.0,3.0,,,0,0.0,0.0,0,0,0,0,0,0,0,0,1,0
85541675,,,,,,0,0.36,0.69,0,0,0,0,0,0,0,0,0,1
92300891,400.0,400.0,2.0,,,0,1.28,0.43,0,0,0,0,0,0,0,0,0,0
49296203,2000.0,1500.0,5.0,,,0,0.05,0.16,0,0,0,0,0,0,0,1,0,0
39118197,1800.0,600.0,4.0,,,0,0.27,0.28,0,0,0,0,0,0,0,1,0,0
80204957,,,,,,0,0.1,0.16,0,0,0,0,0,0,0,0,0,1
3693034,,,,,,0,0.04,0.15,0,0,0,0,0,0,0,0,0,2
2924048,,,,,,0,0.74,0.83,0,0,0,0,0,0,0,0,0,2
75690317,200.0,1000.0,1.0,,,0,0.07,0.19,0,0,0,0,0,0,0,0,0,0
11699941,,,,,,0,0.06,0.19,0,0,0,0,0,0,0,0,0,1
16708652,,,,,,0,0.02,0.13,0,0,0,0,0,0,0,0,0,1
79178930,,,,,,0,1.97,1.62,0,0,0,0,0,0,0,0,0,2
24621460,0.0,1900.0,3.0,,,0,0.15,0.26,0,0,0,0,0,0,0,0,0,0
30230789,500.0,1500.0,2.0,,,0,3.84,6.61,0,0,0,0,0,0,0,1,0,0
24150026,2100.0,1100.0,4.0,,,0,1.7,0.71,0,0,0,0,0,0,0,1,0,0
93724592,1200.0,1200.0,3.0,,,0,4.21,7.12,0,0,0,0,0,0,0,1,0,0
50615578,2200.0,1800.0,5.0,,,0,0.2,0.26,0,0,0,0,0,0,0,1,0,0
6276588,1700.0,1500.0,4.0,,,0,0.15,0.2,0,0,0,0,0,0,0,1,0,0
23874409,2600.0,1900.0,7.0,,,0,1.0,0.48,1,0,0,0,1,0,0,0,0,0
22751868,,,,,,0,0.44,0.37,0,0,0,0,0,0,0,0,0,1
3846170,1400.0,200.0,4.0,,,0,0.17,0.3,0,0,0,0,0,0,0,1,0,0
45688586,400.0,500.0,2.0,,,0,0.14,0.13,0,0,0,0,0,0,0,1,0,0
66976526,2800.0,1700.0,8.0,,,0,0.37,2.87,1,0,0,0,1,0,0,0,0,0
66625883,500.0,1600.0,3.0,,,0,0.51,1.56,0,0,0,0,0,0,0,0,0,0
25904894,3000.0,1500.0,9.0,,,0,0.17,0.12,1,0,0,0,1,0,0,0,0,0
33184236,,,,,,0,0.19,0.28,0,0,0,0,0,0,0,0,0,2
70271583,600.0,1800.0,4.0,,,0,0.28,0.35,0,0,0,0,0,0,0,0,0,0
23289281,1000.0,1000.0,3.0,,,0,0.06,0.1,0,0,0,0,0,0,0,1,0,0
54541900,1500.0,1200.0,4.0,,,0,0.15,0.45,1,0,1,0,0,0,0,0,0,0
101403044,2500.0,600.0,7.0,,,0,0.0,0.0,1,0,0,0,0,1,0,0,0,0
71587526,,,,,,0,1.24,1.46,0,0,0,0,0,0,0,0,0,2
78348934,,,,,,0,0.1,0.24,0,0,0,0,0,0,0,0,0,1
52512994,-1.0,1000.0,8.0,,,0,0.08,0.11,0,0,0,0,0,0,0,1,0,0
82286798,,,,,,0,0.08,0.1,0,0,0,0,0,0,0,0,0,1
48626373,3000.0,3000.0,7.0,,,0,16.75,12.64,1,0,0,0,0,1,0,0,0,0
33925864,,,,,,0,0.07,0.2,0,0,0,0,0,0,0,0,0,2
69540484,,,,,,0,0.48,1.89,0,0,0,0,0,0,0,0,0,1
32909498,2400.0,2400.0,7.0,,,0,1.57,0.66,0,0,0,0,0,0,0,1,0,0
94392192,2800.0,1000.0,7.0,,,0,0.12,0.25,0,0,0,0,0,0,0,1,0,0
8953369,,,,,,0,0.08,0.16,0,0,0,0,0,0,0,0,0,1
21639276,,,,,,0,0.04,0.18,0,0,0,0,0,0,0,0,0,2
31149212,1500.0,2100.0,4.0,,,0,6.85,5.95,0,0,0,0,0,0,0,1,0,0
73542331,0.0,3000.0,7.0,,,0,0.45,0.41,1,0,0,0,0,1,0,0,0,0
68304193,2500.0,2100.0,7.0,,,0,0.34,0.21,0,0,0,0,0,0,0,1,0,0
34447918,,,,,,0,3.52,8.21,0,0,0,0,0,0,0,0,0,1
81179446,250.0,300.0,1.0,,,0,2.2,0.0,0,0,0,0,0,0,0,0,1,0
51554871,1200.0,200.0,3.0,,,0,0.06,0.14,0,0,0,0,0,0,0,1,0,0
62340868,2400.0,2200.0,7.0,,,0,0.09,0.19,0,0,0,0,0,0,0,1,0,0
99529628,0.0,1500.0,2.0,,,0,0.33,0.35,0,0,0,0,0,0,0,1,0,0
66736884,1800.0,,,2.0,,2,0.02,0.15,1,0,0,0,0,0,1,0,0,0
48048590,1800.0,1300.0,4.0,,,0,0.07,0.12,0,0,0,0,0,0,0,1,0,0
66752837,0.0,2100.0,4.0,,,0,0.07,0.09,0,0,0,0,0,0,0,1,0,0
54878498,1500.0,1800.0,4.0,,,0,0.1,0.1,0,0,0,0,0,0,0,1,0,0
25926710,1500.0,1800.0,4.0,,,0,1.5,0.45,0,0,0,0,0,0,0,1,0,0
80441106,1200.0,1600.0,4.0,,,0,0.07,0.06,0,0,0,0,0,0,0,1,0,0
63542003,1200.0,1600.0,4.0,,,0,0.71,1.53,0,0,0,0,0,0,0,1,0,0
25131968,1300.0,1550.0,3.0,,,0,0.11,0.15,0,0,0,0,0,0,0,1,0,0
98518633,200.0,200.0,1.0,,,0,0.11,0.25,0,0,0,0,0,0,0,0,0,0
94503794,700.0,2500.0,7.0,,,0,0.07,0.12,1,0,0,0,0,1,0,0,0,0
6153210,,,,,,0,0.02,0.19,0,0,0,0,0,0,0,0,0,1
62383431,400.0,2400.0,8.0,,,0,0.44,0.3,0,0,0,0,0,0,0,1,0,0
65961304,3200.0,0.0,10.0,,,0,0.3,0.24,1,0,0,0,1,0,0,0,0,0
43904702,800.0,1000.0,2.0,,,0,0.2,0.26,0,0,0,0,0,0,0,0,0,0
39576656,800.0,2000.0,5.0,,,0,0.19,0.33,1,0,0,0,1,0,0,0,0,0
16387555,900.0,1900.0,3.0,,,0,2.4,2.84,0,0,0,0,0,0,0,0,0,0
41069676,0.0,3000.0,6.0,,,0,0.1,0.13,1,0,0,0,1,0,0,0,0,0
16509007,100.0,2000.0,2.0,,,0,2.42,2.26,0,0,0,0,0,0,0,0,0,0
40847034,,,,,,0,0.07,0.18,0,0,0,0,0,0,0,0,0,2
89392810,1500.0,800.0,3.0,,,0,2.5,3.42,0,0,0,0,0,0,0,0,0,0
88170262,1500.0,2000.0,5.0,,,0,0.21,0.2,1,0,0,0,1,0,0,0,0,0
17209452,100.0,800.0,1.0,,,0,1.14,1.53,0,0,0,0,0,0,0,0,0,0
15665977,1700.0,2400.0,5.0,,,0,1.45,0.66,1,0,0,0,1,0,0,0,0,0
78058681,,,,,,0,5.47,4.13,0,0,0,0,0,0,0,0,0,1
42781164,0.0,2500.0,4.0,,,0,0.14,0.16,1,0,0,0,1,0,0,0,0,0
1929294,400.0,300.0,1.0,,,0,0.78,0.72,0,0,0,0,0,0,0,0,1,0
20541432,1050.0,1200.0,4.0,,,0,73.47,32.99,0,0,0,0,0,0,0,0,1,0
23168060,1000.0,500.0,2.0,,,0,0.08,0.3,0,0,0,0,0,0,0,1,0,0
135598,100.0,100.0,1.0,,,0,0.16,0.25,0,0,0,0,0,0,0,0,0,0
72578374,2500.0,2500.0,8.0,,,0,0.12,0.3,1,0,1,0,0,0,0,0,0,0
11501629,,,,,,0,4.76,1.76,0,0,0,0,0,0,0,0,0,2
10759529,,,,,,0,0.21,0.25,0,0,0,0,0,0,0,0,0,2
35629124,100.0,200.0,3.0,,,0,0.03,0.13,0,0,0,0,0,0,0,1,0,0
27240101,0.0,0.0,1.0,,,0,0.32,0.51,1,0,0,0,0,1,0,0,0,0
88979991,1200.0,1000.0,4.0,,,0,0.15,0.24,0,0,0,0,0,0,0,0,1,0
63972571,3000.0,1200.0,8.0,,,0,0.07,0.18,0,0,0,0,0,0,0,1,0,0
13756293,2400.0,1100.0,7.0,,,0,0.48,1.15,1,0,1,0,0,0,0,0,0,0
84686841,1000.0,900.0,3.0,,,0,0.02,0.09,0,0,0,0,0,0,0,0,1,0
501000002,3000.0,2500.0,10.0,,,0,0.5,0.0,0,0,0,0,0,0,0,1,0,0
4271596,1400.0,2700.0,8.0,,,0,0.09,0.18,0,0,0,0,0,0,0,1,0,0
67757079,2500.0,800.0,7.0,,,0,13.21,25.81,0,0,0,0,0,0,0,1,0,0
11398059,2300.0,2000.0,4.0,,,0,0.1,0.12,1,0,0,0,0,1,0,0,0,0
36021814,-1.0,0.0,1.0,,,0,1.04,1.5,0,0,0,0,0,0,0,1,0,0
79109599,500.0,1100.0,3.0,,,0,0.14,0.27,0,0,0,0,0,0,0,1,0,0
50071178,2600.0,2300.0,7.0,,,0,0.0,0.0,0,0,0,0,0,0,0,1,0,0
69455834,2000.0,1530.0,5.0,,,0,0.1,0.2,0,0,0,0,0,0,0,0,1,0
20438745,1500.0,500.0,5.0,,,0,0.15,0.11,0,0,0,0,0,0,0,0,0,0
60433216,,,,,,0,0.05,0.11,0,0,0,0,0,0,0,0,0,2
83986578,1700.0,1000.0,4.0,,,0,0.99,1.86,0,0,0,0,0,0,0,1,0,0
24590232,,,,,,0,0.46,0.46,0,0,0,0,0,0,0,0,0,2
64788463,1600.0,1400.0,4.0,,,0,0.02,0.07,0,0,0,0,0,0,0,1,0,0
17269895,,,,,,0,0.13,0.15,0,0,0,0,0,0,0,0,0,2
16528181,,,,,,0,2.03,2.85,0,0,0,0,0,0,0,0,0,1
27503418,,,,,,0,0.04,0.12,0,0,0,0,0,0,0,0,0,2
9251497,,,,,,0,0.16,0.14,0,0,0,0,0,0,0,0,0,2
45452224,400.0,200.0,1.0,,,0,0.1,0.12,0,0,0,0,0,0,0,0,0,0
84814897,2000.0,1500.0,5.0,,,0,0.02,0.28,0,0,0,0,0,0,0,1,0,0
4266839,300.0,800.0,2.0,,,0,0.02,0.21,0,0,0,0,0,0,0,1,0,0
60519422,,,,,,0,0.06,0.6,0,0,0,0,0,0,0,0,0,1
16960120,500.0,1700.0,3.0,,,0,2.37,2.39,0,0,0,0,0,0,0,1,0,0
3361010,200.0,1900.0,3.0,,,0,0.04,0.08,0,0,0,0,0,0,0,1,0,0
64475743,200.0,200.0,2.0,,,0,0.06,0.16,0,0,0,0,0,0,0,1,0,0
82627406,1800.0,1200.0,5.0,,,0,0.53,1.15,0,0,0,0,0,0,0,1,0,0
98007437,1400.0,1900.0,3.0,,,0,0.11,0.19,0,0,0,0,0,0,0,1,0,0
15767889,1700.0,1600.0,4.0,,,0,0.06,0.07,0,0,0,0,0,0,0,0,0,0
75901113,1900.0,1200.0,4.0,,,0,0.11,0.17,0,0,0,1,0,0,0,1,0,0
300204002,,,,,,0,0.09,0.19,0,0,0,0,0,0,0,0,0,3
46237548,2100.0,1800.0,6.0,,,0,3.99,3.39,0,0,0,0,0,0,0,1,0,0
13450581,350.0,200.0,3.0,,,0,0.0,0.0,0,0,0,0,0,0,0,1,0,0
87210505,,,,,,0,4.02,0.63,0,0,0,0,0,0,0,0,0,1
75452921,1600.0,,0.0,2.0,,2,0.34,0.45,1,0,0,0,0,0,1,0,0,0
10158145,0.0,0.0,2.0,,,0,0.46,0.41,0,0,0,0,0,0,0,1,0,0
39064822,1300.0,,0.0,2.0,,2,2.58,1.93,1,0,0,0,0,0,1,0,0,0
65330383,2500.0,,0.0,4.0,,4,0.14,0.15,1,0,0,0,0,0,1,0,0,0
9794980,2100.0,2100.0,9.0,,,0,0.27,0.2,0,0,0,0,0,0,0,1,0,0
3679218,1000.0,,0.0,1.0,,1,0.3,0.25,1,0,0,0,0,0,1,0,0,0
2857636,1900.0,,0.0,2.0,,2,0.02,0.16,1,0,0,0,0,0,1,0,0,0
38342335,2200.0,,0.0,3.0,,3,0.09,0.16,1,0,0,0,0,0,1,0,0,0
39037517,1900.0,1500.0,4.0,,,0,0.24,0.13,0,0,0,0,0,0,0,1,0,0
80367387,2000.0,200.0,4.0,,,0,4.98,3.7,0,0,0,0,0,0,0,1,0,0
6320631,1200.0,1000.0,4.0,,,0,0.11,0.21,0,0,0,0,0,0,0,1,0,0
32314730,1900.0,1300.0,4.0,,,0,2.32,5.24,0,0,0,0,0,0,0,1,0,0
80925836,1700.0,800.0,3.0,,,0,0.1,0.21,0,0,0,0,0,0,0,1,0,0
12435193,1900.0,1600.0,4.0,,,0,1.15,1.11,0,0,0,0,0,0,0,1,0,0
5817857,2500.0,1700.0,5.0,,,0,1.44,0.58,0,0,0,0,0,0,0,1,0,0
41201555,1900.0,1300.0,4.0,,,0,5.58,12.36,0,0,0,0,0,0,0,1,0,0
45041488,1900.0,1200.0,4.0,,,0,0.66,1.51,0,0,0,0,0,0,0,1,0,0
31692182,1000.0,1900.0,3.0,,,0,0.06,0.12,0,0,0,0,0,0,0,1,0,0
54520292,1900.0,1200.0,4.0,,,0,0.3,0.38,0,0,0,0,0,0,0,1,0,0
91985515,,,,,,0,0.15,0.09,0,0,0,0,0,0,0,0,0,1
65026212,3000.0,2500.0,8.0,,,0,2.69,1.53,0,0,0,0,0,0,0,1,0,0
14309486,1900.0,1200.0,4.0,,,0,0.18,0.22,0,0,0,0,0,0,0,1,0,0
19642889,2100.0,1600.0,4.0,,,0,1.68,1.72,0,0,0,0,0,0,0,1,0,0
176392,1800.0,1800.0,4.0,,,0,0.2,0.22,0,0,0,0,0,0,0,1,0,0
10060427,2800.0,2200.0,7.0,,,0,0.94,0.71,0,0,0,0,0,0,0,1,0,0
49680980,1900.0,1200.0,4.0,,,0,0.08,0.16,0,0,0,0,0,0,0,1,0,0
74576482,1900.0,1200.0,4.0,,,0,0.14,0.11,0,0,0,0,0,0,0,1,0,0
12216615,,,,,,0,0.46,0.11,0,0,0,0,0,0,0,0,0,2
68809475,1200.0,2200.0,3.0,,,0,0.15,0.15,0,0,0,0,0,0,0,1,0,0
80839052,1400.0,1600.0,4.0,,,0,0.39,0.33,0,0,0,0,0,0,0,1,0,0
176393,,,,,,0,0.0,0.0,0,0,0,0,0,0,0,0,0,4
95204084,1500.0,1200.0,4.0,,,0,0.12,0.24,0,0,0,0,0,0,0,1,0,0
30936186,2000.0,1500.0,4.0,,,0,7.72,4.48,0,0,0,0,0,0,0,1,0,0
72258771,3000.0,2100.0,8.0,,,0,2.09,1.01,0,0,0,0,0,0,0,1,0,0
66816282,1900.0,1200.0,4.0,,,0,0.08,0.2,0,0,0,0,0,0,0,1,0,0
95090813,1400.0,1200.0,4.0,,,0,0.31,0.14,0,0,0,0,0,0,0,1,0,0
46089249,,,,,,0,0.09,0.08,0,0,0,0,0,0,0,0,0,1
7243511,2800.0,200.0,6.0,,,0,0.23,0.23,1,0,1,0,0,0,0,0,0,0
55359571,2200.0,2200.0,7.0,,,0,0.02,0.09,0,0,0,0,0,0,0,1,0,0
69456283,200.0,100.0,10.0,,,0,0.07,0.64,0,0,0,0,0,0,0,1,0,0
1184620,1500.0,1200.0,4.0,,,0,0.05,0.11,0,0,0,0,0,0,0,0,1,0
57722593,1300.0,1300.0,3.0,,,0,0.02,0.17,0,0,0,0,0,0,0,0,0,0
32569498,550.0,400.0,2.0,,,0,0.0,0.0,0,0,0,0,0,0,0,0,1,0
19406822,0.0,1600.0,3.0,,,0,0.04,0.1,0,0,0,0,0,0,0,1,0,0
67724379,1500.0,1200.0,4.0,,,0,0.02,0.78,0,0,0,0,0,0,0,0,1,0
99171160,400.0,400.0,1.0,,,0,0.27,0.72,0,0,0,0,0,0,0,0,1,0
21908319,,,,,,0,0.3,0.29,0,0,0,0,0,0,0,0,0,2
55885348,3000.0,1800.0,8.0,,,0,0.39,0.26,0,0,0,0,0,0,0,1,0,0
64063868,3000.0,2600.0,9.0,,,0,9.19,9.75,0,0,0,0,0,0,0,1,0,0
85991529,4000.0,4000.0,10.0,,,0,3.38,5.29,0,0,0,0,0,0,0,1,0,0
37679169,2000.0,2000.0,5.0,,,0,0.23,0.19,0,0,0,0,0,0,0,1,0,0
29491334,2000.0,2400.0,6.0,,,0,0.5,0.48,0,0,0,0,0,0,0,1,0,0
31061682,1500.0,1000.0,3.0,,,0,4.4,5.16,0,0,0,0,0,0,0,1,0,0
20849090,2800.0,1400.0,7.0,,,0,0.34,0.32,0,0,0,0,0,0,0,1,0,0
67050396,1800.0,1000.0,4.0,,,0,0.66,0.73,0,0,0,0,0,0,0,1,0,0
59496924,2400.0,1200.0,6.0,,,0,0.29,0.2,0,0,0,0,0,0,0,1,0,0
82270047,,,,,,0,0.09,0.15,0,0,0,0,0,0,0,0,0,1
86013171,1200.0,500.0,2.0,,,0,0.19,0.25,0,0,0,0,0,0,0,1,0,0
94454495,2300.0,800.0,5.0,,,0,0.15,0.61,0,0,0,0,0,0,0,1,0,0
1274455,1000.0,1000.0,3.0,,,0,0.16,0.35,0,0,0,0,0,0,0,1,0,0
56907986,500.0,1800.0,2.0,,,0,2.17,2.19,0,0,0,0,0,0,0,1,0,0
64280356,0.0,0.0,1.0,,,0,0.32,0.4,0,0,0,0,0,0,0,1,0,0
90452877,,,,,,0,0.18,0.19,0,0,0,0,0,0,0,0,0,2
12408276,2200.0,1800.0,5.0,,,0,0.23,0.49,0,0,0,0,0,0,0,1,0,0
93302695,1900.0,300.0,4.0,,,0,0.14,0.2,0,0,0,0,0,0,0,1,0,0
67237709,,,,,,0,0.13,0.24,0,0,0,0,0,0,0,0,0,1
12385638,,,,,,0,0.06,0.18,0,0,0,0,0,0,0,0,0,2
15710054,500.0,1800.0,2.0,,,0,0.09,0.21,0,0,0,0,0,0,0,1,0,0
46083111,1300.0,600.0,2.0,,,0,0.11,0.16,0,0,0,0,0,0,0,1,0,0
51205763,700.0,1500.0,2.0,,,0,0.07,0.18,0,0,0,0,0,0,0,1,0,0
10698416,1100.0,900.0,2.0,,,0,0.04,0.1,0,0,0,0,0,0,0,1,0,0
83293307,900.0,1200.0,2.0,,,0,0.06,0.05,0,0,0,0,0,0,0,1,0,0
63526052,2000.0,2500.0,6.0,,,0,0.12,0.08,0,0,0,0,0,0,0,1,0,0
88316955,300.0,2100.0,2.0,,,0,0.07,0.15,0,0,0,0,0,0,0,1,0,0
59575539,1200.0,400.0,2.0,,,0,0.37,0.43,0,0,0,0,0,0,0,0,0,0
37006702,1800.0,700.0,4.0,,,0,0.1,0.17,0,0,0,0,0,0,0,1,0,0
76512652,1100.0,1200.0,4.0,,,0,0.0,0.0,0,0,0,0,0,0,0,0,1,0
20960340,,,,,,0,0.18,0.14,0,0,0,0,0,0,0,0,0,2
77363314,2500.0,1000.0,6.0,,,0,0.22,0.25,0,0,0,0,0,0,0,1,0,0
82642348,1000.0,1700.0,4.0,,,0,0.25,0.19,0,0,0,0,0,0,0,1,0,0
20087414,,,,,,0,0.02,0.07,0,0,0,0,0,0,0,0,0,2
87837090,2500.0,1900.0,7.0,,,0,0.08,0.2,1,0,0,0,1,0,0,0,0,0
24384095,1200.0,900.0,3.0,,,0,0.08,0.15,0,0,0,0,0,0,0,1,0,0
78543464,,,,,,0,0.1,0.23,0,0,0,0,0,0,0,0,0,1
52123534,2500.0,1800.0,4.0,,,0,0.08,0.92,1,0,0,0,0,1,0,0,0,0
29726552,2400.0,2500.0,7.0,,,0,0.22,0.48,0,0,0,0,0,0,0,1,0,0
56283725,700.0,1400.0,3.0,,,0,0.02,0.1,0,0,0,0,0,0,0,0,1,0
37390589,,,,,,0,0.05,0.1,0,0,0,0,0,0,0,0,0,2
56514812,1800.0,1000.0,4.0,,,0,0.08,0.16,0,0,0,0,0,0,0,1,0,0
85705804,800.0,800.0,3.0,,,0,0.02,0.12,0,0,0,0,0,0,0,0,1,0
57666212,2400.0,1000.0,6.0,,,0,0.58,0.54,0,0,0,0,0,0,0,1,0,0
70914287,1500.0,1000.0,5.0,,,0,0.2,0.52,0,0,0,0,0,0,0,1,0,0
44632120,300.0,200.0,1.0,,,0,0.27,0.67,0,0,0,0,0,0,0,1,0,0
16404809,1000.0,700.0,3.0,,,0,0.07,0.12,0,0,0,0,0,0,0,1,0,0
71036835,300.0,200.0,1.0,,,0,0.23,0.71,0,0,0,0,0,0,0,1,0,0
34419588,300.0,200.0,1.0,,,0,0.25,0.55,0,0,0,0,0,0,0,1,0,0
40640057,300.0,200.0,1.0,,,0,0.06,0.22,0,0,0,0,0,0,0,1,0,0
14965712,300.0,200.0,1.0,,,0,2.39,2.46,0,0,0,0,0,0,0,1,0,0
40703223,,,,,,0,0.45,0.63,0,0,0,0,0,0,0,0,0,4
78355370,300.0,200.0,1.0,,,0,0.02,0.31,0,0,0,0,0,0,0,1,0,0
47432275,300.0,200.0,1.0,,,0,0.1,0.14,0,0,0,0,0,0,0,1,0,0
34873741,300.0,200.0,1.0,,,0,0.13,0.15,0,0,0,0,0,0,0,1,0,0
7021574,300.0,200.0,1.0,,,0,0.23,0.69,0,0,0,0,0,0,0,1,0,0
35405755,1500.0,1500.0,1.0,,,0,6.97,6.86,0,0,0,0,0,0,0,1,0,0
66102515,300.0,200.0,1.0,,,0,0.09,0.17,0,0,0,0,0,0,0,1,0,0
35112613,300.0,200.0,1.0,,,0,0.2,0.37,0,0,0,0,0,0,0,1,0,0
40817915,300.0,200.0,1.0,,,0,0.09,0.13,0,0,0,0,0,0,0,1,0,0
77511331,2400.0,1000.0,5.0,,9.0,0,0.08,0.11,0,0,0,0,0,0,0,0,0,0
60802233,1250.0,1000.0,4.0,,,0,0.15,0.13,0,0,0,0,0,0,0,0,1,0
65325949,2800.0,1500.0,8.0,,,0,0.12,0.24,0,0,0,0,0,0,0,1,0,0
95144193,1900.0,1700.0,6.0,,,0,0.02,0.24,1,0,1,0,0,0,0,0,0,0
88240808,1800.0,700.0,4.0,,,0,1.1,1.99,0,0,0,0,0,0,0,1,0,0
93509766,3000.0,1200.0,10.0,,,0,0.15,0.17,0,0,0,0,0,0,0,1,0,0
56111151,,,,,,0,0.07,0.09,0,0,0,0,0,0,0,0,0,1
47028805,0.0,1200.0,2.0,,,0,0.02,0.04,0,0,0,0,0,0,0,1,0,0
97590747,1800.0,1000.0,4.0,,,0,0.09,0.08,0,0,0,0,0,0,0,0,1,0
62514770,0.0,2400.0,6.0,,,0,0.26,0.61,0,0,0,0,0,0,0,0,1,0
48745395,2000.0,2800.0,7.0,,,0,0.07,0.13,0,0,0,0,0,0,0,1,0,0
68779682,,,,,,0,0.1,0.17,0,0,0,0,0,0,0,0,0,2
37629703,1500.0,0.0,3.0,,,0,0.1,0.12,0,0,0,0,0,0,0,1,0,0
2511,0.0,0.0,1.0,,,0,0.06,0.1,0,0,0,0,0,0,0,1,0,0
33407125,,,,,,0,0.21,0.27,0,0,0,0,0,0,0,0,0,1
69895264,,,,,,0,0.13,0.18,0,0,0,0,0,0,0,0,0,1
74018812,0.0,2000.0,2.0,,,0,0.1,0.15,0,0,0,0,0,0,0,1,0,0
35026117,2400.0,2400.0,7.0,,,0,0.23,0.23,0,0,0,0,0,0,0,1,0,0
66526672,,,,,,0,0.06,0.09,0,0,0,0,0,0,0,0,0,2
99551425,2400.0,2400.0,7.0,,,0,0.29,0.24,1,0,1,0,0,0,0,0,0,0
67284908,0.0,3000.0,5.0,,,0,0.04,0.1,0,0,0,0,0,0,0,0,1,0
34771947,,,,,,0,0.11,0.24,0,0,0,0,0,0,0,0,0,1
28803166,1200.0,1200.0,4.0,,,0,0.89,0.51,0,0,0,0,0,0,0,1,0,0
90147755,1500.0,1000.0,4.0,,,0,0.02,0.22,0,0,0,0,0,0,0,1,0,0
16188701,1700.0,1400.0,4.0,,,0,0.71,0.44,0,0,0,0,0,0,0,1,0,0
81497285,3000.0,2900.0,8.0,,,0,1.23,0.97,0,0,0,0,0,0,0,1,0,0
82005435,1100.0,200.0,3.0,,,0,0.38,1.78,0,0,0,0,0,0,0,1,0,0
67511500,1500.0,1100.0,4.0,,,0,0.18,0.24,0,0,0,0,0,0,0,1,0,0
17358176,1100.0,800.0,3.0,,,0,0.05,0.31,0,0,0,0,0,0,0,0,1,0
10736540,200.0,1800.0,1.0,,,0,1.22,1.76,0,0,0,0,0,0,0,0,0,0
38480590,1400.0,1300.0,4.0,,,0,0.02,0.13,0,0,0,0,0,0,0,1,0,0
48658295,2000.0,3000.0,8.0,,,0,5.3,4.34,1,0,1,0,0,0,0,0,0,0
74615388,2500.0,2500.0,9.0,,,0,0.02,0.08,1,0,0,0,0,1,0,0,0,0
6260560,1000.0,,,2.0,,2,0.19,0.18,1,0,0,0,0,0,1,0,0,0
59160188,,,,,,0,0.09,0.23,0,0,0,0,0,0,0,0,0,1
81128478,,,,,,0,0.41,0.48,0,0,0,0,0,0,0,0,0,2
9430387,600.0,600.0,2.0,,,0,2.83,0.0,0,0,0,0,0,0,0,0,1,0
60764582,,,,,,0,1.02,0.0,0,0,0,0,0,0,0,0,0,4
84900597,1300.0,1500.0,4.0,,,0,0.23,0.32,0,0,0,0,0,0,0,1,0,0
75850803,1200.0,1700.0,5.0,,,0,0.0,0.0,0,0,0,0,0,0,0,0,1,0
96402918,3300.0,2700.0,10.0,,,0,0.11,0.11,1,0,0,0,1,0,0,0,0,0
48940337,2500.0,800.0,6.0,,7.0,0,0.13,0.39,0,1,0,0,0,0,0,0,1,0
79418153,1600.0,1400.0,4.0,,,0,0.12,0.35,0,0,0,0,0,0,0,1,0,0
11125718,1500.0,1800.0,4.0,,,0,0.25,0.14,0,0,0,0,0,0,0,1,0,0
46272804,1800.0,1200.0,4.0,,,0,0.1,0.16,0,0,0,0,0,0,0,1,0,0
61264008,,,,,,0,0.02,0.05,0,0,0,0,0,0,0,0,0,1
300302033,,,,,,0,0.0,0.0,0,0,0,0,0,0,0,0,0,3
74717840,,,,,,0,0.26,0.37,0,0,0,0,0,0,0,0,0,1
95993388,800.0,1000.0,4.0,,,0,0.02,1.55,0,0,0,0,0,0,0,1,0,0
47914440,,,,,,0,0.05,0.1,0,0,0,0,0,0,0,0,0,2
77637979,1200.0,,0.0,2.0,,2,0.02,0.22,1,0,0,0,0,0,1,0,0,0
70156946,1500.0,900.0,4.0,,,0,0.1,0.29,0,0,0,0,0,0,0,1,0,0
3111207,0.0,2600.0,5.0,,,0,0.21,0.22,0,0,0,0,0,0,0,0,0,0
87756343,500.0,400.0,2.0,,,0,0.02,0.19,0,0,0,0,0,0,0,1,0,0
94675535,800.0,1000.0,3.0,,,0,0.02,0.07,0,0,0,0,0,0,0,0,1,0
77007920,,,,,,0,0.02,0.13,0,0,0,0,0,0,0,0,0,1
43034264,,,,,,0,0.05,0.11,0,0,0,0,0,0,0,0,0,1
27993919,2300.0,1400.0,6.0,,3.0,0,0.18,0.22,0,1,0,0,0,0,0,1,0,0
66970385,,,,,,0,0.98,0.95,0,0,0,0,0,0,0,0,0,1
86049351,,,,,,0,0.05,0.06,0,0,0,0,0,0,0,0,0,2
90330453,,,,,,0,0.1,0.18,0,0,0,0,0,0,0,0,0,1
300202005,,,,,,0,0.15,0.24,0,0,0,0,0,0,0,0,0,3
50847759,,,,,,0,0.26,0.25,0,0,0,0,0,0,0,0,0,1
95254840,,,,,,0,0.06,0.11,0,0,0,0,0,0,0,0,0,2
97970833,,,,,,0,0.17,0.12,0,0,0,0,0,0,0,0,0,2
28566710,,,,,,0,1.05,3.9,0,0,0,0,0,0,0,0,0,2
85602018,,,,,,0,0.25,1.89,0,0,0,0,0,0,0,0,0,1
3560069,0.0,0.0,1.0,,,0,0.15,0.18,0,0,0,0,0,0,0,1,0,0
15667446,1500.0,2400.0,6.0,,,0,0.1,0.15,0,0,0,0,0,0,0,1,0,0
42591472,900.0,500.0,2.0,,,0,0.82,0.0,0,0,0,0,0,0,0,0,1,0
80275707,1000.0,1700.0,4.0,,,0,0.02,0.07,0,0,0,0,0,0,0,1,0,0
35911108,1700.0,1200.0,4.0,,,0,0.02,0.07,0,0,0,0,0,0,0,1,0,0
87322377,2200.0,2500.0,7.0,,,0,0.06,0.08,0,0,0,0,0,0,0,0,1,0
13171876,500.0,1600.0,2.0,,,0,0.09,0.13,0,0,0,0,0,0,0,1,0,0
79371769,,,,,,0,0.04,0.13,0,0,0,0,0,0,0,0,0,2
20394040,1550.0,1800.0,5.0,,,0,0.09,0.17,0,0,0,0,0,0,0,1,0,0
41741922,1600.0,1200.0,4.0,,,0,0.05,0.11,0,0,0,0,0,0,0,1,0,0
102380,3000.0,2500.0,8.0,,,0,0.1,0.95,0,0,0,0,0,0,0,1,0,0
101403031,3000.0,2500.0,8.0,,,0,0.0,0.0,1,0,1,0,0,0,0,0,0,0
30303854,1000.0,200.0,4.0,,,0,0.19,0.19,0,0,0,0,0,0,0,1,0,0
11834972,1200.0,800.0,4.0,,,0,0.18,0.21,0,0,0,0,0,0,0,1,0,0
88958576,2100.0,1000.0,5.0,,,0,0.19,0.28,0,0,0,0,0,0,0,1,0,0
38492752,1600.0,900.0,4.0,,,0,0.02,0.81,0,0,0,0,0,0,0,1,0,0
45439263,1300.0,700.0,2.0,,,0,0.36,0.32,0,0,0,0,0,0,0,0,0,0
31632536,2400.0,200.0,5.0,,,0,0.08,0.2,1,0,0,0,1,0,0,0,0,0
15169262,300.0,200.0,2.0,,,0,0.14,0.25,0,0,0,0,0,0,0,0,0,0
14047624,2700.0,1800.0,7.0,,,0,0.34,0.27,0,0,0,0,0,0,0,1,0,0
8041569,200.0,200.0,3.0,,,0,1.76,0.85,0,0,0,0,0,0,0,0,0,0
123709,2100.0,200.0,6.0,,,0,0.04,0.1,0,0,0,0,0,0,0,1,0,0
46404281,1700.0,200.0,4.0,,,0,0.05,0.24,0,0,0,0,0,0,0,1,0,0
89893715,300.0,400.0,3.0,,,0,0.09,0.11,0,0,0,0,0,0,0,1,0,0
89609515,1700.0,800.0,4.0,,,0,0.09,0.2,0,0,0,0,0,0,0,1,0,0
20374351,2700.0,1800.0,7.0,,,0,0.6,0.47,1,0,0,0,1,0,0,0,0,0
12986807,2400.0,800.0,6.0,,,0,0.51,0.37,1,0,0,0,1,0,0,0,0,0
47658965,,,,,,0,0.59,0.0,0,0,0,0,0,0,0,0,0,4
2407147,100.0,200.0,1.0,,,0,0.1,0.16,0,0,0,0,0,0,0,0,0,0
52786469,1800.0,500.0,4.0,,,0,0.12,0.13,0,0,0,0,0,0,0,1,0,0
34086406,1800.0,1000.0,4.0,,,0,0.91,1.1,1,0,0,0,0,1,0,0,0,0
75991898,2000.0,1100.0,5.0,,,0,0.11,0.19,1,0,0,0,1,0,0,0,0,0
8611007,2500.0,1200.0,6.0,,,0,0.02,0.43,1,0,0,0,1,0,0,0,0,0
12018201,2900.0,200.0,8.0,,,0,0.13,0.12,1,0,0,0,1,0,0,0,0,0
3989465,1800.0,1400.0,3.0,,,0,0.61,0.25,1,0,0,0,0,1,0,0,0,0
67797569,2600.0,200.0,7.0,,,0,0.21,0.3,1,0,0,0,1,0,0,0,0,0
64659851,,,,,,0,0.44,0.25,0,0,0,0,0,0,0,0,0,1
67468948,1400.0,1500.0,4.0,,,0,0.06,0.12,0,0,0,0,0,0,0,1,0,0
98349765,,,,,,0,0.0,0.0,0,0,0,0,0,0,0,0,0,1
92435533,0.0,0.0,10.0,,,0,0.69,0.39,0,0,0,0,0,0,0,1,0,0
50599453,-1.0,-1.0,3.0,,,0,0.02,0.09,0,0,0,0,0,0,0,1,0,0
32126000,1400.0,1500.0,3.0,,,0,0.11,0.28,0,0,0,0,0,0,0,1,0,0
7127502,1950.0,0.0,4.0,,5.0,0,0.12,0.25,0,1,0,0,0,0,0,1,0,0
56256517,,,,,,0,0.13,0.39,0,0,0,0,0,0,0,0,0,1
21893603,100.0,2000.0,2.0,,,0,0.33,0.28,0,0,0,0,0,0,0,1,0,0
90263923,,,,,,0,0.54,0.51,0,0,0,0,0,0,0,0,0,1
7902349,200.0,300.0,1.0,,,0,0.59,2.7,0,0,0,0,0,0,0,0,1,0
86541496,,,,,,0,0.06,0.09,0,0,0,0,0,0,0,0,0,1
44519536,200.0,300.0,1.0,,,0,0.76,2.86,0,0,0,0,0,0,0,0,1,0
47840168,1300.0,1500.0,3.0,,,0,0.05,0.09,0,0,0,0,0,0,0,1,0,0
44935634,300.0,100.0,2.0,,,0,0.16,0.31,0,0,0,0,0,0,0,1,0,0
87010442,1000.0,1500.0,4.0,,,0,0.15,0.5,0,0,0,0,0,0,0,1,0,0
25614410,,,,,,0,1.46,2.49,0,0,0,0,0,0,0,0,0,1
88851326,,,,,,0,0.59,0.7,0,0,0,0,0,0,0,0,0,1
30461781,,,,,,0,5.31,6.5,0,0,0,0,0,0,0,0,0,2
89397517,,,,,,0,0.12,0.1,0,0,0,0,0,0,0,0,0,1
28754338,1600.0,800.0,3.0,,,0,0.14,0.19,0,0,0,0,0,0,0,1,0,0
96458440,,,,,,0,0.19,0.2,0,0,0,0,0,0,0,0,0,1
55343172,0.0,3000.0,5.0,,,0,0.0,0.0,0,0,0,0,0,0,0,0,1,0
12324546,,,,,,0,0.08,0.34,0,0,0,0,0,0,0,0,0,1
99747800,1500.0,1800.0,6.0,,,0,0.15,0.1,0,0,0,0,0,0,0,1,0,0
90681088,500.0,200.0,1.0,,,0,0.12,0.14,0,0,0,0,0,0,0,1,0,0
60258960,2400.0,2000.0,7.0,,,0,0.16,0.35,0,0,0,1,0,0,0,1,0,0
25773409,1300.0,1800.0,3.0,,,0,0.26,0.36,0,0,0,0,0,0,0,1,0,0
85800949,2800.0,1800.0,8.0,,,0,0.11,0.21,0,0,0,0,0,0,0,1,0,0
84565800,2800.0,1800.0,8.0,,,0,0.12,0.14,0,0,0,0,0,0,0,1,0,0
80019195,2800.0,1800.0,8.0,,,0,0.13,0.12,0,0,0,0,0,0,0,1,0,0
70634245,1700.0,1200.0,6.0,,,0,0.12,0.23,1,0,0,0,1,0,0,0,0,0
42209438,1800.0,800.0,6.0,,,0,0.09,0.22,1,0,0,0,1,0,0,0,0,0
34235530,2500.0,1900.0,6.0,,,0,0.51,0.43,1,0,0,0,1,0,0,0,0,0
12338068,0.0,0.0,8.0,,,0,0.14,0.2,0,0,0,0,0,0,0,1,0,0
15327215,500.0,2000.0,4.0,,,0,0.07,0.4,0,0,0,0,0,0,0,1,0,0
75116619,1700.0,700.0,4.0,,,0,1.49,0.96,0,0,0,0,0,0,0,1,0,0
2511717,200.0,2000.0,3.0,,,0,0.68,1.34,0,0,0,0,0,0,0,1,0,0
49721904,1800.0,500.0,4.0,,,0,1.6,3.26,0,0,0,0,0,0,0,1,0,0
74094021,1600.0,1000.0,3.0,,,0,0.17,0.58,0,0,0,0,0,0,0,1,0,0
29981921,2500.0,1400.0,5.0,,,0,0.22,0.33,1,0,0,0,1,0,0,0,0,0
48505422,1500.0,1500.0,3.0,,,0,0.32,0.78,0,0,0,0,0,0,0,1,0,0
61854111,,,,,,0,0.04,0.32,0,0,0,0,0,0,0,0,0,1
69320362,,,,,,0,0.11,0.13,0,0,0,0,0,0,0,0,0,1
12472242,300.0,350.0,1.0,,,0,0.11,0.1,0,0,0,0,0,0,0,1,0,0
25280974,1300.0,1500.0,4.0,,,0,0.04,0.21,0,0,0,0,0,0,0,1,0,0
62543393,1700.0,500.0,4.0,,,0,0.21,0.14,0,0,0,0,0,0,0,1,0,0
62543394,,,,,,0,0.0,0.0,0,0,0,0,0,0,0,0,0,4
34318086,800.0,600.0,2.0,,,0,0.92,1.1,0,0,0,0,0,0,0,1,0,0
34103656,,,,,,0,0.08,0.1,0,0,0,0,0,0,0,0,0,1
70298454,1500.0,0.0,3.0,,,0,0.02,0.05,0,0,0,0,0,0,0,1,0,0
4392470,1350.0,1200.0,5.0,,,0,0.0,0.0,0,0,0,0,0,0,0,0,1,0
55423549,1350.0,1200.0,4.0,,,0,0.07,0.1,0,0,0,0,0,0,0,1,0,0
8561192,3100.0,1900.0,10.0,,,0,0.2,0.31,1,0,0,0,1,0,0,0,0,0
57201737,,,,,,0,0.16,0.21,0,0,0,0,0,0,0,0,0,1
10538007,1750.0,1550.0,5.0,,,0,0.05,0.19,0,0,0,0,0,0,0,0,1,0
98225108,1500.0,1600.0,4.0,,,0,0.03,0.08,0,0,0,0,0,0,0,1,0,0
47226949,2000.0,0.0,4.0,,,0,0.07,0.15,0,0,0,0,0,0,0,0,1,0
49922726,1800.0,1600.0,4.0,,,0,0.1,0.2,0,0,0,0,0,0,0,1,0,0
55444629,1200.0,1000.0,4.0,,,0,0.02,0.11,0,0,0,0,0,0,0,0,1,0
16475472,2100.0,1000.0,5.0,,,0,0.08,0.13,0,0,0,0,0,0,0,1,0,0
38625110,,,,,,0,0.05,0.12,0,0,0,0,0,0,0,0,0,1
101403040,1000.0,2100.0,8.0,,,0,0.0,0.0,1,0,0,0,1,0,0,0,0,0
34950192,,,,,,0,7.7,5.12,0,0,0,0,0,0,0,0,0,1
84397023,,,,,,0,0.05,0.12,0,0,0,0,0,0,0,0,0,2
90500169,,,,,,0,0.12,0.14,0,0,0,0,0,0,0,0,0,1
57421866,600.0,0.0,1.0,,,0,0.11,0.15,0,0,0,0,0,0,0,1,0,0
37198732,,,,,,0,0.09,0.09,0,0,0,0,0,0,0,0,0,1
54976796,,,,,,0,0.16,0.13,0,0,0,0,0,0,0,0,0,2
3136426,,,,,,0,2.12,5.51,0,0,0,0,0,0,0,0,0,1
61850482,,,,,,0,0.2,0.12,0,0,0,0,0,0,0,0,0,1
86133013,,,,,,0,0.12,0.11,0,0,0,0,0,0,0,0,0,2
86223870,,,,,,0,0.02,0.08,0,0,0,0,0,0,0,0,0,2
74741494,,,,,,0,0.05,0.06,0,0,0,0,0,0,0,0,0,1
25290459,,,,,,0,0.82,0.69,0,0,0,0,0,0,0,0,0,1
97385276,300.0,600.0,3.0,,,0,0.1,0.13,0,0,0,0,0,0,0,1,0,0
37721209,2600.0,1500.0,7.0,,,0,0.1,0.2,0,0,0,0,0,0,0,1,0,0
64603351,2600.0,1500.0,7.0,,,0,4.21,15.58,0,0,0,0,0,0,0,1,0,0
78579058,2600.0,,,3.0,,3,0.35,5.41,1,0,0,0,0,0,1,0,0,0
95992081,1800.0,1600.0,3.0,,,0,1.16,2.13,1,0,0,0,0,1,0,0,0,0
33113958,2000.0,0.0,3.0,,,0,0.3,0.21,1,0,0,0,0,1,0,0,0,0
39752820,2000.0,,,2.0,,2,0.14,0.21,1,0,0,0,0,0,1,0,0,0
24643913,4000.0,0.0,8.0,,,0,0.48,0.5,0,0,0,0,0,0,0,1,0,0
72022087,,,,,,0,0.06,0.09,0,0,0,0,0,0,0,0,0,2
62957424,1300.0,700.0,3.0,,,0,0.26,0.27,0,0,0,0,0,0,0,1,0,0
19516687,2000.0,2500.0,6.0,,,0,0.06,0.14,0,0,0,0,0,0,0,1,0,0
41085464,,,,,,0,0.05,0.11,0,0,0,0,0,0,0,0,0,1
88083109,,,,,,0,0.04,0.12,0,0,0,0,0,0,0,0,0,2
71406430,2500.0,2000.0,6.0,,,0,0.06,0.13,0,0,0,1,0,0,0,1,0,0
16312943,1800.0,1800.0,4.0,,,0,0.09,0.16,0,0,0,0,0,0,0,1,0,0
88106656,2800.0,2800.0,7.0,,,0,0.15,0.13,0,0,0,1,0,0,0,1,0,0
45001322,1800.0,1800.0,3.0,,,0,0.07,0.07,0,0,0,1,0,0,0,1,0,0
18890039,,,,,,0,0.07,0.15,0,0,0,0,0,0,0,0,0,1
46123974,800.0,800.0,3.0,,,0,0.1,0.21,0,0,0,0,0,0,0,1,0,0
44889144,,,,,,0,0.08,0.12,0,0,0,0,0,0,0,0,0,2
82128978,600.0,2100.0,4.0,,,0,0.04,0.14,0,0,0,0,0,0,0,1,0,0
52707042,1400.0,2100.0,4.0,,,0,0.05,0.14,0,0,0,1,0,0,0,1,0,0
84121302,,,,,,0,0.78,0.75,0,0,0,0,0,0,0,0,0,1
14478717,,,,,,0,0.02,0.09,0,0,0,0,0,0,0,0,0,2
15590355,,,,,,0,0.07,0.08,0,0,0,0,0,0,0,0,0,1
55818463,2400.0,1200.0,6.0,,,0,0.08,0.17,0,0,0,0,0,0,0,1,0,0
14318794,,,,,,0,0.17,0.1,0,0,0,0,0,0,0,0,0,2
17178486,,,,,,0,0.27,0.18,0,0,0,0,0,0,0,0,0,2
36148308,,,,,,0,0.05,0.06,0,0,0,0,0,0,0,0,0,1
83589191,,,,,,0,0.13,0.17,0,0,0,0,0,0,0,0,0,1
38105306,,,,,,0,27.86,76.43,0,0,0,0,0,0,0,0,0,2
25165047,2900.0,2400.0,8.0,,,0,7.03,8.13,1,0,0,0,1,0,0,0,0,0
76214441,800.0,400.0,2.0,,,0,0.67,0.63,0,0,0,0,0,0,0,1,0,0
89617515,1500.0,1600.0,4.0,,,0,0.16,0.3,0,0,0,0,0,0,0,1,0,0
47297616,2800.0,2400.0,8.0,,,0,2.91,1.6,0,0,0,0,0,0,0,1,0,0
19652159,3400.0,3000.0,10.0,,,0,0.61,1.23,1,0,1,0,0,0,0,0,0,0
33599853,,,,,,0,0.12,0.2,0,0,0,0,0,0,0,0,0,1
73206827,,,,,,0,2.29,0.31,0,0,0,0,0,0,0,0,0,1
21251800,2600.0,1800.0,6.0,,,0,4.77,0.0,0,0,0,0,0,0,0,0,1,0
61399402,2300.0,1500.0,4.0,,,0,0.07,0.06,1,0,0,0,0,1,0,0,0,0
54766667,1500.0,0.0,4.0,,,0,0.14,0.27,0,0,0,0,0,0,0,1,0,0
25132288,2600.0,2100.0,8.0,,,0,1.43,0.92,1,0,0,0,1,0,0,0,0,0
35614780,2600.0,2100.0,8.0,,,0,0.06,0.16,0,0,0,0,0,0,0,1,0,0
30913809,,,,,,0,0.05,0.17,0,0,0,0,0,0,0,0,0,1
11471117,,,,,,0,0.9,0.35,0,0,0,0,0,0,0,0,0,1
52253888,400.0,300.0,2.0,,,0,0.03,0.03,0,0,0,0,0,0,0,1,0,0
83027236,,,,,,0,0.03,0.1,0,0,0,0,0,0,0,0,0,2
62867251,,,,,,0,0.04,0.18,0,0,0,0,0,0,0,0,0,2
44595286,,,,,,0,0.1,0.2,0,0,0,0,0,0,0,0,0,2
2362787,,,,,,0,0.08,0.11,0,0,0,0,0,0,0,0,0,1
72554664,,,,,,0,0.06,0.11,0,0,0,0,0,0,0,0,0,1
35577420,,,,,,0,0.07,0.04,0,0,0,0,0,0,0,0,0,2
82616239,1400.0,1300.0,4.0,,,0,0.12,0.15,0,0,0,0,0,0,0,1,0,0
83880087,,,,,,0,0.15,0.29,0,0,0,0,0,0,0,0,0,1
53341729,,,,,,0,0.71,1.01,0,0,0,0,0,0,0,0,0,2
37231841,,,,,,0,0.13,0.16,0,0,0,0,0,0,0,0,0,1
49587034,,,,,,0,0.03,0.12,0,0,0,0,0,0,0,0,0,2
55226821,,,,,,0,0.02,0.14,0,0,0,0,0,0,0,0,0,1
22653490,1900.0,1600.0,4.0,,,0,2.8,2.51,1,0,0,0,0,1,0,0,0,0
27671321,350.0,750.0,3.0,,,0,0.05,0.09,0,0,0,0,0,0,0,0,1,0
89753095,,,,,,0,0.0,0.0,0,0,0,0,0,0,0,0,0,1
45023678,2600.0,1600.0,7.0,,,0,0.24,0.33,0,0,0,0,0,0,0,1,0,0
40672993,1800.0,100.0,4.0,,,0,0.17,0.35,0,0,0,0,0,0,0,1,0,0
14532163,,,,,,0,0.02,0.27,0,0,0,0,0,0,0,0,0,1
49389523,2800.0,2000.0,8.0,,,0,1.08,0.86,1,0,0,0,1,0,0,0,0,0
69162969,,,,,,0,0.1,0.1,0,0,0,0,0,0,0,0,0,1
87259077,2400.0,1200.0,7.0,,,0,0.3,0.61,1,0,0,0,1,0,0,0,0,0
89185742,500.0,1800.0,3.0,,,0,0.13,0.31,0,0,0,0,0,0,0,1,0,0
99365553,2500.0,1500.0,6.0,,,0,0.12,0.17,0,0,0,0,0,0,0,1,0,0
38737148,2600.0,1500.0,7.0,,,0,0.09,0.12,0,0,0,0,0,0,0,1,0,0
30126992,2800.0,1000.0,7.0,,,0,0.22,0.1,0,0,0,0,0,0,0,1,0,0
4722253,2800.0,2200.0,8.0,,,0,0.16,0.17,0,0,0,0,0,0,0,1,0,0
27407330,1700.0,1600.0,4.0,,,0,0.08,0.17,0,0,0,0,0,0,0,1,0,0
82579942,1200.0,3000.0,6.0,,,0,0.05,0.19,0,0,0,0,0,0,0,1,0,0
91349449,2300.0,2000.0,6.0,,,0,0.21,0.25,0,0,0,0,0,0,0,1,0,0
55501446,1200.0,800.0,3.0,,,0,0.04,0.1,0,0,0,0,0,0,0,1,0,0
10515412,2700.0,3000.0,9.0,,,0,0.09,0.32,1,0,0,0,1,0,0,0,0,0
25218587,,,,,,0,0.11,0.15,0,0,0,0,0,0,0,0,0,2
22201234,,,,,,0,0.12,0.14,0,0,0,0,0,0,0,0,0,2
59481082,1500.0,1300.0,4.0,,,0,2.48,2.1,0,0,0,0,0,0,0,1,0,0
66194206,,,,,,0,0.09,0.31,0,0,0,0,0,0,0,0,0,2
30502181,,,,,,0,0.62,0.74,0,0,0,0,0,0,0,0,0,1
52665542,,,,,,0,0.43,0.18,0,0,0,0,0,0,0,0,0,1
78845026,,,,,,0,0.1,0.12,0,0,0,0,0,0,0,0,0,1
65289956,,,,,,0,0.06,0.13,0,0,0,0,0,0,0,0,0,1
72233469,,,,,,0,0.08,0.14,0,0,0,0,0,0,0,0,0,1
23898021,2000.0,0.0,3.0,,,0,0.04,0.2,0,0,0,0,0,0,0,1,0,0
68812773,500.0,2000.0,4.0,,,0,0.07,0.11,0,0,0,0,0,0,0,1,0,0
86607583,,,,,,0,0.05,0.16,0,0,0,0,0,0,0,0,0,2
82324105,,,,,,0,0.07,0.08,0,0,0,0,0,0,0,0,0,2
35014241,,,,,,0,0.14,0.79,0,0,0,0,0,0,0,0,0,1
27551,,,,,,0,0.07,0.1,0,0,0,0,0,0,0,0,0,2
92450185,,,,,,0,0.13,0.15,0,0,0,0,0,0,0,0,0,2
23171610,,,,,,0,0.06,0.11,0,0,0,0,0,0,0,0,0,1
52339733,0.0,1800.0,4.0,,,0,0.02,0.1,0,0,0,0,0,0,0,1,0,0
29307554,,,,,,0,0.1,0.09,0,0,0,0,0,0,0,0,0,2
64238008,,,,,,0,0.15,0.08,0,0,0,0,0,0,0,0,0,1
70916046,,,,,,0,0.06,0.21,0,0,0,0,0,0,0,0,0,2
24842059,300.0,,,1.0,,1,0.07,0.11,1,0,0,0,0,0,1,0,0,0
7925734,0.0,0.0,1.0,,,0,0.08,0.08,0,0,0,0,0,0,0,1,0,0
3567660,,,,,,0,0.08,0.19,0,0,0,0,0,0,0,0,0,1
51335426,,,,,,0,0.04,0.15,0,0,0,0,0,0,0,0,0,1
67231737,1400.0,,,2.0,,2,0.05,0.11,1,0,0,0,0,0,1,0,0,0
73287067,,,,,,0,0.04,0.12,0,0,0,0,0,0,0,0,0,1
30342076,300.0,,,1.0,,1,0.19,0.28,1,0,0,0,0,0,1,0,0,0
48068378,500.0,,0.0,1.0,,1,0.07,0.1,1,0,0,0,0,0,1,0,0,0
32995276,500.0,,,1.0,,1,0.26,0.23,1,0,0,0,0,0,1,0,0,0
73275815,,,,,,0,0.02,0.06,0,0,0,0,0,0,0,0,0,1
65100616,0.0,1800.0,2.0,,,0,0.02,0.04,0,0,0,0,0,0,0,1,0,0
28827503,,,,,,0,0.23,0.26,0,0,0,0,0,0,0,0,0,1
68957925,,,,,,0,0.02,0.06,0,0,0,0,0,0,0,0,0,1
27664101,,,,,,0,0.04,0.08,0,0,0,0,0,0,0,0,0,2
98978921,1000.0,,0.0,1.0,,1,0.32,0.29,1,0,0,0,0,0,1,0,0,0
23331400,1600.0,1800.0,4.0,,,0,0.02,0.07,0,0,0,0,0,0,0,1,0,0
55034079,,,,,,0,0.07,0.06,0,0,0,0,0,0,0,0,0,2
63092423,0.0,2100.0,6.0,,,0,0.03,0.08,0,0,0,0,0,0,0,1,0,0
54635100,1500.0,,0.0,2.0,,2,0.04,0.08,1,0,0,0,0,0,1,0,0,0
68295149,2800.0,,,4.0,,4,0.08,0.25,1,0,0,0,0,0,1,0,0,0
85243784,900.0,,,1.0,,1,1.67,1.09,1,0,0,0,0,0,1,0,0,0
35595518,2000.0,600.0,5.0,,,0,0.03,0.15,0,0,0,0,0,0,0,1,0,0
61168637,2000.0,600.0,5.0,,,0,0.05,0.1,0,0,0,0,0,0,0,1,0,0
41999284,300.0,,0.0,1.0,,1,1.64,2.41,1,0,0,0,0,0,1,0,0,0
4611269,1900.0,200.0,4.0,,,0,0.08,0.1,0,0,0,0,0,0,0,1,0,0
61692648,2400.0,2100.0,4.0,,,0,0.07,0.2,0,0,0,0,0,0,0,1,0,0
93108297,950.0,800.0,3.0,,,0,0.02,0.08,0,0,0,0,0,0,0,0,1,0
55210709,1300.0,1300.0,4.0,,,0,0.0,0.0,0,0,0,0,0,0,0,0,1,0
8955148,,,,,,0,0.26,0.24,0,0,0,0,0,0,0,0,0,1
72566043,0.0,0.0,8.0,,,0,0.17,0.25,0,0,0,1,0,0,0,1,0,0
68658728,600.0,550.0,2.0,,,0,0.11,0.13,0,0,0,0,0,0,0,1,0,0
42625254,1100.0,700.0,3.0,,,0,13.31,30.19,0,0,0,0,0,0,0,0,1,0
45939611,800.0,800.0,3.0,,,0,0.12,0.14,0,0,0,0,0,0,0,1,0,0
73702909,900.0,500.0,1.0,,,0,0.04,0.13,0,0,0,0,0,0,0,1,0,0
90790253,1400.0,1800.0,4.0,,,0,0.09,0.14,0,0,0,0,0,0,0,1,0,0
35487920,,,,,,0,0.1,0.23,0,0,0,0,0,0,0,0,0,1
8083925,,,,,,0,0.16,0.33,0,0,0,0,0,0,0,0,0,1
36326160,500.0,0.0,2.0,,,0,0.16,0.34,0,0,0,0,0,0,0,1,0,0
54257392,500.0,0.0,2.0,,,0,0.2,0.39,0,0,0,0,0,0,0,1,0,0
73810864,500.0,0.0,2.0,,,0,0.18,0.27,0,0,0,0,0,0,0,1,0,0
82699999,500.0,0.0,2.0,,,0,1.07,0.0,0,0,0,0,0,0,0,1,0,0
81078880,500.0,0.0,2.0,,,0,0.13,0.21,0,0,0,0,0,0,0,1,0,0
37582948,,,,,,0,0.12,0.43,0,0,0,0,0,0,0,0,0,1
34959756,,,,,,0,0.03,0.12,0,0,0,0,0,0,0,0,0,1
34320307,900.0,1100.0,3.0,,,0,0.0,0.0,0,0,0,0,0,0,0,0,1,0
20831168,1100.0,800.0,3.0,,,0,0.1,0.25,0,0,0,0,0,0,0,0,1,0
40666140,1400.0,1200.0,4.0,,,0,0.08,0.12,0,0,0,0,0,0,0,1,0,0
25801745,50.0,2050.0,1.0,,,0,1.39,1.28,0,0,0,0,0,0,0,1,0,0
64681263,,,,,,0,0.41,0.51,0,0,0,0,0,0,0,0,0,2
52346240,1200.0,1000.0,3.0,,,0,0.12,0.19,0,0,0,0,0,0,0,1,0,0
37310367,1000.0,1000.0,3.0,,,0,0.04,0.06,0,0,0,0,0,0,0,1,0,0
38354937,2500.0,2000.0,9.0,,,0,0.05,0.84,1,0,0,0,1,0,0,0,0,0
18478530,,,,,,0,0.09,0.14,0,0,0,0,0,0,0,0,0,2
2116237,,,,,,0,0.03,0.06,0,0,0,0,0,0,0,0,0,2
67098114,3300.0,3000.0,10.0,,,0,0.11,0.18,1,0,0,0,1,0,0,0,0,0
93192592,1200.0,1200.0,2.0,,,0,0.02,0.15,1,0,0,0,1,0,0,0,0,0
4215180,600.0,1200.0,1.0,,,0,1.47,4.57,0,0,0,0,0,0,0,1,0,0
82452993,,,,,,0,0.08,0.18,0,0,0,0,0,0,0,0,0,2
48686504,500.0,1400.0,3.0,,,0,0.03,0.06,0,0,0,0,0,0,0,1,0,0
92447211,1400.0,800.0,4.0,,,0,0.13,0.26,0,0,0,0,0,0,0,1,0,0
76145142,2500.0,,0.0,3.0,,3,0.15,0.22,1,0,0,0,0,0,1,0,0,0
300302034,,,,,,0,0.0,0.11,0,0,0,0,0,0,0,0,0,3
7852509,,,,,,0,0.14,0.06,0,0,0,0,0,0,0,0,0,2
94183877,1500.0,1500.0,4.0,,,0,0.02,0.1,0,0,0,0,0,0,0,1,0,0
35514096,1200.0,800.0,4.0,,,0,0.1,0.29,0,0,0,0,0,0,0,1,0,0
8910971,2300.0,2100.0,7.0,,,0,0.29,0.44,0,0,0,0,0,0,0,1,0,0
17985575,1200.0,1100.0,4.0,,,0,0.1,0.27,0,0,0,0,0,0,0,1,0,0
9822220,3000.0,3000.0,10.0,,,0,0.21,0.19,0,0,0,0,0,0,0,1,0,0
99510761,1400.0,1200.0,4.0,,,0,0.24,0.37,0,0,0,0,0,0,0,0,1,0
59829423,3100.0,2900.0,10.0,,,0,0.04,0.08,0,0,0,0,0,0,0,1,0,0
19025379,2400.0,2100.0,8.0,,,0,0.18,0.67,0,0,0,1,0,0,0,1,0,0
44466810,,,,,,0,0.16,0.29,0,0,0,0,0,0,0,0,0,2
81618817,1300.0,1000.0,4.0,,,0,1.16,0.0,0,0,0,0,0,0,0,0,1,0
40320754,1500.0,1000.0,4.0,,,0,0.06,0.15,0,0,0,0,0,0,0,1,0,0
50699850,1500.0,500.0,3.0,,,0,0.12,0.23,0,0,0,0,0,0,0,1,0,0
24348804,,,,,,0,0.49,0.26,0,0,0,0,0,0,0,0,0,2
72453068,,,,,,0,0.1,0.15,0,0,0,0,0,0,0,0,0,2
95231062,1400.0,0.0,3.0,,,0,0.13,0.17,0,0,0,0,0,0,0,1,0,0
45871897,100.0,-1.0,4.0,,,0,0.1,0.11,0,0,0,0,0,0,0,1,0,0
74003290,,,,,,0,0.14,0.25,0,0,0,0,0,0,0,0,0,2
17228908,,,,,,0,0.08,0.09,0,0,0,0,0,0,0,0,0,1
61465001,0.0,2000.0,5.0,,,0,0.03,0.07,0,0,0,0,0,0,0,1,0,0
2347656,2900.0,1900.0,8.0,,,0,0.34,0.27,0,0,0,0,0,0,0,1,0,0
300302003,,,,,,0,0.06,0.17,0,0,0,0,0,0,0,0,0,3
70534340,2500.0,3000.0,8.0,,,0,0.11,0.13,1,0,1,0,0,0,0,0,0,0
45409943,3500.0,3000.0,8.0,,,0,0.37,0.52,1,0,1,0,0,0,0,0,0,0
34968834,2400.0,0.0,6.0,,,0,0.1,0.22,0,0,0,0,0,0,0,1,0,0
58786132,800.0,1000.0,1.0,,,0,0.12,0.16,0,0,0,0,0,0,0,1,0,0
96012004,,,,,,0,0.17,0.12,0,0,0,0,0,0,0,0,0,2
82760689,,,,,,0,0.12,0.17,0,0,0,0,0,0,0,0,0,1
34664411,,,,,,0,0.02,0.09,0,0,0,0,0,0,0,0,0,1
67955331,,,,,,0,0.05,0.24,0,0,0,0,0,0,0,0,0,1
68762510,1500.0,500.0,4.0,,,0,0.67,0.28,0,0,0,0,0,0,0,0,0,0
36378044,,,,,,0,0.23,0.24,0,0,0,0,0,0,0,0,0,2
3985011,600.0,800.0,2.0,,,0,0.0,0.0,0,0,0,0,0,0,0,0,1,0
39238953,,,,,,0,0.07,0.13,0,0,0,0,0,0,0,0,0,1
57115864,,,,,,0,0.13,0.16,0,0,0,0,0,0,0,0,0,2
95503687,1000.0,1000.0,3.0,,,0,0.17,0.18,0,0,0,0,0,0,0,1,0,0
56166150,1000.0,1000.0,3.0,,,0,0.12,0.13,0,0,0,0,0,0,0,1,0,0
34834619,,,,,,0,0.17,0.15,0,0,0,0,0,0,0,0,0,1
57482479,2100.0,1400.0,5.0,,,0,0.45,0.66,0,0,0,0,0,0,0,1,0,0
81777047,,,,,,0,0.05,0.14,0,0,0,0,0,0,0,0,0,1
48444114,,,,,,0,0.08,0.1,0,0,0,0,0,0,0,0,0,1
48596760,1600.0,1200.0,4.0,,,0,0.09,0.13,0,0,0,0,0,0,0,1,0,0
11317977,100.0,600.0,2.0,,,0,0.09,0.12,0,0,0,0,0,0,0,1,0,0
11439455,1600.0,1200.0,4.0,,,0,0.14,0.27,0,0,0,0,0,0,0,1,0,0
51777272,2400.0,2000.0,7.0,,,0,0.09,0.19,1,0,1,0,0,0,0,0,0,0
94919024,1800.0,600.0,4.0,,,0,0.07,0.21,0,0,0,0,0,0,0,1,0,0
14152693,1200.0,1000.0,4.0,,,0,0.2,0.2,0,0,0,0,0,0,0,1,0,0
87931906,,,,,,0,0.1,0.18,0,0,0,0,0,0,0,0,0,1
8379983,600.0,1600.0,4.0,,,0,0.22,0.16,0,0,0,0,0,0,0,1,0,0
35618217,1400.0,800.0,4.0,,,0,0.09,0.15,0,0,0,0,0,0,0,1,0,0
24550676,3500.0,3000.0,10.0,,,0,0.07,0.13,1,0,1,0,0,0,0,0,0,0
54701958,3800.0,3500.0,12.0,,,0,0.11,0.19,1,0,1,0,0,0,0,0,0,0
2344618,,,,,,0,0.02,0.11,0,0,0,0,0,0,0,0,0,1
97165977,2800.0,2500.0,8.0,,,0,0.15,0.16,1,0,1,0,0,0,0,0,0,0
81196066,2000.0,1500.0,6.0,,,0,0.08,0.17,1,0,1,0,0,0,0,0,0,0
48427163,1000.0,1000.0,3.0,,,0,0.17,0.26,0,0,0,0,0,0,0,1,0,0
11193246,,,,,,0,0.12,0.4,0,0,0,0,0,0,0,0,0,2
88753594,3000.0,2600.0,9.0,,,0,0.04,0.13,1,0,1,0,0,0,0,0,0,0
11876803,1900.0,1500.0,5.0,,,0,1.34,1.73,0,0,0,0,0,0,0,1,0,0
13935001,,,,,,0,0.11,0.17,0,0,0,0,0,0,0,0,0,2
35763582,1400.0,400.0,3.0,,,0,0.07,0.14,0,0,0,0,0,0,0,1,0,0
83190280,1200.0,800.0,3.0,,5.0,0,0.06,0.11,0,1,0,0,0,0,0,1,0,0
84812868,800.0,800.0,2.0,,,0,0.19,0.32,0,0,0,0,0,0,0,1,0,0
47705572,2000.0,1800.0,6.0,,1.0,0,0.26,0.25,0,1,0,0,0,0,0,1,0,0
50546208,800.0,2000.0,4.0,,,0,0.07,0.17,0,0,0,0,0,0,0,1,0,0
62210247,750.0,1100.0,3.0,,,0,0.0,0.0,0,0,0,0,0,0,0,0,1,0
47643326,0.0,1500.0,1.0,,,0,0.05,0.09,0,0,0,0,0,0,0,0,1,0
11091375,1900.0,1600.0,4.0,,,0,0.07,0.13,0,0,0,0,0,0,0,0,1,0
17658803,2400.0,1400.0,6.0,,,0,0.1,0.24,0,0,0,0,0,0,0,0,1,0
92746535,1850.0,0.0,4.0,,5.0,0,0.1,0.17,0,1,0,0,0,0,0,1,0,0
84385264,2400.0,1800.0,6.0,,,0,0.19,0.19,0,0,0,1,0,0,0,1,0,0
81916745,800.0,2400.0,5.0,,,0,0.08,0.17,1,0,0,0,1,0,0,0,0,0
22624373,1700.0,200.0,4.0,,,0,0.23,0.31,0,0,0,0,0,0,0,1,0,0
10071151,1700.0,200.0,4.0,,,0,0.22,0.2,0,0,0,0,0,0,0,1,0,0
73318863,500.0,1500.0,3.0,,,0,1.88,7.65,0,0,0,0,0,0,0,1,0,0
9839945,1850.0,,,2.0,,2,0.12,0.12,1,0,0,0,0,0,1,0,0,0
48608796,0.0,0.0,1.0,,,0,0.02,0.11,1,0,0,0,0,1,0,0,0,0
10182251,0.0,200.0,1.0,,,0,0.1,0.21,0,0,0,0,0,0,0,1,0,0
45354718,,,,,,0,0.93,0.52,0,0,0,0,0,0,0,0,0,1
72859417,,,,,,0,0.27,0.28,0,0,0,0,0,0,0,0,0,1
56619778,,,,,,0,0.25,0.21,0,0,0,0,0,0,0,0,0,1
46576366,200.0,0.0,1.0,,,0,0.61,0.38,0,0,0,0,0,0,0,1,0,0
34550857,0.0,100.0,1.0,,,0,0.04,0.11,0,0,0,0,0,0,0,1,0,0
72971064,0.0,0.0,1.0,,,0,1.35,1.36,1,0,0,0,0,1,0,0,0,0
76815942,1000.0,0.0,1.0,,,0,0.24,0.32,1,0,1,0,0,0,0,0,0,0
8243121,,,,,,0,0.07,0.2,0,0,0,0,0,0,0,0,0,2
19369609,0.0,0.0,1.0,,,0,0.41,0.29,1,0,0,0,0,1,0,0,0,0
8491961,0.0,0.0,1.0,,,0,0.16,0.21,1,0,0,0,0,1,0,0,0,0
60954556,100.0,0.0,1.0,,,0,0.07,0.15,0,0,0,0,0,0,0,1,0,0
97949165,100.0,100.0,1.0,,,0,0.07,0.17,0,0,0,0,0,0,0,1,0,0
56342351,1000.0,500.0,3.0,,,0,0.05,0.14,0,0,0,0,0,0,0,0,1,0
92731455,500.0,1000.0,3.0,,,0,0.02,0.1,0,0,0,0,0,0,0,0,1,0
4423206,1600.0,500.0,3.0,,,0,1.19,1.12,1,0,0,0,0,1,0,0,0,0
18631392,-1.0,-1.0,10.0,,,0,0.07,0.16,0,0,0,0,0,0,0,1,0,0
98795934,1700.0,1400.0,5.0,,,0,12.63,0.0,0,0,0,0,0,0,0,0,1,0
23469398,1500.0,2600.0,8.0,,,0,0.16,0.16,0,0,0,0,0,0,0,1,0,0
31828916,,,,,,0,0.06,0.1,0,0,0,0,0,0,0,0,0,1
39284521,0.0,2200.0,8.0,,,0,0.1,0.19,0,0,0,0,0,0,0,1,0,0
87074380,3000.0,2500.0,10.0,,,0,0.54,1.18,0,0,0,0,0,0,0,1,0,0
96384007,1200.0,1800.0,4.0,,,0,0.07,0.06,0,0,0,0,0,0,0,1,0,0
13247801,,,,,,0,0.11,0.26,0,0,0,0,0,0,0,0,0,1
58054262,4600.0,4100.0,10.0,,,0,1.96,2.23,0,0,0,0,0,0,0,1,0,0
5556499,2500.0,1600.0,7.0,,,0,0.7,0.7,0,0,0,0,0,0,0,1,0,0
42940404,1800.0,0.0,4.0,,,0,4.45,5.39,0,0,0,0,0,0,0,1,0,0
50863093,1700.0,2400.0,8.0,,,0,0.02,0.17,0,0,0,0,0,0,0,1,0,0
51617185,2600.0,1500.0,8.0,,,0,0.07,0.13,0,0,0,0,0,0,0,1,0,0
69838761,2800.0,0.0,9.0,,,0,0.31,0.21,0,0,0,0,0,0,0,1,0,0
59741415,,,,,,0,0.86,0.84,0,0,0,0,0,0,0,0,0,2
78349103,500.0,400.0,2.0,,,0,0.17,0.23,0,0,0,0,0,0,0,1,0,0
85136114,1600.0,1500.0,4.0,,,0,0.2,0.2,0,0,0,0,0,0,0,1,0,0
86852702,,,,,,0,1.09,0.97,0,0,0,0,0,0,0,0,0,1
54563536,1200.0,1800.0,4.0,,,0,0.05,0.17,0,0,0,0,0,0,0,1,0,0
46033517,4600.0,4100.0,10.0,,,0,0.22,0.18,0,0,0,0,0,0,0,1,0,0
23782705,1800.0,800.0,4.0,,,0,0.06,0.11,0,0,0,0,0,0,0,1,0,0
60999392,1600.0,1500.0,4.0,,,0,0.04,0.21,0,0,0,0,0,0,0,1,0,0
45674286,1800.0,800.0,4.0,,,0,0.03,0.12,0,0,0,0,0,0,0,1,0,0
11398951,,,,,,0,0.09,0.17,0,0,0,0,0,0,0,0,0,1
300302035,,,,,,0,0.0,0.15,0,0,0,0,0,0,0,0,0,3
39996157,,,,,,0,0.03,0.12,0,0,0,0,0,0,0,0,0,1
25518020,,,,,,0,0.07,0.15,0,0,0,0,0,0,0,0,0,1
38116136,1600.0,1300.0,5.0,,,0,0.0,0.0,0,0,0,0,0,0,0,0,1,0
25769732,,,,,,0,0.02,0.16,0,0,0,0,0,0,0,0,0,1
63995093,,,,,,0,0.09,0.1,0,0,0,0,0,0,0,0,0,1
46700124,2200.0,2000.0,6.0,,,0,0.48,1.15,0,0,0,0,0,0,0,1,0,0
70406920,,,,,,0,0.06,0.06,0,0,0,0,0,0,0,0,0,2
89222931,1600.0,1500.0,3.0,,,0,0.08,0.17,0,0,0,0,0,0,0,1,0,0
96938777,1600.0,1500.0,4.0,,,0,0.28,0.11,0,0,0,0,0,0,0,1,0,0
30241314,,,,,,0,0.02,0.34,0,0,0,0,0,0,0,0,0,2
94664694,1800.0,0.0,4.0,,,0,0.17,0.34,0,0,0,0,0,0,0,1,0,0
79182538,1900.0,1400.0,4.0,,,0,0.12,0.13,0,0,0,0,0,0,0,0,1,0
86993168,1000.0,600.0,2.0,,,0,0.07,0.16,0,0,0,0,0,0,0,1,0,0
97240270,1700.0,1000.0,3.0,,,0,0.07,0.29,0,0,0,0,0,0,0,0,1,0
18760514,400.0,200.0,2.0,,,0,0.06,0.23,0,0,0,0,0,0,0,0,0,0
31034919,0.0,0.0,1.0,,,0,0.08,0.09,0,0,0,0,0,0,0,1,0,0
79870141,1400.0,1200.0,4.0,,,0,0.04,0.05,0,0,0,0,0,0,0,1,0,0
33822112,2100.0,2800.0,7.0,,,0,0.0,0.0,0,0,0,0,0,0,0,1,0,0
96127902,,,,,,0,0.11,0.17,0,0,0,0,0,0,0,0,0,1
43905751,600.0,800.0,2.0,,,0,0.0,0.0,0,0,0,0,0,0,0,0,1,0
34680482,1000.0,1000.0,4.0,,,0,0.93,0.87,0,0,0,0,0,0,0,1,0,0
49374988,0.0,1800.0,3.0,,,0,0.09,0.12,0,0,0,0,0,0,0,1,0,0
48252330,1500.0,800.0,4.0,,,0,0.19,0.28,0,0,0,0,0,0,0,1,0,0
14001430,,,,,,0,0.16,0.13,0,0,0,0,0,0,0,0,0,1
26570480,800.0,1500.0,3.0,,,0,0.13,0.15,0,0,0,0,0,0,0,1,0,0
75363626,1700.0,1300.0,4.0,,,0,0.55,0.64,0,0,0,0,0,0,0,1,0,0
89521713,1500.0,1200.0,3.0,,,0,0.18,0.32,0,0,0,0,0,0,0,1,0,0
51650038,,,,,,0,0.07,0.19,0,0,0,0,0,0,0,0,0,2
96150936,1500.0,,0.0,2.0,,2,0.09,0.2,1,0,0,0,0,0,1,0,0,0
91350799,1500.0,1100.0,3.0,,,0,0.5,0.42,0,0,0,0,0,0,0,1,0,0
12940613,,,,,,0,0.24,0.22,0,0,0,0,0,0,0,0,0,2
11868731,1400.0,1200.0,4.0,,,0,0.7,1.01,0,0,0,0,0,0,0,1,0,0
26016357,800.0,2000.0,4.0,,,0,0.24,0.31,0,0,0,0,0,0,0,1,0,0
52404456,1600.0,1000.0,4.0,,,0,0.7,3.02,0,0,0,0,0,0,0,1,0,0
12980373,500.0,300.0,3.0,,,0,0.55,0.73,0,0,0,0,0,0,0,1,0,0
38745241,2300.0,,,3.0,,3,0.07,0.19,1,0,0,0,0,0,1,0,0,0
79759367,,,,,,0,0.19,0.26,0,0,0,0,0,0,0,0,0,2
77848740,1400.0,1400.0,4.0,,,0,0.13,0.25,0,0,0,0,0,0,0,1,0,0
68159562,,,,,,0,2.18,1.28,0,0,0,0,0,0,0,0,0,2
74641045,1000.0,1000.0,5.0,,,0,0.26,0.28,0,0,0,0,0,0,0,1,0,0
44311445,2500.0,2200.0,5.0,,,0,1.57,2.74,1,0,0,0,0,1,0,0,0,0
49689480,2600.0,2500.0,5.0,,,0,0.15,0.2,1,0,0,0,0,1,0,0,0,0
37164373,2200.0,2100.0,4.0,,,0,0.24,0.32,1,0,0,0,0,1,0,0,0,0
71348837,,,,,,0,0.13,0.12,0,0,0,0,0,0,0,0,0,1
75833426,,,,,,0,0.74,0.65,0,0,0,0,0,0,0,0,0,2
20343502,1800.0,2500.0,4.0,,,0,0.14,0.23,1,0,0,0,0,1,0,0,0,0
60470713,,,,,,0,0.38,0.79,0,0,0,0,0,0,0,0,0,1
48439321,,,,,,0,0.26,0.35,0,0,0,0,0,0,0,0,0,2
23681456,,,,,,0,5.4,8.57,0,0,0,0,0,0,0,0,0,2
25341652,1800.0,2300.0,4.0,,,0,0.2,1.59,1,0,0,0,0,1,0,0,0,0
83746708,,,,,,0,0.12,0.19,0,0,0,0,0,0,0,0,0,1
26534688,,,,,,0,0.08,0.19,0,0,0,0,0,0,0,0,0,1
10000030,2400.0,2000.0,6.0,,,0,0.0,72.31,1,0,0,0,0,1,0,0,0,0
59080,,,,,,0,0.03,0.15,0,0,0,0,0,0,0,0,0,1
62279055,,,,,,0,0.09,0.26,0,0,0,0,0,0,0,0,0,2
96474800,,,,,,0,1.33,1.18,0,0,0,0,0,0,0,0,0,2
59344077,,,,,,0,0.08,0.1,0,0,0,0,0,0,0,0,0,2
67227834,,,,,,0,0.08,0.11,0,0,0,0,0,0,0,0,0,1
49941059,,,,,,0,0.23,0.17,0,0,0,0,0,0,0,0,0,1
22530212,800.0,1600.0,4.0,,,0,0.07,0.18,0,0,0,0,0,0,0,1,0,0
82458280,0.0,2000.0,3.0,,,0,0.08,0.16,0,0,0,0,0,0,0,1,0,0
77414722,,,,,,0,0.08,0.15,0,0,0,0,0,0,0,0,0,2
1073952,,,,,,0,0.06,0.12,0,0,0,0,0,0,0,0,0,1
61844784,,,,,,0,0.18,0.26,0,0,0,0,0,0,0,0,0,1
64990807,,,,,,0,0.02,0.09,0,0,0,0,0,0,0,0,0,1
10239627,1700.0,1400.0,4.0,,3.0,0,0.11,0.19,0,1,0,0,0,0,0,1,0,0
43385557,2400.0,1700.0,5.0,,,0,3.44,2.66,1,0,0,0,1,0,0,0,0,0
96008713,,,,,,0,0.09,0.14,0,0,0,0,0,0,0,0,0,2
91819979,,,,,,0,0.07,0.15,0,0,0,0,0,0,0,0,0,1
72171665,1500.0,200.0,3.0,,,0,0.05,0.09,0,0,0,0,0,0,0,1,0,0
23220863,1500.0,1800.0,4.0,,3.0,0,0.12,0.11,0,1,0,0,0,0,0,1,0,0
39910367,,,,,,0,0.19,0.32,0,0,0,0,0,0,0,0,0,1
18809562,,,,,,0,0.14,0.2,0,0,0,0,0,0,0,0,0,1
15943341,,,,,,0,0.12,0.17,0,0,0,0,0,0,0,0,0,2
28553439,,,,,,0,0.05,0.08,0,0,0,0,0,0,0,0,0,1
6061630,1700.0,1400.0,4.0,,,0,0.04,0.13,0,0,0,0,0,0,0,1,0,0
32723153,,,,,,0,0.24,0.36,0,0,0,0,0,0,0,0,0,2
46474915,1300.0,1400.0,4.0,,,0,0.07,0.13,0,0,0,0,0,0,0,0,1,0
81210420,,,,,,0,0.05,0.15,0,0,0,0,0,0,0,0,0,2
51916853,500.0,800.0,1.0,,,0,0.07,0.08,0,0,0,0,0,0,0,0,0,0
35058857,900.0,600.0,3.0,,,0,0.1,0.14,0,0,0,0,0,0,0,1,0,0
64389297,,,,,,0,0.02,0.16,0,0,0,0,0,0,0,0,0,1
85852291,,,,,,0,0.1,0.22,0,0,0,0,0,0,0,0,0,1
8034697,2000.0,1000.0,5.0,,,0,0.07,0.2,0,0,0,0,0,0,0,1,0,0
47679935,,,,,,0,4.12,2.2,0,0,0,0,0,0,0,0,0,1
32362575,200.0,700.0,1.0,,,0,0.19,0.67,0,0,0,0,0,0,0,1,0,0
71650854,,,,,,0,0.13,0.25,0,0,0,0,0,0,0,0,0,1
47810543,,,,,,0,0.2,0.26,0,0,0,0,0,0,0,0,0,2
93356623,,,,,,0,3.01,3.04,0,0,0,0,0,0,0,0,0,1
66149377,,,,,,0,1.22,1.5,0,0,0,0,0,0,0,0,0,2
20745268,,,,,,0,0.48,1.28,0,0,0,0,0,0,0,0,0,2
92534075,,,,,,0,0.18,0.27,0,0,0,0,0,0,0,0,0,2
29628180,,,,,,0,1.89,3.46,0,0,0,0,0,0,0,0,0,2
67901914,,,,,,0,0.18,0.33,0,0,0,0,0,0,0,0,0,1
3287359,2000.0,,,2.0,,2,0.0,0.0,1,0,0,0,0,0,1,0,0,0
30907810,2500.0,2500.0,8.0,,,0,0.4,0.69,0,0,0,0,0,0,0,1,0,0
68024506,1500.0,1300.0,4.0,,,0,0.35,0.66,0,0,0,0,0,0,0,1,0,0
32841045,1200.0,2000.0,3.0,,,0,0.3,0.32,0,0,0,0,0,0,0,1,0,0
68246154,1400.0,1200.0,3.0,,,0,0.32,1.08,0,0,0,0,0,0,0,1,0,0
5230799,1600.0,200.0,3.0,,,0,0.14,0.48,0,0,0,0,0,0,0,1,0,0
71791814,1000.0,,,1.0,,1,1.77,1.12,1,0,0,0,0,0,1,0,0,0
31629407,1300.0,1700.0,4.0,,,0,0.27,0.36,0,0,0,0,0,0,0,1,0,0
94418111,1700.0,900.0,4.0,,,0,0.26,0.54,0,0,0,0,0,0,0,1,0,0
7802006,500.0,200.0,2.0,,,0,0.03,0.1,0,0,0,0,0,0,0,1,0,0
3918345,700.0,1200.0,3.0,,,0,0.14,0.19,0,0,0,0,0,0,0,0,0,0
34206604,300.0,300.0,1.0,,,0,0.21,1.09,0,0,0,0,0,0,0,1,0,0
43930492,1800.0,1300.0,4.0,,,0,0.02,0.13,0,0,0,0,0,0,0,1,0,0
43455065,,,,,,0,1.68,0.9,0,0,0,0,0,0,0,0,0,1
18752707,,,,,,0,0.11,0.13,0,0,0,0,0,0,0,0,0,1
98494543,,,,,,0,0.17,0.38,0,0,0,0,0,0,0,0,0,1
53119267,,,,,,0,0.35,0.65,0,0,0,0,0,0,0,0,0,2
85758066,,,,,,0,15.35,140.97,0,0,0,0,0,0,0,0,0,2
30608985,400.0,400.0,2.0,,,0,0.08,0.1,0,0,0,0,0,0,0,1,0,0
43857222,1000.0,1000.0,4.0,,5.0,0,0.18,0.11,0,1,0,0,0,0,0,1,0,0
24845628,,,,,,0,0.31,0.23,0,0,0,0,0,0,0,0,0,1
11827244,,,,,,0,0.06,0.19,0,0,0,0,0,0,0,0,0,1
25531465,600.0,500.0,2.0,,,0,0.02,0.38,0,0,0,0,0,0,0,1,0,0
7922915,,,,,,0,0.15,0.2,0,0,0,0,0,0,0,0,0,2
30208479,2800.0,2600.0,8.0,,,0,0.44,3.3,0,0,0,1,0,0,0,0,0,0
79613121,2800.0,2600.0,8.0,,,0,2.42,4.4,0,0,0,1,0,0,0,1,0,0
47963370,2500.0,2100.0,7.0,,,0,0.23,0.54,0,0,0,1,0,0,0,1,0,0
44001993,2800.0,2600.0,8.0,,,0,6.37,9.58,0,0,0,1,0,0,0,1,0,0
35191415,2100.0,2500.0,7.0,,,0,0.24,0.27,0,0,0,0,0,0,0,1,0,0
31560081,300.0,400.0,1.0,,,0,0.19,0.49,0,0,0,0,0,0,0,1,0,0
67853262,600.0,800.0,5.0,,,0,0.15,0.32,0,0,0,0,0,0,0,1,0,0
67865534,2500.0,2000.0,4.0,,8.0,0,0.12,0.32,1,1,0,0,0,1,0,1,0,0
300302013,,,,,,0,0.15,0.19,0,0,0,0,0,0,0,0,0,3
50755,,,,,,0,0.04,0.11,0,0,0,0,0,0,0,0,0,2
13758665,,,,,,0,0.07,0.21,0,0,0,0,0,0,0,0,0,1
40252269,,,,,,0,0.02,0.22,0,0,0,0,0,0,0,0,0,1
87769556,,,,,,0,0.08,0.22,0,0,0,0,0,0,0,0,0,1
71696014,700.0,2000.0,2.0,,,0,0.12,0.16,0,0,0,0,0,0,0,1,0,0
7084129,1600.0,100.0,3.0,,,0,0.7,0.69,0,0,0,0,0,0,0,1,0,0
95477924,,,,,,0,0.21,0.22,0,0,0,0,0,0,0,0,0,1
80304126,1600.0,1800.0,4.0,,,0,0.25,0.23,0,0,0,0,0,0,0,1,0,0
15845914,2500.0,2500.0,8.0,,,0,32.52,54.29,0,0,0,0,0,0,0,1,0,0
36045450,,,,,,0,0.07,0.07,0,0,0,0,0,0,0,0,0,1
86509711,,,,,,0,0.34,0.67,0,0,0,0,0,0,0,0,0,2
89448140,,,,,,0,0.37,0.87,0,0,0,0,0,0,0,0,0,2
97631303,0.0,0.0,1.0,,,0,1.64,1.6,0,0,0,0,0,0,0,1,0,0
67694706,400.0,300.0,2.0,,,0,0.11,0.12,0,0,0,0,0,0,0,0,0,0
66078354,2300.0,1000.0,4.0,,,0,0.11,0.15,0,0,0,0,0,0,0,1,0,0
47929865,1700.0,1000.0,4.0,,,0,0.11,0.11,0,0,0,0,0,0,0,1,0,0
54408264,,,,,,0,0.06,0.07,0,0,0,0,0,0,0,0,0,1
45655875,2200.0,2000.0,4.0,,,0,0.05,0.1,1,0,1,0,0,0,0,0,0,0
26988374,3000.0,3000.0,8.0,,,0,0.02,0.08,1,0,0,0,0,1,0,0,0,0
71159974,2800.0,2000.0,8.0,,,0,0.06,0.07,1,0,1,0,0,0,0,0,0,0
51510279,,,,,,0,0.04,0.06,0,0,0,0,0,0,0,0,0,2
69522668,2800.0,2800.0,8.0,,,0,0.13,0.11,1,0,0,0,1,0,0,0,0,0
40493210,,,,,,0,0.06,0.05,0,0,0,0,0,0,0,0,0,2
99426088,,,,,,0,0.06,0.09,0,0,0,0,0,0,0,0,0,1
45877457,2000.0,2800.0,8.0,,,0,0.08,0.08,0,0,0,1,0,0,0,1,0,0
19489718,2000.0,2200.0,4.0,,,0,0.09,0.09,0,0,0,1,0,0,0,1,0,0
68300121,2000.0,2000.0,4.0,,,0,0.09,0.15,1,0,0,0,0,1,0,0,0,0
98904974,,,,,,0,0.02,0.06,0,0,0,0,0,0,0,0,0,2
35815783,,,,,,0,0.12,0.14,0,0,0,0,0,0,0,0,0,1
31699677,300.0,200.0,1.0,,,0,0.58,0.97,0,0,0,0,0,0,0,1,0,0
15983048,1600.0,1600.0,4.0,,,0,0.07,0.07,0,0,0,0,0,0,0,0,0,0
66104644,1500.0,900.0,3.0,,8.0,0,0.45,0.98,0,1,0,0,0,0,0,1,0,0
58270977,,,,,,0,0.07,0.07,0,0,0,0,0,0,0,0,0,2
66532962,1000.0,2800.0,4.0,,,0,2.68,4.27,1,0,1,0,0,0,0,0,0,0
34933456,,,,,,0,0.12,0.23,0,0,0,0,0,0,0,0,0,1
7548747,,,,,,0,0.07,0.2,0,0,0,0,0,0,0,0,0,1
327051,,,,,,0,0.07,0.18,0,0,0,0,0,0,0,0,0,1
95833645,1600.0,1200.0,4.0,,,0,0.05,0.11,0,0,0,0,0,0,0,1,0,0
50951254,1800.0,2200.0,8.0,,,0,0.02,0.09,0,0,0,0,0,0,0,1,0,0
36750412,1400.0,600.0,2.0,,,0,0.05,0.3,0,0,0,0,0,0,0,0,0,0
72903645,2400.0,1200.0,6.0,,,0,0.06,0.13,0,0,0,0,0,0,0,1,0,0
26655293,1800.0,1200.0,4.0,,,0,0.12,0.21,0,0,0,0,0,0,0,1,0,0
65514302,,,,,,0,0.12,0.29,0,0,0,0,0,0,0,0,0,1
94940436,,,,,,0,0.02,0.11,0,0,0,0,0,0,0,0,0,1
77133792,,,,,,0,0.03,0.14,0,0,0,0,0,0,0,0,0,2
17841166,,,,,,0,0.21,1.06,0,0,0,0,0,0,0,0,0,2
54734082,,,,,,0,0.28,0.82,0,0,0,0,0,0,0,0,0,1
80352158,,,,,,0,0.21,0.37,0,0,0,0,0,0,0,0,0,1
86289475,800.0,1900.0,4.0,,,0,0.36,1.05,0,0,0,0,0,0,0,1,0,0
87814728,1500.0,1800.0,4.0,,,0,0.12,0.22,0,0,0,0,0,0,0,1,0,0
51826619,1800.0,1500.0,4.0,,,0,0.13,0.21,0,0,0,0,0,0,0,1,0,0
300302014,,,,,,0,0.09,0.26,0,0,0,0,0,0,0,0,0,3
4740489,,,,,,0,0.03,0.18,0,0,0,0,0,0,0,0,0,1
50074522,300.0,1000.0,3.0,,,0,0.12,0.07,0,0,0,0,0,0,0,1,0,0
27331568,,,,,,0,0.04,0.2,0,0,0,0,0,0,0,0,0,1
84877802,,,,,,0,0.22,0.3,0,0,0,0,0,0,0,0,0,1
43227,2800.0,2000.0,8.0,,,0,0.25,0.39,1,0,1,0,0,0,0,0,0,0
93013676,1550.0,1400.0,4.0,,,0,0.06,0.14,0,0,0,0,0,0,0,1,0,0
45796834,1550.0,1400.0,8.0,,,0,0.09,0.15,0,0,0,0,0,0,0,1,0,0
545781,0.0,2500.0,5.0,,,0,0.14,0.15,0,0,0,0,0,0,0,0,0,0
40695128,1200.0,1700.0,4.0,,,0,0.18,0.19,0,0,0,0,0,0,0,0,0,0
53620899,200.0,2000.0,2.0,,,0,0.03,0.1,0,0,0,0,0,0,0,1,0,0
21524779,1400.0,700.0,4.0,,,0,0.64,0.94,0,0,0,0,0,0,0,1,0,0
8445808,400.0,300.0,2.0,,,0,0.17,0.2,0,0,0,0,0,0,0,1,0,0
99176254,,,,,,0,0.16,0.15,0,0,0,0,0,0,0,0,0,2
84055227,1700.0,0.0,4.0,,,0,0.14,0.23,0,0,0,0,0,0,0,1,0,0
17214465,700.0,2000.0,4.0,,,0,0.22,0.39,0,0,0,0,0,0,0,1,0,0
37552929,1500.0,1300.0,4.0,,,0,0.07,0.2,0,0,0,0,0,0,0,1,0,0
79629370,1500.0,1300.0,4.0,,,0,7.44,27.79,0,0,0,0,0,0,0,0,1,0
17947697,0.0,0.0,1.0,,,0,0.17,0.36,0,0,0,0,0,0,0,0,0,0
88241506,0.0,0.0,1.0,,,0,0.15,0.17,0,0,0,0,0,0,0,0,0,0
74983882,,,,,,0,0.0,0.0,0,0,0,0,0,0,0,0,0,4
5506791,100.0,1800.0,3.0,,2.0,0,0.26,0.24,0,1,0,0,0,0,0,1,0,0
68395509,1000.0,1500.0,4.0,,5.0,0,0.08,0.11,0,1,0,0,0,0,0,1,0,0
49366157,,,,,,0,0.14,0.16,0,0,0,0,0,0,0,0,0,1
3594985,2300.0,2000.0,4.0,,5.0,0,0.43,0.97,1,1,0,0,0,1,0,1,0,0
94784213,1500.0,1000.0,4.0,,2.0,0,0.09,0.21,0,1,0,0,0,0,0,1,0,0
5153769,,,,,,0,0.03,0.12,0,0,0,0,0,0,0,0,0,2
66384688,1500.0,,,2.0,,2,0.17,0.13,1,0,0,0,0,0,1,0,0,0
51073802,1500.0,1500.0,4.0,,2.0,0,0.04,0.17,0,1,0,0,0,0,0,1,0,0
31991800,1200.0,900.0,3.0,,5.0,0,0.17,0.17,0,1,0,0,0,0,0,1,0,0
13611090,,,,,,0,0.1,0.13,0,0,0,0,0,0,0,0,0,1
13972452,,,,,,0,0.09,0.12,0,0,0,0,0,0,0,0,0,1
78949372,,,,,,0,0.1,0.13,0,0,0,0,0,0,0,0,0,2
2572890,,,,,,0,0.08,0.1,0,0,0,0,0,0,0,0,0,2
645794,1300.0,500.0,4.0,,5.0,0,0.04,0.15,0,1,0,0,0,0,0,1,0,0
36183881,,,,,,0,0.11,0.1,0,0,0,0,0,0,0,0,0,2
31178212,2000.0,2000.0,6.0,,2.0,0,0.03,0.07,0,1,0,0,0,0,0,1,0,0
51250293,,,,,,0,0.13,0.14,0,0,0,0,0,0,0,0,0,1
88722973,1850.0,2000.0,4.0,,,0,0.09,0.15,1,0,0,0,0,1,0,0,0,0
63144961,,,,,,0,0.02,0.11,0,0,0,0,0,0,0,0,0,1
21159309,0.0,0.0,1.0,,,0,0.08,0.14,0,0,0,0,0,0,0,0,0,0
95701283,2900.0,1800.0,8.0,,,0,0.13,0.19,0,0,0,0,0,0,0,1,0,0
69303178,2400.0,1400.0,6.0,,,0,0.22,0.18,0,0,0,0,0,0,0,1,0,0
32918479,1000.0,500.0,4.0,,,0,0.05,0.09,0,0,0,0,0,0,0,1,0,0
98020526,,,,,,0,0.14,0.11,0,0,0,0,0,0,0,0,0,2
67030233,4000.0,3000.0,10.0,,,0,2.9,2.26,1,0,0,0,1,0,0,0,0,0
7841112,3800.0,3000.0,10.0,,,0,0.82,1.64,1,0,0,0,1,0,0,0,0,0
91434602,2100.0,2700.0,8.0,,,0,0.38,0.19,0,0,0,0,0,0,0,1,0,0
95004025,2300.0,1500.0,5.0,,,0,0.34,0.27,0,0,0,0,0,0,0,1,0,0
43219114,,,,,,0,0.19,0.18,0,0,0,0,0,0,0,0,0,2
92332424,1500.0,1500.0,4.0,,2.0,0,0.38,0.31,0,1,0,0,0,0,0,1,0,0
2783661,,,,,,0,0.13,0.36,0,0,0,0,0,0,0,0,0,1
33746252,2400.0,1000.0,6.0,,,0,0.12,0.23,0,0,0,0,0,0,0,1,0,0
76473843,,,,,,0,2.68,2.03,0,0,0,0,0,0,0,0,0,1
60102563,1000.0,800.0,4.0,,,0,0.15,0.15,0,0,0,0,0,0,0,1,0,0
67211766,2000.0,800.0,5.0,,,0,0.24,0.11,0,0,0,0,0,0,0,1,0,0
59951714,800.0,2000.0,3.0,,,0,0.18,0.18,0,0,0,0,0,0,0,1,0,0
9074847,,,,,,0,0.02,0.14,0,0,0,0,0,0,0,0,0,2
8794435,-1.0,0.0,7.0,,,0,0.24,0.26,0,0,0,0,0,0,0,1,0,0
27827272,,,,,,0,0.05,0.11,0,0,0,0,0,0,0,0,0,1
15725501,,,,,,0,0.0,0.0,0,0,0,0,0,0,0,0,0,1
21593977,1600.0,1200.0,4.0,,,0,0.26,0.07,0,0,0,0,0,0,0,1,0,0
101403002,1600.0,1200.0,4.0,,,0,0.0,0.0,0,0,0,0,0,0,0,1,0,0
35330871,2700.0,2200.0,6.0,,,0,9.22,8.75,0,0,0,1,0,0,0,1,0,0
9433350,3000.0,2500.0,8.0,,,0,0.34,0.31,0,0,0,0,0,0,0,1,0,0
53063039,,,,,,0,0.39,0.45,0,0,0,0,0,0,0,0,0,2
1710476,4000.0,2800.0,10.0,,,0,0.32,0.27,0,0,0,0,0,0,0,1,0,0
81384993,,,,,,0,0.13,0.28,0,0,0,0,0,0,0,0,0,1
68721020,,,,,,0,0.02,0.17,0,0,0,0,0,0,0,0,0,2
16958382,4000.0,4000.0,10.0,,,0,0.21,0.32,0,0,0,0,0,0,0,1,0,0
5125629,,,,,,0,0.02,0.17,0,0,0,0,0,0,0,0,0,2
8310162,4000.0,4000.0,10.0,,,0,2.13,5.04,1,0,0,0,1,0,0,0,0,0
48829461,0.0,0.0,1.0,,,0,0.22,0.29,0,0,0,0,0,0,0,1,0,0
74509280,0.0,0.0,2.0,,,0,1.04,1.2,0,0,0,0,0,0,0,0,0,0
598988,4000.0,0.0,10.0,,,0,1.83,4.03,0,0,0,0,0,0,0,1,0,0
55343236,2400.0,2000.0,7.0,,,0,0.4,0.54,0,0,0,0,0,0,0,1,0,0
18378992,,,,,,0,0.15,0.23,0,0,0,0,0,0,0,0,0,1
36521459,2500.0,2000.0,8.0,,,0,3.39,4.32,0,0,0,0,0,0,0,1,0,0
75223115,,,,,,0,0.14,0.32,0,0,0,0,0,0,0,0,0,1
37115575,5000.0,5000.0,12.0,,,0,0.35,0.5,0,0,0,0,0,0,0,1,0,0
44763696,,,,,,0,0.1,0.25,0,0,0,0,0,0,0,0,0,2
27564031,,,,,,0,0.84,2.54,0,0,0,0,0,0,0,0,0,1
1224927,,,,,,0,0.09,0.19,0,0,0,0,0,0,0,0,0,2
31571902,2400.0,1400.0,6.0,,,0,0.14,0.21,0,0,0,0,0,0,0,1,0,0
99597615,,,,,,0,0.05,0.15,0,0,0,0,0,0,0,0,0,1
6137095,,,,,,0,0.14,0.07,0,0,0,0,0,0,0,0,0,2
14255590,700.0,1000.0,4.0,,,0,0.08,0.09,0,0,0,0,0,0,0,1,0,0
13626450,,,,,,0,0.05,0.09,0,0,0,0,0,0,0,0,0,1
72657739,1600.0,1700.0,4.0,,,0,0.1,0.36,0,0,0,0,0,0,0,1,0,0
25643346,1000.0,1000.0,3.0,,,0,0.04,0.09,0,0,0,0,0,0,0,1,0,0
61791132,400.0,400.0,2.0,,,0,0.05,0.04,0,0,0,0,0,0,0,1,0,0
98780137,600.0,100.0,2.0,,,0,0.05,0.07,0,0,0,0,0,0,0,1,0,0
35307484,100.0,500.0,2.0,,,0,0.05,0.09,0,0,0,0,0,0,0,1,0,0
20726052,,,,,,0,0.09,0.14,0,0,0,0,0,0,0,0,0,2
94722358,,,,,,0,0.13,1.08,0,0,0,0,0,0,0,0,0,2
57111661,,,,,,0,0.18,0.24,0,0,0,0,0,0,0,0,0,2
96676583,1500.0,300.0,3.0,,,0,0.13,0.16,0,0,0,0,0,0,0,1,0,0
32061192,900.0,300.0,3.0,,,0,0.17,0.25,0,0,0,0,0,0,0,1,0,0
20938824,600.0,300.0,3.0,,,0,17.3,24.67,0,0,0,0,0,0,0,1,0,0
69272449,1200.0,300.0,3.0,,,0,0.43,0.33,0,0,0,0,0,0,0,1,0,0
21848500,2500.0,,,3.0,,3,0.15,0.18,1,0,0,0,0,0,1,0,0,0
68059897,2300.0,,,3.0,,3,0.23,0.18,1,0,0,0,0,0,1,0,0,0
95454996,2300.0,,,3.0,,3,0.2,0.2,1,0,0,0,0,0,1,0,0,0
93453053,,,,,,0,0.26,0.25,0,0,0,0,0,0,0,0,0,1
68337209,,,,,,0,1.6,1.72,0,0,0,0,0,0,0,0,0,1
42671152,,,,,,0,0.0,0.0,0,0,0,0,0,0,0,0,0,4
83828288,,,,,,0,0.04,0.04,0,0,0,0,0,0,0,0,0,2
40374923,1200.0,800.0,3.0,,,0,0.02,0.12,0,0,0,0,0,0,0,0,1,0
40680521,2800.0,2800.0,10.0,,10.0,0,0.55,0.32,1,1,1,0,0,0,0,1,0,0
71395725,500.0,500.0,3.0,,,0,0.09,0.09,0,0,0,0,0,0,0,1,0,0
93553943,800.0,600.0,2.0,,,0,0.06,0.1,0,0,0,0,0,0,0,0,1,0
54652250,450.0,600.0,2.0,,,0,0.05,0.22,0,0,0,0,0,0,0,1,0,0
80727036,2100.0,1300.0,5.0,,,0,11.16,21.33,1,0,1,0,0,0,0,0,0,0
49127943,800.0,600.0,2.0,,,0,0.0,0.0,0,0,0,0,0,0,0,0,1,0
13723605,1600.0,1000.0,4.0,,,0,0.12,0.25,0,0,0,0,0,0,0,0,1,0
43714890,1000.0,1000.0,4.0,,,0,0.33,0.19,0,0,0,0,0,0,0,1,0,0
11074235,2200.0,1200.0,6.0,,,0,0.11,0.15,0,0,0,0,0,0,0,1,0,0
19474136,2500.0,1000.0,5.0,,2.0,0,0.08,0.1,0,1,0,0,0,0,0,0,1,0
38369349,2200.0,2600.0,7.0,,,0,0.05,0.09,0,0,0,0,0,0,0,0,0,0
33455338,600.0,1000.0,3.0,,,0,0.05,0.08,0,0,0,0,0,0,0,1,0,0
95492061,1400.0,1000.0,4.0,,,0,0.11,0.19,0,0,0,0,0,0,0,1,0,0
45065541,,,,,,0,0.4,0.23,0,0,0,0,0,0,0,0,0,1
71164684,,,,,,0,0.06,0.11,0,0,0,0,0,0,0,0,0,2
17272964,0.0,2000.0,2.0,,,0,0.08,0.07,0,0,0,0,0,0,0,0,0,0
19671433,,,,,,0,0.08,0.19,0,0,0,0,0,0,0,0,0,1
44760562,0.0,1800.0,2.0,,,0,0.21,0.23,0,0,0,0,0,0,0,0,0,0
90465153,3000.0,3000.0,10.0,,,0,0.24,0.42,1,0,0,0,1,0,0,0,0,0
18158393,,,,,,0,0.1,0.26,0,0,0,0,0,0,0,0,0,2
71277255,1500.0,2100.0,4.0,,,0,0.82,1.03,0,0,0,0,0,0,0,1,0,0
80621253,0.0,1500.0,2.0,,,0,0.11,0.2,0,0,0,0,0,0,0,0,0,0
21368273,2300.0,1200.0,6.0,,,0,0.62,1.5,1,0,0,0,1,0,0,0,0,0
36890111,,,,,,0,0.05,0.13,0,0,0,0,0,0,0,0,0,1
77121851,2300.0,1000.0,6.0,,,0,0.31,0.39,0,0,0,0,0,0,0,1,0,0
64538914,2300.0,1000.0,6.0,,,0,0.09,0.08,0,0,0,0,0,0,0,1,0,0
22916418,2400.0,1200.0,7.0,,,0,0.03,0.07,0,0,0,0,0,0,0,1,0,0
73104892,2100.0,2600.0,7.0,,,0,0.04,0.07,1,0,0,0,1,0,0,0,0,0
73417207,1000.0,500.0,2.0,,,0,0.2,0.31,0,0,0,0,0,0,0,0,0,0
2460565,1200.0,400.0,3.0,,,0,0.03,0.19,0,0,0,0,0,0,0,1,0,0
24037702,,,,,,0,0.94,0.55,0,0,0,0,0,0,0,0,0,1
19870120,,,,,,0,0.13,0.14,0,0,0,0,0,0,0,0,0,1
28643791,,,,,,0,0.06,0.1,0,0,0,0,0,0,0,0,0,1
13903402,2400.0,2400.0,9.0,,,0,0.13,0.22,0,0,0,0,0,0,0,1,0,0
54537489,2100.0,1400.0,7.0,,,0,0.03,0.05,0,0,0,0,0,0,0,0,0,0
62632427,,,,,,0,0.03,0.11,0,0,0,0,0,0,0,0,0,1
58205203,1800.0,1400.0,6.0,,,0,0.11,0.08,0,0,0,0,0,0,0,1,0,0
94160895,2700.0,2100.0,9.0,,,0,0.05,0.08,0,0,0,0,0,0,0,1,0,0
78540593,2800.0,1600.0,8.0,,,0,0.17,0.01,0,0,0,0,0,0,0,1,0,0
20934852,2300.0,,,4.0,,4,0.47,0.38,1,0,0,0,0,0,1,0,0,0
33945211,600.0,2100.0,4.0,,,0,0.08,0.17,0,0,0,0,0,0,0,1,0,0
91027843,,,,,,0,0.05,0.12,0,0,0,0,0,0,0,0,0,1
43735670,1500.0,,,1.0,,1,1.43,1.88,1,0,0,0,0,0,1,0,0,0
91953000,1500.0,1200.0,4.0,,,0,0.06,0.17,0,0,0,0,0,0,0,1,0,0
19712214,,,,,,0,0.11,0.13,0,0,0,0,0,0,0,0,0,2
27012990,,,,,,0,0.07,0.09,0,0,0,0,0,0,0,0,0,2
83723605,,,,,,0,0.08,0.18,0,0,0,0,0,0,0,0,0,2
79130389,2000.0,,,2.0,,2,0.23,0.3,1,0,0,0,0,0,1,0,0,0
84546257,1500.0,,,3.0,,3,0.43,0.38,1,0,0,0,0,0,1,0,0,0
54569495,600.0,2300.0,5.0,,,0,0.08,0.17,0,0,0,0,0,0,0,1,0,0
67712104,0.0,,,2.0,,2,0.02,0.14,1,0,0,0,0,0,1,0,0,0
84430165,,,,,,0,0.08,0.11,0,0,0,0,0,0,0,0,0,2
57329501,,,,,,0,1.91,3.9,0,0,0,0,0,0,0,0,0,1
47910940,2600.0,,,4.0,,4,0.11,0.18,1,0,0,0,0,0,1,0,0,0
28174796,100.0,100.0,1.0,,,0,0.15,0.25,0,0,0,0,0,0,0,1,0,0
5524387,2500.0,,,3.0,,3,0.05,0.12,1,0,0,0,0,0,1,0,0,0
99885917,1200.0,2000.0,4.0,,,0,0.04,0.17,0,0,0,0,0,0,0,1,0,0
30691817,1000.0,,,1.0,,1,0.05,0.12,1,0,0,0,0,0,1,0,0,0
36492575,1400.0,1000.0,3.0,,,0,0.05,0.2,0,0,0,0,0,0,0,1,0,0
62886670,800.0,400.0,2.0,,,0,0.09,0.12,0,0,0,0,0,0,0,1,0,0
57541158,500.0,2500.0,5.0,,,0,0.07,0.23,0,0,0,0,0,0,0,1,0,0
80627281,,,,,,0,0.12,0.13,0,0,0,0,0,0,0,0,0,2
21057444,1200.0,1000.0,4.0,,,0,0.49,0.79,0,0,0,0,0,0,0,1,0,0
52945066,,,,,,0,0.04,0.15,0,0,0,0,0,0,0,0,0,2
94207108,2400.0,,,4.0,,4,0.03,0.08,1,0,0,0,0,0,1,0,0,0
29929832,1700.0,1600.0,5.0,,,0,0.35,3.66,1,0,1,0,0,0,0,0,0,0
87514539,1000.0,1000.0,3.0,,,0,0.16,0.17,0,0,0,0,0,0,0,1,0,0
45247637,,,,,,0,0.14,0.17,0,0,0,0,0,0,0,0,0,1
48737767,1200.0,400.0,3.0,,,0,0.44,0.18,0,0,0,0,0,0,0,1,0,0
63881033,,,,,,0,0.05,0.24,0,0,0,0,0,0,0,0,0,2
93749093,200.0,200.0,1.0,,,0,0.25,0.11,0,0,0,0,0,0,0,1,0,0
31305911,300.0,500.0,3.0,,,0,0.15,0.17,0,0,0,0,0,0,0,1,0,0
66865880,,,,,,0,0.17,0.33,0,0,0,0,0,0,0,0,0,1
10966439,800.0,600.0,1.0,,,0,22.26,27.85,0,0,0,0,0,0,0,1,0,0
101403010,1700.0,0.0,4.0,,,0,0.0,0.0,0,0,0,0,0,0,0,0,0,0
81846453,500.0,2200.0,3.0,,,0,0.14,0.15,1,0,0,0,1,0,0,0,0,0
59138498,0.0,0.0,1.0,,,0,0.37,0.51,0,0,0,0,0,0,0,1,0,0
71466592,900.0,900.0,3.0,,,0,0.02,0.12,0,0,0,0,0,0,0,1,0,0
44287299,1100.0,1100.0,4.0,,,0,0.04,0.21,0,0,0,0,0,0,0,0,1,0
21143940,,,,,,0,0.21,0.46,0,0,0,0,0,0,0,0,0,1
93600443,,,,,,0,0.19,0.38,0,0,0,0,0,0,0,0,0,1
87819421,,,,,,0,0.27,0.63,0,0,0,0,0,0,0,0,0,1
82432018,,,,,,0,0.15,0.23,0,0,0,0,0,0,0,0,0,1
28933734,900.0,400.0,2.0,,,0,0.08,0.16,0,0,0,0,0,0,0,1,0,0
20765952,,,,,,0,0.29,0.96,0,0,0,0,0,0,0,0,0,1
29549364,,,,,,0,0.83,3.11,0,0,0,0,0,0,0,0,0,2
56948373,,,,,,0,0.15,0.22,0,0,0,0,0,0,0,0,0,1
57882509,,,,,,0,0.04,0.08,0,0,0,0,0,0,0,0,0,2
48948935,3300.0,2500.0,8.0,,,0,0.1,0.58,0,0,0,0,0,0,0,1,0,0
53573406,1600.0,1100.0,4.0,,,0,0.8,0.45,0,0,0,0,0,0,0,0,0,0
87350908,100.0,100.0,1.0,,,0,0.34,0.99,0,0,0,0,0,0,0,1,0,0
77581312,500.0,700.0,2.0,,,0,0.0,0.0,0,0,0,0,0,0,0,0,1,0
39191307,1400.0,1100.0,3.0,,,0,0.15,0.47,0,0,0,0,0,0,0,1,0,0
29095552,2600.0,2100.0,8.0,,,0,0.53,0.48,1,0,1,0,0,0,0,0,0,0
59642500,2800.0,1200.0,8.0,,,0,0.62,0.33,1,0,1,0,0,0,0,0,0,0
85672957,2600.0,2000.0,8.0,,,0,0.41,1.41,1,0,1,0,0,0,0,0,0,0
89870349,2200.0,1800.0,6.0,,,0,0.18,0.21,1,0,1,0,0,0,0,0,0,0
58481572,2400.0,1800.0,6.0,,,0,0.13,0.23,1,0,1,0,0,0,0,0,0,0
62624486,2800.0,3000.0,8.0,,,0,0.23,0.17,1,0,1,0,0,0,0,0,0,0
22093873,2700.0,1900.0,8.0,,,0,0.3,0.38,1,0,1,0,0,0,0,0,0,0
10808715,1200.0,1000.0,4.0,,,0,2.53,4.11,0,0,0,0,0,0,0,1,0,0
66206748,1000.0,1400.0,4.0,,,0,9.08,9.31,0,0,0,0,0,0,0,1,0,0
58288218,2200.0,1000.0,7.0,,,0,3.29,10.1,0,0,0,0,0,0,0,1,0,0
58147549,2200.0,1800.0,6.0,,,0,0.14,0.11,1,0,1,0,0,0,0,0,0,0
50608164,2500.0,1800.0,8.0,,,0,0.28,0.26,1,0,1,0,0,0,0,0,0,0
10920352,2400.0,2000.0,6.0,,,0,0.24,0.14,1,0,1,0,0,0,0,0,0,0
22512406,1200.0,1800.0,4.0,,,0,0.12,0.16,0,0,0,0,0,0,0,1,0,0
10189126,900.0,1400.0,4.0,,,0,0.22,0.24,0,0,0,0,0,0,0,1,0,0
6855503,2500.0,2000.0,8.0,,,0,0.09,0.12,1,0,1,0,0,0,0,0,0,0
34906152,,,,,,0,0.17,0.45,0,0,0,0,0,0,0,0,0,1
21768554,,,,,,0,0.2,0.22,0,0,0,0,0,0,0,0,0,2
67820935,,,,,,0,0.06,0.11,0,0,0,0,0,0,0,0,0,2
75499502,1200.0,1000.0,4.0,,,0,0.09,0.31,0,0,0,0,0,0,0,0,1,0
25727454,200.0,200.0,2.0,,,0,0.06,0.08,0,0,0,0,0,0,0,1,0,0
16191953,2600.0,1400.0,8.0,,,0,0.11,0.13,0,0,0,0,0,0,0,1,0,0
55794644,2700.0,2100.0,8.0,,,0,0.19,0.23,0,0,0,0,0,0,0,1,0,0
24530661,1750.0,1000.0,4.0,,,0,0.06,0.13,0,0,0,0,0,0,0,0,1,0
49814180,1900.0,1000.0,5.0,,,0,0.87,0.48,0,0,0,0,0,0,0,1,0,0
85059922,3000.0,2500.0,8.0,,,0,0.16,0.35,1,0,1,0,0,0,0,0,0,0
9551692,2100.0,1850.0,5.0,,,0,0.03,0.09,1,0,1,0,0,0,0,0,0,0
27134689,4200.0,3700.0,9.0,,,0,0.6,0.67,1,0,1,0,0,0,0,0,0,0
34160055,1800.0,1200.0,4.0,,,0,0.08,0.21,0,0,0,0,0,0,0,1,0,0
34079868,2950.0,2950.0,8.0,,,0,0.33,0.29,0,0,0,0,0,0,0,1,0,0
21377582,2950.0,2950.0,8.0,,,0,0.36,0.44,0,0,0,0,0,0,0,1,0,0
12800564,2950.0,2950.0,10.0,,,0,0.38,0.51,0,0,0,0,0,0,0,1,0,0
75195825,1950.0,0.0,4.0,,3.0,0,0.25,0.27,0,1,0,0,0,0,0,0,1,0
68508433,3500.0,3000.0,12.0,,1.0,0,0.02,0.12,1,1,1,0,0,0,0,1,0,0
34541543,1200.0,900.0,3.0,,,0,0.06,0.06,0,0,0,0,0,0,0,1,0,0
45644898,300.0,1200.0,1.0,,,0,0.06,0.05,0,0,0,0,0,0,0,0,0,0
11327848,2000.0,2000.0,5.0,,,0,0.03,0.04,0,0,0,0,0,0,0,1,0,0
63101468,3200.0,2600.0,10.0,,,0,0.28,0.19,1,0,0,0,1,0,0,0,0,0
35606858,2000.0,,0.0,2.0,,2,0.3,0.99,1,0,0,0,0,0,1,0,0,0
7622360,0.0,0.0,6.0,,,0,0.25,0.27,0,0,0,1,0,0,0,1,0,0
22609617,1300.0,800.0,3.0,,,0,0.08,0.25,0,0,0,0,0,0,0,1,0,0
94446564,,,,,,0,0.05,0.1,0,0,0,0,0,0,0,0,0,2
17008760,,,,,,0,0.06,0.08,0,0,0,0,0,0,0,0,0,1
64767757,,,,,,0,0.22,0.12,0,0,0,0,0,0,0,0,0,2
72409226,2000.0,2000.0,3.0,,,0,0.21,0.17,1,0,0,0,0,1,0,0,0,0
37426272,1500.0,1500.0,3.0,,,0,0.05,0.16,0,0,0,0,0,0,0,1,0,0
70597485,500.0,500.0,3.0,,,0,0.05,0.07,1,0,0,0,0,1,0,0,0,0
33008376,1000.0,1000.0,3.0,,,0,0.09,0.13,0,0,0,0,0,0,0,1,0,0
38669664,,,,,,0,0.17,0.13,0,0,0,0,0,0,0,0,0,1
66059345,,,,,,0,0.08,0.1,0,0,0,0,0,0,0,0,0,1
64911387,0.0,0.0,3.0,,,0,0.04,0.14,0,0,0,0,0,0,0,1,0,0
24649931,,,,,,0,0.02,0.1,0,0,0,0,0,0,0,0,0,1
41386308,1500.0,500.0,3.0,,,0,0.1,0.13,0,0,0,0,0,0,0,1,0,0
80965043,1000.0,1000.0,4.0,,,0,0.26,0.2,0,0,0,0,0,0,0,1,0,0
41410651,,,,,,0,0.22,0.3,0,0,0,0,0,0,0,0,0,1
36521307,1500.0,1500.0,4.0,,,0,0.65,0.27,0,0,0,0,0,0,0,1,0,0
17946349,1000.0,1500.0,4.0,,,0,0.17,0.4,0,0,0,0,0,0,0,0,0,0
89743495,1500.0,1000.0,4.0,,,0,0.34,0.28,0,0,0,0,0,0,0,1,0,0
14025912,,,,,,0,0.07,0.2,0,0,0,0,0,0,0,0,0,1
14393464,,,,,,0,0.22,0.42,0,0,0,0,0,0,0,0,0,2
52354896,500.0,2000.0,4.0,,,0,0.26,0.41,0,0,0,0,0,0,0,1,0,0
53577438,1000.0,1500.0,4.0,,,0,0.22,0.73,0,0,0,0,0,0,0,0,0,0
27182739,1000.0,1500.0,4.0,,,0,0.14,0.33,0,0,0,0,0,0,0,0,0,0
16360142,1000.0,1000.0,4.0,,,0,0.54,0.97,0,0,0,0,0,0,0,1,0,0
87804365,,,,,,0,0.18,0.2,0,0,0,0,0,0,0,0,0,2
52904476,600.0,600.0,2.0,,,0,0.15,0.32,0,0,0,0,0,0,0,1,0,0
92650749,,,,,,0,0.1,0.11,0,0,0,0,0,0,0,0,0,1
80921533,,,,,,0,0.08,0.17,0,0,0,0,0,0,0,0,0,1
24382602,,,,,,0,0.05,0.08,0,0,0,0,0,0,0,0,0,1
59036972,1300.0,900.0,4.0,,,0,2.45,41.74,1,0,1,0,0,0,0,0,0,0
89812483,,,,,,0,0.11,0.27,0,0,0,0,0,0,0,0,0,2
94538053,1800.0,800.0,4.0,,,0,0.07,0.31,0,0,0,0,0,0,0,1,0,0
30707994,1900.0,1600.0,6.0,,,0,0.63,0.73,0,0,0,0,0,0,0,1,0,0
23434538,500.0,200.0,2.0,,,0,1.38,3.96,0,0,0,0,0,0,0,1,0,0
41867019,,,,,,0,0.2,0.29,0,0,0,0,0,0,0,0,0,2
39753577,,,,,,0,0.18,0.31,0,0,0,0,0,0,0,0,0,2
2364438,,,,,,0,0.02,0.17,0,0,0,0,0,0,0,0,0,1
51225407,,,,,,0,0.17,0.23,0,0,0,0,0,0,0,0,0,1
91405870,,,,,,0,0.02,0.12,0,0,0,0,0,0,0,0,0,1
93368494,3000.0,300.0,10.0,,7.0,0,0.56,0.89,0,1,0,0,0,0,0,1,0,0
21364070,2000.0,3000.0,10.0,,3.0,0,0.11,0.06,0,1,0,0,0,0,0,1,0,0
6133894,2800.0,2300.0,8.0,,,0,0.55,0.4,0,0,0,0,0,0,0,1,0,0
50176820,1800.0,1500.0,5.0,,,0,0.0,0.0,0,0,0,0,0,0,0,0,1,0
63545455,500.0,400.0,2.0,,,0,0.0,0.0,0,0,0,0,0,0,0,0,1,0
10110717,800.0,100.0,2.0,,,0,0.14,0.11,0,0,0,0,0,0,0,1,0,0
16943770,1600.0,400.0,3.0,,,0,0.38,0.4,0,0,0,0,0,0,0,1,0,0
44097050,2100.0,,,3.0,,3,0.42,0.65,1,0,0,0,0,0,1,0,0,0
4417407,1200.0,1700.0,4.0,,,0,0.09,0.11,0,0,0,0,0,0,0,1,0,0
67489919,1400.0,1100.0,3.0,,,0,0.11,0.17,0,0,0,0,0,0,0,0,0,0
94973028,1600.0,1500.0,4.0,,,0,0.05,0.08,0,0,0,0,0,0,0,1,0,0
53451824,2400.0,1200.0,7.0,,,0,0.22,0.23,1,0,0,0,1,0,0,0,0,0
22110647,2600.0,2200.0,7.0,,,0,0.21,0.16,1,0,0,0,0,1,0,0,0,0
66200210,1100.0,1600.0,3.0,,,0,0.28,0.1,0,0,0,0,0,0,0,1,0,0
20368763,1800.0,800.0,4.0,,,0,0.06,0.14,0,0,0,0,0,0,0,1,0,0
26949946,2700.0,2000.0,9.0,,,0,0.11,0.14,1,0,0,0,1,0,0,0,0,0
41329458,1000.0,2500.0,7.0,,,0,0.15,0.16,0,0,0,0,0,0,0,1,0,0
31533704,1900.0,1000.0,4.0,,,0,0.26,0.49,0,0,0,0,0,0,0,1,0,0
72291078,600.0,1000.0,2.0,,,0,0.38,0.68,0,0,0,0,0,0,0,0,0,0
44026393,1500.0,1500.0,4.0,,,0,0.05,0.11,0,0,0,0,0,0,0,1,0,0
15335853,2100.0,100.0,4.0,,,0,0.06,0.1,0,0,0,0,0,0,0,1,0,0
30811116,100.0,2100.0,3.0,,,0,0.09,0.05,0,0,0,0,0,0,0,1,0,0
67922702,1700.0,1200.0,4.0,,,0,0.09,0.2,0,0,0,0,0,0,0,1,0,0
904186,,,,,,0,4.11,6.53,0,0,0,0,0,0,0,0,0,4
76902476,500.0,2000.0,3.0,,,0,0.15,0.13,0,0,0,0,0,0,0,1,0,0
31480215,300.0,300.0,1.0,,,0,0.16,0.15,0,0,0,0,0,0,0,0,0,0
40160226,2300.0,1800.0,5.0,,,0,0.16,0.11,0,0,0,0,0,0,0,1,0,0
94667532,1000.0,1000.0,4.0,,,0,0.13,0.26,0,0,0,0,0,0,0,1,0,0
94412545,800.0,600.0,2.0,,,0,0.0,0.0,0,0,0,0,0,0,0,0,1,0
22512237,2800.0,1500.0,7.0,,,0,0.11,0.13,0,0,0,0,0,0,0,1,0,0
22106558,500.0,500.0,3.0,,,0,0.03,0.13,0,0,0,0,0,0,0,0,0,0
34442949,800.0,1000.0,3.0,,,0,0.05,0.09,0,0,0,0,0,0,0,0,1,0
7359741,1850.0,800.0,4.0,,,0,0.17,0.25,0,0,0,0,0,0,0,0,1,0
15914410,1800.0,1000.0,3.0,,,0,0.24,0.85,1,0,0,0,0,1,0,0,0,0
76211194,800.0,400.0,2.0,,,0,0.02,0.15,0,0,0,0,0,0,0,0,1,0
84206435,,,,,,0,0.09,0.17,0,0,0,0,0,0,0,0,0,1
4063756,3000.0,,,3.0,,3,2.7,4.25,1,0,0,0,0,0,1,0,0,0
88494899,2200.0,1600.0,7.0,,,0,0.11,0.1,0,0,0,0,0,0,0,1,0,0
58843503,1600.0,0.0,4.0,,,0,0.25,0.12,0,0,0,0,0,0,0,1,0,0
97556336,1800.0,1800.0,4.0,,,0,0.49,0.46,0,0,0,0,0,0,0,1,0,0
2694423,500.0,600.0,2.0,,,0,0.14,0.27,0,0,0,0,0,0,0,1,0,0
18551923,1400.0,1600.0,4.0,,,0,0.33,0.27,0,0,0,0,0,0,0,1,0,0
46820049,1800.0,1700.0,5.0,,,0,0.08,0.44,0,0,0,0,0,0,0,1,0,0
96546575,2550.0,2350.0,7.0,,,0,0.31,0.26,0,0,0,0,0,0,0,1,0,0
21817254,750.0,600.0,2.0,,,0,0.07,0.17,0,0,0,0,0,0,0,0,1,0
32062913,,,,,,0,0.03,0.13,0,0,0,0,0,0,0,0,0,1
29876299,,,,,,0,0.07,0.11,0,0,0,0,0,0,0,0,0,1
25726386,2000.0,3000.0,8.0,,,0,0.3,0.58,0,0,0,1,0,0,0,1,0,0
99628747,1500.0,2600.0,8.0,,,0,0.16,0.53,0,0,0,1,0,0,0,1,0,0
76209339,,,,,,0,0.12,0.25,0,0,0,0,0,0,0,0,0,2
90444325,1300.0,2600.0,4.0,,,0,0.11,0.32,0,0,0,1,0,0,0,1,0,0
44293356,3700.0,2700.0,12.0,,,0,0.18,0.31,0,0,0,1,0,0,0,1,0,0
36849933,1000.0,2700.0,4.0,,,0,0.11,0.3,0,0,0,1,0,0,0,1,0,0
63056220,1600.0,2500.0,4.0,,,0,0.15,0.15,0,0,0,1,0,0,0,1,0,0
63233638,2500.0,1200.0,8.0,,,0,0.1,0.37,0,0,0,1,0,0,0,1,0,0
78990927,500.0,2000.0,2.0,,,0,0.06,0.13,0,0,0,1,0,0,0,1,0,0
8805651,2000.0,300.0,4.0,,,0,0.1,0.1,0,0,0,1,0,0,0,1,0,0
84504242,,,,,,0,0.08,0.27,0,0,0,0,0,0,0,0,0,1
40204620,,,,,,0,0.17,0.31,0,0,0,0,0,0,0,0,0,2
69003792,,,,,,0,0.23,0.53,0,0,0,0,0,0,0,0,0,1
81823360,2000.0,0.0,4.0,,,0,0.32,0.69,0,0,0,0,0,0,0,0,1,0
22046459,,,,,,0,0.13,0.37,0,0,0,0,0,0,0,0,0,1
71544954,-1.0,-1.0,7.0,,,0,0.27,0.34,0,0,0,0,0,0,0,1,0,0
44139064,,,,,,0,0.18,0.24,0,0,0,0,0,0,0,0,0,1
7562372,1500.0,1800.0,5.0,,,0,7.29,1.1,0,0,0,0,0,0,0,0,1,0
75390004,1800.0,2000.0,6.0,,,0,9.16,12.58,0,0,0,0,0,0,0,0,1,0
23032273,900.0,600.0,3.0,,,0,0.0,0.0,0,0,0,0,0,0,0,0,1,0
83035296,0.0,2000.0,1.0,,,0,0.04,0.1,0,0,0,0,0,0,0,1,0,0
47731128,1700.0,600.0,4.0,,,0,0.07,0.07,0,0,0,0,0,0,0,1,0,0
11825276,2500.0,1500.0,6.0,,,0,0.14,0.32,1,0,1,0,0,0,0,0,0,0
93715853,100.0,2100.0,4.0,,,0,0.06,0.06,0,0,0,0,0,0,0,1,0,0
84754430,2000.0,0.0,4.0,,,0,0.16,0.19,0,0,0,0,0,0,0,0,1,0
20537097,2000.0,2500.0,5.0,,,0,0.04,0.13,0,0,0,0,0,0,0,1,0,0
21887175,3000.0,,,4.0,,4,0.08,0.15,1,0,0,0,0,0,1,0,0,0
66022706,2100.0,1600.0,6.0,,,0,0.06,0.13,0,0,0,0,0,0,0,1,0,0
92204263,2400.0,2400.0,8.0,,,0,0.39,0.25,0,0,0,0,0,0,0,1,0,0
72006609,2000.0,,0.0,2.0,,2,0.31,0.23,1,0,0,0,0,0,1,0,0,0
93020401,800.0,3000.0,6.0,,,0,0.09,0.2,0,0,0,0,0,0,0,1,0,0
28692962,2500.0,2000.0,8.0,,,0,0.06,0.18,0,0,0,0,0,0,0,1,0,0
56809158,2300.0,2600.0,7.0,,,0,0.02,0.12,0,0,0,0,0,0,0,1,0,0
38502358,3000.0,,0.0,3.0,,3,0.37,0.25,1,0,0,0,0,0,1,0,0,0
29415459,2200.0,2800.0,7.0,,,0,0.04,0.13,0,0,0,0,0,0,0,1,0,0
3715284,1200.0,1800.0,4.0,,,0,0.24,0.15,0,0,0,0,0,0,0,1,0,0
2137678,1600.0,1200.0,4.0,,,0,0.04,0.08,0,0,0,0,0,0,0,1,0,0
75733063,1200.0,1000.0,4.0,,,0,0.06,0.06,0,0,0,0,0,0,0,1,0,0
39648965,1800.0,0.0,4.0,,,0,0.06,0.11,0,0,0,0,0,0,0,1,0,0
39109382,,,,,,0,0.31,0.23,0,0,0,0,0,0,0,0,0,1
38522377,0.0,0.0,10.0,,,0,0.04,0.13,0,0,0,0,0,0,0,1,0,0
4837861,3000.0,0.0,10.0,,,0,0.59,0.22,0,0,0,0,0,0,0,1,0,0
63468625,4000.0,4000.0,12.0,,,0,0.06,0.12,0,0,0,0,0,0,0,1,0,0
2992036,,,,,,0,0.08,0.15,0,0,0,0,0,0,0,0,0,2
66594927,,,,,,0,0.12,0.15,0,0,0,0,0,0,0,0,0,1
4545683,0.0,0.0,1.0,,,0,0.07,0.04,0,0,0,0,0,0,0,1,0,0
31930787,2200.0,2200.0,1.0,,,0,0.1,0.14,0,0,0,0,0,0,0,1,0,0
68140974,2500.0,2500.0,1.0,,,0,0.06,0.06,0,0,0,0,0,0,0,1,0,0
30221870,2500.0,2500.0,1.0,,,0,0.24,0.07,0,0,0,0,0,0,0,1,0,0
77864539,,,,,,0,0.1,0.17,0,0,0,0,0,0,0,0,0,2
67328336,,,,,,0,0.07,0.1,0,0,0,0,0,0,0,0,0,1
77710579,0.0,0.0,1.0,,,0,0.35,0.25,0,0,0,0,0,0,0,1,0,0
41475424,,,,,,0,0.08,0.13,0,0,0,0,0,0,0,0,0,2
86569121,1500.0,1200.0,4.0,,,0,0.02,0.11,0,0,0,0,0,0,0,0,1,0
93018428,200.0,200.0,2.0,,,0,0.43,1.17,0,0,0,0,0,0,0,1,0,0
57523313,100.0,300.0,2.0,,,0,0.11,0.24,0,0,0,0,0,0,0,1,0,0
25687946,,,,,,0,0.09,0.13,0,0,0,0,0,0,0,0,0,1
5833929,0.0,2000.0,2.0,,,0,0.08,0.14,1,0,0,0,0,1,0,0,0,0
63644830,,,,,,0,0.11,0.22,0,0,0,0,0,0,0,0,0,1
76833149,1000.0,1000.0,2.0,,,0,0.09,0.26,1,0,0,0,0,1,0,0,0,0
30439101,500.0,2000.0,2.0,,,0,0.5,0.47,1,0,0,0,0,1,0,0,0,0
34800281,300.0,100.0,2.0,,,0,0.08,0.1,0,0,0,0,0,0,0,0,0,0
82134632,,,,,,0,0.04,0.25,0,0,0,0,0,0,0,0,0,2
58036097,,,,,,0,0.08,0.12,0,0,0,0,0,0,0,0,0,2
56401775,400.0,0.0,2.0,,,0,0.08,0.3,0,0,0,0,0,0,0,1,0,0
20003027,300.0,100.0,2.0,,,0,0.29,1.18,0,0,0,0,0,0,0,1,0,0
20129614,0.0,2100.0,2.0,,,0,0.09,0.19,0,0,0,0,0,0,0,0,1,0
46955132,300.0,100.0,2.0,,,0,0.16,0.17,0,0,0,0,0,0,0,0,0,0
76981308,,,,,,0,0.12,0.23,0,0,0,0,0,0,0,0,0,1
37256135,,,,,,0,0.03,0.23,0,0,0,0,0,0,0,0,0,1
98416533,0.0,400.0,2.0,,,0,0.11,0.09,0,0,0,0,0,0,0,1,0,0
79561872,0.0,2500.0,4.0,,,0,0.09,0.16,1,0,1,0,0,0,0,0,0,0
64245689,1700.0,900.0,3.0,,,0,1.49,0.51,1,0,0,0,0,1,0,0,0,0
31458630,,,,,,0,0.06,0.18,0,0,0,0,0,0,0,0,0,1
63804637,,,,,,0,0.44,0.33,0,0,0,0,0,0,0,0,0,2
88942504,1400.0,1600.0,3.0,,,0,0.02,0.72,1,0,0,0,0,1,0,0,0,0
49905576,1600.0,1200.0,4.0,,,0,0.16,0.24,0,0,0,0,0,0,0,1,0,0
23288411,5000.0,5000.0,11.0,,,0,0.08,0.1,0,0,0,0,0,0,0,1,0,0
43338320,,,,,,0,0.07,0.2,0,0,0,0,0,0,0,0,0,1
14529511,3000.0,2000.0,9.0,,,0,0.11,0.15,1,0,1,0,0,0,0,0,0,0
54207171,1700.0,1400.0,5.0,,,0,0.07,0.15,0,0,0,0,0,0,0,1,0,0
54550967,800.0,1000.0,3.0,,,0,0.17,0.16,0,0,0,0,0,0,0,1,0,0
16227633,,,,,,0,0.09,0.25,0,0,0,0,0,0,0,0,0,1
80722024,,,,,,0,0.11,0.15,0,0,0,0,0,0,0,0,0,1
79600447,,,,,,0,0.1,0.29,0,0,0,0,0,0,0,0,0,2
18165869,1800.0,1500.0,4.0,,,0,0.18,0.56,0,0,0,0,0,0,0,1,0,0
43215738,,,,,,0,0.1,0.29,0,0,0,0,0,0,0,0,0,2
66518509,,,,,,0,0.14,0.24,0,0,0,0,0,0,0,0,0,1
52918032,550.0,400.0,2.0,,,0,0.09,0.17,0,0,0,0,0,0,0,1,0,0
17943271,400.0,400.0,1.0,,,0,0.1,0.37,0,0,0,0,0,0,0,1,0,0
81945676,400.0,300.0,1.0,,,0,0.37,0.85,0,0,0,0,0,0,0,1,0,0
50042011,800.0,1000.0,3.0,,,0,0.1,0.2,0,0,0,0,0,0,0,1,0,0
81677154,1350.0,1600.0,5.0,,,0,0.24,0.28,0,0,0,0,0,0,0,1,0,0
19181420,2800.0,2100.0,7.0,,,0,0.14,0.19,1,0,1,0,0,0,0,0,0,0
55272555,2850.0,2350.0,8.0,,,0,0.09,0.28,0,0,0,0,0,0,0,1,0,0
84731222,,,,,,0,0.2,0.26,0,0,0,0,0,0,0,0,0,1
75675029,2000.0,0.0,5.0,,,0,0.15,0.11,0,0,0,0,0,0,0,1,0,0
48700891,1000.0,600.0,3.0,,,0,0.08,0.13,0,0,0,0,0,0,0,1,0,0
71098407,,,,,,0,0.04,0.07,0,0,0,0,0,0,0,0,0,2
60080151,,,,,,0,0.34,0.29,0,0,0,0,0,0,0,0,0,2
36565699,800.0,600.0,3.0,,,0,0.05,0.11,0,0,0,0,0,0,0,0,0,0
30291086,200.0,2100.0,3.0,,,0,0.02,0.07,0,0,0,0,0,0,0,0,0,0
53832650,700.0,600.0,2.0,,,0,1.28,1.31,0,0,0,0,0,0,0,0,1,0
34198387,1400.0,1100.0,4.0,,,0,0.04,0.07,0,0,0,0,0,0,0,1,0,0
64442155,,,,,,0,0.12,0.27,0,0,0,0,0,0,0,0,0,1
34926568,2500.0,2000.0,6.0,,,0,0.65,1.35,0,0,0,0,0,0,0,1,0,0
101303084,3000.0,3000.0,10.0,,,0,0.81,1.15,1,0,0,0,0,1,0,0,0,0
9940036,2600.0,3000.0,9.0,,,0,0.16,0.24,1,0,0,0,0,1,0,0,0,0
3580032,1400.0,500.0,3.0,,,0,1.05,1.01,0,0,0,0,0,0,0,1,0,0
4252828,1200.0,200.0,3.0,,,0,0.18,0.26,0,0,0,0,0,0,0,1,0,0
24435369,1500.0,700.0,4.0,,,0,0.19,0.49,0,0,0,0,0,0,0,1,0,0
87047161,100.0,300.0,1.0,,,0,0.51,0.53,0,0,0,0,0,0,0,1,0,0
23545031,1600.0,,0.0,2.0,,2,0.35,0.39,1,0,0,0,0,0,1,0,0,0
75180828,2500.0,2000.0,7.0,,,0,0.58,0.25,0,0,0,0,0,0,0,1,0,0
74298287,1000.0,200.0,3.0,,,0,2.91,1.54,0,0,0,0,0,0,0,1,0,0
74371660,2800.0,1600.0,7.0,,,0,0.02,0.11,1,0,0,0,0,1,0,0,0,0
69293721,1400.0,800.0,3.0,,,0,0.17,0.15,0,0,0,0,0,0,0,1,0,0
96682430,1300.0,400.0,3.0,,,0,0.23,0.16,0,0,0,0,0,0,0,1,0,0
37781520,2700.0,1000.0,7.0,,,0,0.19,0.24,0,0,0,0,0,0,0,1,0,0
23899727,1500.0,1200.0,3.0,,,0,0.09,0.14,0,0,0,0,0,0,0,1,0,0
95466842,1200.0,1800.0,4.0,,,0,0.15,0.19,0,0,0,0,0,0,0,1,0,0
21767650,100.0,2000.0,4.0,,,0,0.37,0.17,0,0,0,0,0,0,0,1,0,0
21954587,2400.0,1900.0,7.0,,,0,0.14,0.15,0,0,0,0,0,0,0,1,0,0
71133680,1200.0,2000.0,3.0,,,0,0.12,0.12,0,0,0,0,0,0,0,1,0,0
282886,1500.0,1500.0,4.0,,,0,0.17,0.23,0,0,0,0,0,0,0,1,0,0
28577986,1100.0,1900.0,3.0,,,0,0.25,0.29,0,0,0,0,0,0,0,1,0,0
58471134,1600.0,800.0,4.0,,,0,0.18,0.17,0,0,0,0,0,0,0,1,0,0
22446869,1700.0,2400.0,7.0,,,0,0.14,0.1,0,0,0,0,0,0,0,1,0,0
59170782,1600.0,2800.0,3.0,,,0,5.94,6.2,1,0,0,0,0,1,0,0,0,0
22076135,1700.0,1100.0,4.0,,,0,0.85,0.55,0,0,0,0,0,0,0,1,0,0
69385019,2300.0,,,3.0,,3,0.11,0.17,1,0,0,0,0,0,1,0,0,0
53085623,0.0,1900.0,3.0,,,0,0.67,0.7,0,0,0,0,0,0,0,1,0,0
81019803,1500.0,1000.0,4.0,,,0,0.04,0.05,1,0,0,0,1,0,0,0,0,0
48642904,,,,,,0,0.23,0.23,0,0,0,0,0,0,0,0,0,1
97433739,,,,,,0,0.32,0.34,0,0,0,0,0,0,0,0,0,1
44656491,,,,,,0,0.6,0.4,0,0,0,0,0,0,0,0,0,1
49808196,800.0,300.0,3.0,,,0,0.06,0.31,0,0,0,0,0,0,0,1,0,0
49808197,,,,,,0,0.0,0.0,0,0,0,0,0,0,0,0,0,4
37792478,1800.0,500.0,4.0,,,0,0.31,0.31,0,0,0,0,0,0,0,1,0,0
74530899,0.0,0.0,10.0,,,0,0.34,0.32,0,0,0,0,0,0,0,1,0,0
65957473,2800.0,1500.0,8.0,,,0,0.06,0.11,0,0,0,0,0,0,0,0,1,0
75646520,,,,,,0,0.02,0.09,0,0,0,0,0,0,0,0,0,2
9293977,1850.0,1700.0,6.0,,,0,0.05,0.28,1,0,1,0,0,0,0,0,0,0
24874631,,,,,,0,2.19,0.0,0,0,0,0,0,0,0,0,0,4
55998462,1600.0,1900.0,5.0,,,0,0.05,0.07,0,0,0,0,0,0,0,0,1,0
68339286,1150.0,2150.0,5.0,,,0,9.28,8.0,0,0,0,0,0,0,0,0,1,0
29157292,0.0,0.0,1.0,,,0,0.17,0.21,0,0,0,0,0,0,0,1,0,0
26905245,,,,,,0,0.1,0.1,0,0,0,0,0,0,0,0,0,2
7200041,800.0,800.0,5.0,,,0,1.2,0.34,0,0,0,0,0,0,0,1,0,0
27704731,2500.0,1600.0,6.0,,,0,0.34,0.45,0,0,0,0,0,0,0,1,0,0
81612598,2500.0,2500.0,5.0,,,0,0.08,0.16,1,0,1,0,0,0,0,0,0,0
69711728,,,,,,0,0.02,0.14,0,0,0,0,0,0,0,0,0,2
33327029,,,,,,0,0.02,0.11,0,0,0,0,0,0,0,0,0,2
54401832,3000.0,3000.0,9.0,,,0,0.11,0.14,1,0,1,0,0,0,0,0,0,0
73594093,,,,,,0,0.12,0.15,0,0,0,0,0,0,0,0,0,1
33256280,1900.0,500.0,4.0,,1.0,0,0.1,0.1,0,1,0,0,0,0,0,0,1,0
4688231,2600.0,1000.0,6.0,,,0,0.1,0.12,1,0,1,0,0,0,0,0,0,0
28016193,2800.0,2200.0,8.0,,,0,0.03,0.02,1,0,1,0,0,0,0,0,0,0
7868571,1700.0,100.0,3.0,,1.0,0,0.04,0.11,0,1,0,0,0,0,0,0,1,0
60473572,0.0,2100.0,2.0,,8.0,0,0.02,0.12,0,1,0,0,0,0,0,0,1,0
56518311,2900.0,1900.0,9.0,,1.0,0,0.06,0.05,0,1,0,0,0,0,0,1,0,0
69351984,2400.0,2000.0,7.0,,8.0,0,0.1,0.09,0,1,0,0,0,0,0,0,1,0
42237854,,,,,,0,0.11,0.15,0,0,0,0,0,0,0,0,0,2
7369217,1000.0,500.0,7.0,,,0,0.31,0.22,0,0,0,0,0,0,0,1,0,0
87564935,1000.0,500.0,7.0,,,0,0.09,0.15,0,0,0,0,0,0,0,1,0,0
68540059,,,,,,0,0.05,0.16,0,0,0,0,0,0,0,0,0,2
32472237,1700.0,1400.0,4.0,,,0,0.1,0.22,0,0,0,0,0,0,0,1,0,0
33114323,,,,,,0,0.03,0.82,0,0,0,0,0,0,0,0,0,1
57761191,3000.0,3000.0,9.0,,,0,0.33,0.25,0,0,0,0,0,0,0,1,0,0
64664373,,,,,,0,0.16,0.14,0,0,0,0,0,0,0,0,0,1
50705071,3000.0,2300.0,8.0,,,0,7.42,2.57,0,0,0,0,0,0,0,1,0,0
27268998,3000.0,2300.0,8.0,,,0,0.27,0.45,0,0,0,0,0,0,0,1,0,0
46500985,,,,,,0,0.06,0.1,0,0,0,0,0,0,0,0,0,1
43959432,,,,,,0,0.14,0.2,0,0,0,0,0,0,0,0,0,2
41456841,2800.0,2400.0,7.0,,,0,0.22,0.32,0,0,0,0,0,0,0,1,0,0
46411259,,,,,,0,3.01,5.17,0,0,0,0,0,0,0,0,0,1
89189982,2800.0,1000.0,7.0,,,0,0.09,0.13,0,0,0,0,0,0,0,0,1,0
54199839,,,,,,0,0.08,0.14,0,0,0,0,0,0,0,0,0,2
45960523,2600.0,1500.0,7.0,,,0,0.17,0.21,0,0,0,0,0,0,0,1,0,0
12196873,300.0,200.0,2.0,,1.0,0,0.09,0.1,0,1,0,0,0,0,0,1,0,0
52714670,,,,,,0,0.22,0.1,0,0,0,0,0,0,0,0,0,2
45148985,3000.0,2500.0,10.0,,,0,0.13,0.11,0,0,0,0,0,0,0,1,0,0
20720928,,,,,,0,0.06,0.12,0,0,0,0,0,0,0,0,0,1
36898537,2300.0,1600.0,6.0,,,0,0.13,0.21,1,0,0,0,1,0,0,0,0,0
72355272,2400.0,1600.0,8.0,,,0,0.15,0.22,0,0,0,0,0,0,0,1,0,0
19476824,1500.0,1000.0,4.0,,,0,0.2,0.21,0,0,0,0,0,0,0,0,0,0
18743376,2900.0,2500.0,8.0,,,0,0.1,0.2,0,0,0,0,0,0,0,1,0,0
89208725,,,,,,0,0.08,0.13,0,0,0,0,0,0,0,0,0,2
501000001,2400.0,2000.0,8.0,,,0,0.0,0.0,0,0,0,0,0,0,0,1,0,0
22398665,,,,,,0,0.08,0.12,0,0,0,0,0,0,0,0,0,1
30086349,3500.0,2000.0,8.0,,,0,3.53,8.98,1,0,1,0,0,0,0,0,0,0
90660762,3500.0,2000.0,8.0,,,0,0.51,0.52,1,0,1,0,0,0,0,0,0,0
64271667,1800.0,2000.0,6.0,,,0,0.29,0.52,0,0,0,0,0,0,0,0,1,0
17871506,1800.0,2000.0,6.0,,,0,1.51,2.39,0,0,0,0,0,0,0,0,0,0
56856951,,,,,,0,0.09,0.18,0,0,0,0,0,0,0,0,0,2
33767325,,,,,,0,0.36,0.92,0,0,0,0,0,0,0,0,0,1
99748883,0.0,0.0,10.0,,,0,0.02,0.04,0,0,0,0,0,0,0,1,0,0
64274292,,,,,,0,0.09,0.59,0,0,0,0,0,0,0,0,0,2
24166324,,,,,,0,0.04,0.19,0,0,0,0,0,0,0,0,0,2
26638543,1800.0,1600.0,4.0,,4.0,0,0.02,0.06,0,1,0,0,0,0,0,1,0,0
92826944,1700.0,800.0,4.0,,,0,0.31,0.7,0,0,0,0,0,0,0,1,0,0
30373970,2000.0,0.0,10.0,,,0,0.1,0.13,0,0,0,0,0,0,0,1,0,0
69176851,1800.0,,,2.0,,2,0.12,0.2,1,0,0,0,0,0,1,0,0,0
4779823,2600.0,2000.0,7.0,,,0,0.73,0.93,1,0,0,0,1,0,0,0,0,0
7733560,0.0,0.0,10.0,,,0,5.04,4.31,0,0,0,0,0,0,0,1,0,0
37580756,,,,,,0,0.02,0.16,0,0,0,0,0,0,0,0,0,2
2347477,300.0,0.0,1.0,,,0,0.05,0.21,0,0,0,0,0,0,0,1,0,0
18190572,,,,,,0,0.08,0.11,0,0,0,0,0,0,0,0,0,2
75487237,100.0,1800.0,4.0,,,0,0.27,0.21,0,0,0,0,0,0,0,1,0,0
300302036,,,,,,0,0.0,0.0,0,0,0,0,0,0,0,0,0,3
83678433,800.0,600.0,2.0,,,0,0.0,0.0,0,0,0,0,0,0,0,0,1,0
81743801,3200.0,1200.0,9.0,,,0,0.11,0.19,0,0,0,0,0,0,0,1,0,0
62327910,500.0,1200.0,4.0,,,0,0.11,0.16,0,0,0,0,0,0,0,0,1,0
53981499,2200.0,2000.0,6.0,,,0,0.1,0.17,1,0,0,0,1,0,0,0,0,0
87640391,1000.0,2200.0,5.0,,,0,0.06,0.11,0,0,0,0,0,0,0,1,0,0
57736667,,,,,,0,0.08,0.16,0,0,0,0,0,0,0,0,0,1
80044027,,,,,,0,0.4,0.36,0,0,0,0,0,0,0,0,0,1
16310544,,,,,,0,0.05,0.18,0,0,0,0,0,0,0,0,0,1
42705243,,,,,,0,0.07,0.08,0,0,0,0,0,0,0,0,0,2
16433136,,,,,,0,0.09,0.18,0,0,0,0,0,0,0,0,0,1
79912449,,,,,,0,0.12,0.15,0,0,0,0,0,0,0,0,0,1
78199891,,,,,,0,0.14,0.21,0,0,0,0,0,0,0,0,0,2
84550369,,,,,,0,4.47,0.99,0,0,0,0,0,0,0,0,0,1
53174748,,,,,,0,0.1,0.11,0,0,0,0,0,0,0,0,0,2
43527730,,,,,,0,3.42,4.13,0,0,0,0,0,0,0,0,0,1
38277918,2200.0,2350.0,7.0,,,0,0.26,0.17,0,0,0,0,0,0,0,0,1,0
85753549,2200.0,2350.0,7.0,,,0,0.05,0.15,0,0,0,0,0,0,0,1,0,0
38114652,2000.0,2500.0,7.0,,,0,12.7,16.69,0,0,0,0,0,0,0,1,0,0
47558785,1000.0,2000.0,4.0,,7.0,0,0.11,0.09,0,1,0,0,0,0,0,0,1,0
33225925,1800.0,1000.0,4.0,,,0,0.23,0.11,0,0,0,0,0,0,0,1,0,0
37613663,,,,,,0,1.24,2.1,0,0,0,0,0,0,0,0,0,1
300201009,,,,,,0,0.0,0.36,0,0,0,0,0,0,0,0,0,3
47986555,2000.0,2200.0,6.0,,,0,0.54,2.92,0,0,0,0,0,0,0,0,1,0
300201006,,,,,,0,0.13,0.25,0,0,0,0,0,0,0,0,0,3
41044418,,,,,,0,0.16,0.21,0,0,0,0,0,0,0,0,0,1
82482194,2000.0,1800.0,5.0,,,0,1.74,1.36,0,0,0,0,0,0,0,1,0,0
5130393,1000.0,1000.0,4.0,,,0,0.3,0.18,0,0,0,0,0,0,0,1,0,0
32012841,0.0,3000.0,5.0,,,0,0.32,0.56,0,0,0,0,0,0,0,0,1,0
89785779,0.0,1400.0,2.0,,,0,1.66,1.38,0,0,0,0,0,0,0,1,0,0
41578483,0.0,0.0,1.0,,,0,0.02,0.2,1,0,1,0,0,0,0,0,0,0
23746827,,,,,,0,0.03,0.09,0,0,0,0,0,0,0,0,0,1
7489323,300.0,250.0,1.0,,,0,0.02,0.24,0,0,0,0,0,0,0,1,0,0
10632284,,,,,,0,0.03,0.04,0,0,0,0,0,0,0,0,0,2
88032456,,,,,,0,0.66,2.43,0,0,0,0,0,0,0,0,0,1
72427512,450.0,600.0,4.0,,,0,0.05,0.16,0,0,0,0,0,0,0,1,0,0
5972394,,,,,,0,0.06,0.05,0,0,0,0,0,0,0,0,0,1
50415441,0.0,1900.0,1.0,,,0,0.25,0.18,0,0,0,0,0,0,0,1,0,0
11677278,600.0,1500.0,1.0,,,0,0.08,0.13,0,0,0,0,0,0,0,1,0,0
23920796,400.0,1800.0,1.0,,,0,0.22,0.15,0,0,0,0,0,0,0,1,0,0
55733143,,,,,,0,0.25,0.19,0,0,0,0,0,0,0,0,0,1
81522098,500.0,2000.0,1.0,,,0,0.32,0.19,0,0,0,0,0,0,0,1,0,0
86809440,,,,,,0,1.46,1.0,0,0,0,0,0,0,0,0,0,1
43066927,100.0,100.0,1.0,,,0,0.17,0.21,0,0,0,0,0,0,0,1,0,0
82933935,0.0,2100.0,1.0,,,0,0.09,0.21,0,0,0,0,0,0,0,1,0,0
19338434,,,,,,0,0.05,0.12,0,0,0,0,0,0,0,0,0,1
13204145,,,,,,0,0.25,0.21,0,0,0,0,0,0,0,0,0,1
55537983,1800.0,1200.0,4.0,,,0,0.32,0.44,0,0,0,0,0,0,0,1,0,0
59293853,,,,,,0,0.28,0.22,0,0,0,0,0,0,0,0,0,2
80551022,400.0,500.0,1.0,,,0,0.16,0.16,0,0,0,0,0,0,0,1,0,0
42940335,0.0,1000.0,1.0,,,0,0.58,0.45,1,0,0,0,0,1,0,0,0,0
74879881,0.0,0.0,3.0,,,0,0.05,0.1,0,0,0,0,0,0,0,1,0,0
45651298,300.0,300.0,3.0,,,0,0.03,0.03,0,0,0,0,0,0,0,1,0,0
76348260,600.0,0.0,2.0,,,0,0.08,0.1,0,0,0,0,0,0,0,1,0,0
61845881,1500.0,500.0,4.0,,,0,0.04,0.12,0,0,0,0,0,0,0,1,0,0
32539892,850.0,750.0,3.0,,,0,0.05,0.07,0,0,0,0,0,0,0,1,0,0
12172567,1500.0,2600.0,6.0,,,0,1.68,7.99,1,0,0,0,1,0,0,0,0,0
37520316,,,,,,0,0.18,0.22,0,0,0,0,0,0,0,0,0,1
15800838,,,,,,0,0.14,0.21,0,0,0,0,0,0,0,0,0,2
68937720,,,,,,0,0.07,0.12,0,0,0,0,0,0,0,0,0,2
75392615,,,,,,0,0.02,0.19,0,0,0,0,0,0,0,0,0,2
96782886,100.0,200.0,1.0,,,0,1.07,2.08,0,0,0,0,0,0,0,0,0,0
66247039,,,,,,0,0.0,0.0,0,0,0,0,0,0,0,0,0,2
66690411,1000.0,1600.0,6.0,,,0,2.86,7.54,0,0,0,0,0,0,0,1,0,0
59718521,,,,,,0,0.26,0.36,0,0,0,0,0,0,0,0,0,2
69257165,,,,,,0,0.08,0.14,0,0,0,0,0,0,0,0,0,1
62606805,1100.0,1100.0,3.0,,,0,0.39,0.23,0,0,0,0,0,0,0,0,0,0
85060248,0.0,2200.0,3.0,,,0,0.16,0.22,0,0,0,0,0,0,0,1,0,0
34298391,,,,,,0,0.0,0.2,0,0,0,0,0,0,0,0,0,2
300201008,,,,,,0,0.28,0.2,0,0,0,0,0,0,0,0,0,3
24749710,,,,,,0,0.3,0.4,0,0,0,0,0,0,0,0,0,2
38680149,,,,,,0,0.09,0.14,0,0,0,0,0,0,0,0,0,1
52817046,,,,,,0,0.07,0.15,0,0,0,0,0,0,0,0,0,1
76321376,1000.0,1900.0,3.0,,,0,0.16,0.16,0,0,0,0,0,0,0,1,0,0
94079037,1000.0,1200.0,3.0,,,0,0.15,0.15,0,0,0,0,0,0,0,1,0,0
85519211,,,,,,0,0.03,0.1,0,0,0,0,0,0,0,0,0,2
24419823,1500.0,1500.0,4.0,,,0,0.06,0.11,0,0,0,0,0,0,0,1,0,0
40164421,800.0,200.0,3.0,,,0,0.7,0.53,0,0,0,0,0,0,0,0,0,0
53666449,1700.0,400.0,4.0,,,0,0.2,0.25,0,0,0,0,0,0,0,1,0,0
18843291,2800.0,1800.0,8.0,,,0,0.74,0.61,1,0,0,0,1,0,0,0,0,0
30100551,2000.0,800.0,4.0,,,0,1.11,1.21,1,0,0,0,0,1,0,0,0,0
54537490,,,,,,0,0.0,0.0,0,0,0,0,0,0,0,0,0,4
99004752,,,,,,0,0.07,0.13,0,0,0,0,0,0,0,0,0,1
34815282,,,,,,0,0.02,0.06,0,0,0,0,0,0,0,0,0,2
73341839,800.0,,,2.0,,2,0.08,0.13,1,0,0,0,0,0,1,0,0,0
21147203,100.0,100.0,4.0,,,0,0.09,0.1,0,0,0,0,0,0,0,1,0,0
43708640,1800.0,1000.0,6.0,,,0,0.02,0.18,0,0,0,0,0,0,0,1,0,0
46864967,1300.0,1200.0,4.0,,,0,0.0,0.0,0,0,0,0,0,0,0,0,1,0
1918087,,,,,,0,0.02,0.13,0,0,0,0,0,0,0,0,0,2
44201739,0.0,0.0,1.0,,,0,0.07,0.17,0,0,0,0,0,0,0,1,0,0
60181553,1100.0,1000.0,1.0,,,0,0.1,0.24,1,0,0,0,0,1,0,0,0,0
35255456,,,,,,0,0.17,0.19,0,0,0,0,0,0,0,0,0,1
6343408,,,,,,0,0.02,0.12,0,0,0,0,0,0,0,0,0,1
30875635,400.0,400.0,3.0,,,0,0.71,1.4,0,0,0,0,0,0,0,1,0,0
44887817,,,,,,0,0.13,0.12,0,0,0,0,0,0,0,0,0,1
131182,300.0,500.0,2.0,,,0,0.11,0.13,0,0,0,0,0,0,0,1,0,0
45906428,,,,,,0,0.2,0.25,0,0,0,0,0,0,0,0,0,1
63259351,0.0,2000.0,4.0,,,0,0.1,0.11,0,0,0,0,0,0,0,1,0,0
55985014,,,,,,0,0.13,0.13,0,0,0,0,0,0,0,0,0,2
97168905,,,,,,0,0.1,0.06,0,0,0,0,0,0,0,0,0,2
40456412,,,,,,0,0.09,0.2,0,0,0,0,0,0,0,0,0,2
18988396,300.0,300.0,1.0,,0.0,0,0.08,0.11,0,1,0,1,0,0,0,1,0,0
68334074,,,,,,0,0.02,0.1,0,0,0,0,0,0,0,0,0,2
44297127,,,,,,0,0.19,0.17,0,0,0,0,0,0,0,0,0,1
31461282,,,,,,0,0.08,0.21,0,0,0,0,0,0,0,0,0,1
36484016,,,,,,0,0.1,0.29,0,0,0,0,0,0,0,0,0,1
21636650,,,,,,0,0.05,0.11,0,0,0,0,0,0,0,0,0,2
80551130,,,,,,0,0.08,0.13,0,0,0,0,0,0,0,0,0,2
37011715,,,,,,0,0.15,0.11,0,0,0,0,0,0,0,0,0,1
15960641,1600.0,600.0,4.0,,,0,0.08,0.12,0,0,0,0,0,0,0,1,0,0
49217579,2800.0,2000.0,8.0,,,0,2.59,1.19,0,0,0,0,0,0,0,1,0,0
52607696,,,,,,0,0.05,0.19,0,0,0,0,0,0,0,0,0,2
41482598,,,,,,0,0.2,0.33,0,0,0,0,0,0,0,0,0,1
73936388,2800.0,2000.0,8.0,,,0,0.17,0.31,0,0,0,0,0,0,0,1,0,0
63442605,,,,,,0,0.0,0.0,0,0,0,0,0,0,0,0,0,4
48017809,,,,,,0,0.19,0.15,0,0,0,0,0,0,0,0,0,1
95915457,,,,,,0,0.1,0.17,0,0,0,0,0,0,0,0,0,2
44095762,,,,,,0,0.02,0.65,0,0,0,0,0,0,0,0,0,2
84687358,2800.0,1200.0,8.0,,,0,0.11,0.23,1,0,1,0,0,0,0,0,0,0
29649320,,,,,,0,0.04,0.22,0,0,0,0,0,0,0,0,0,2
43452193,,,,,,0,0.1,0.3,0,0,0,0,0,0,0,0,0,2
45358284,100.0,100.0,1.0,,,0,0.1,0.13,0,0,0,0,0,0,0,1,0,0
9396662,1000.0,400.0,2.0,,,0,4.62,3.66,0,0,0,0,0,0,0,0,0,0
67232306,,,,,,0,0.17,0.09,0,0,0,0,0,0,0,0,0,2
46656406,,,,,,0,0.36,0.51,0,0,0,0,0,0,0,0,0,2
10691144,,,,,,0,0.1,0.2,0,0,0,0,0,0,0,0,0,1
1200843,,,,,,0,0.09,0.14,0,0,0,0,0,0,0,0,0,1
40159926,0.0,0.0,1.0,,,0,0.2,0.32,0,0,0,0,0,0,0,0,0,0
28954097,1900.0,300.0,4.0,,,0,0.64,0.62,0,0,0,0,0,0,0,1,0,0
22359980,,,,,,0,0.11,0.17,0,0,0,0,0,0,0,0,0,2
44146295,3000.0,2500.0,8.0,,,0,0.17,0.12,1,0,1,0,0,0,0,0,0,0
33178416,1400.0,1600.0,5.0,,,0,0.04,0.11,0,0,0,0,0,0,0,0,1,0
38572779,1800.0,1000.0,4.0,,,0,0.11,0.13,0,0,0,0,0,0,0,1,0,0
164710,,,,,,0,0.1,0.21,0,0,0,0,0,0,0,0,0,2
92182447,,,,,,0,8.49,8.8,0,0,0,0,0,0,0,0,0,1
95589901,,,,,,0,0.03,0.05,0,0,0,0,0,0,0,0,0,1
29795530,,,,,,0,2.22,1.5,0,0,0,0,0,0,0,0,0,2
1036974,,,,,,0,0.07,0.28,0,0,0,0,0,0,0,0,0,1
28115467,1100.0,400.0,3.0,,6.0,0,0.05,0.17,0,1,0,0,0,0,0,1,0,0
58392024,,,,,,0,0.02,0.12,0,0,0,0,0,0,0,0,0,2
12836042,1500.0,1000.0,4.0,,,0,0.12,0.11,0,0,0,0,0,0,0,1,0,0
3987233,1400.0,,0.0,2.0,,2,0.17,0.38,1,0,0,0,0,0,1,0,0,0
28601770,2400.0,0.0,5.0,,,0,0.06,0.18,0,0,0,0,0,0,0,1,0,0
15240238,0.0,2300.0,3.0,,,0,1.02,1.15,1,0,0,0,1,0,0,0,0,0
47529357,,,,,,0,0.11,0.42,0,0,0,0,0,0,0,0,0,1
65549080,1400.0,400.0,4.0,,,0,0.12,0.22,0,0,0,0,0,0,0,1,0,0
29587993,2700.0,2000.0,7.0,,,0,0.47,0.26,0,0,0,0,0,0,0,1,0,0
14983497,400.0,600.0,2.0,,,0,0.07,0.16,0,0,0,0,0,0,0,0,0,0
41978142,2100.0,1600.0,5.0,,,0,0.02,0.12,0,0,0,0,0,0,0,1,0,0
82199284,2000.0,1200.0,4.0,,,0,0.09,0.15,0,0,0,0,0,0,0,1,0,0
95443805,1200.0,1200.0,3.0,,,0,0.05,0.12,0,0,0,0,0,0,0,0,0,0
22837504,1700.0,300.0,4.0,,,0,0.1,0.3,0,0,0,0,0,0,0,0,0,0
89310929,2600.0,2400.0,7.0,,,0,0.13,0.09,1,0,0,0,1,0,0,0,0,0
69448290,1100.0,700.0,3.0,,,0,0.02,0.1,0,0,0,0,0,0,0,1,0,0
29054481,1500.0,1900.0,4.0,,,0,0.13,0.23,0,0,0,0,0,0,0,0,1,0
92933195,400.0,800.0,2.0,,,0,0.15,0.2,0,0,0,0,0,0,0,0,0,0
27315304,2500.0,1500.0,9.0,,,0,0.3,0.38,1,0,0,0,1,0,0,0,0,0
59305593,,,,,,0,0.16,0.26,0,0,0,0,0,0,0,0,0,2
89883517,,,,,,0,0.11,0.1,0,0,0,0,0,0,0,0,0,1
4227096,,,,,,0,0.76,0.4,0,0,0,0,0,0,0,0,0,1
65170459,1400.0,,0.0,2.0,,2,0.17,0.17,1,0,0,0,0,0,1,0,0,0
22404675,800.0,1000.0,2.0,,,0,0.19,0.77,0,0,0,0,0,0,0,1,0,0
67282505,200.0,2100.0,2.0,,,0,0.12,0.24,0,0,0,0,0,0,0,1,0,0
17954937,,,,,,0,0.11,0.15,0,0,0,0,0,0,0,0,0,2
76725398,,,,,,0,0.14,0.08,0,0,0,0,0,0,0,0,0,1
49721684,,,,,,0,0.13,0.23,0,0,0,0,0,0,0,0,0,1
76948970,2000.0,2000.0,8.0,,,0,0.12,0.14,0,0,0,0,0,0,0,1,0,0
40543231,1200.0,900.0,4.0,,,0,0.11,0.13,0,0,0,0,0,0,0,1,0,0
82782870,1600.0,400.0,4.0,,,0,0.08,0.17,0,0,0,0,0,0,0,1,0,0
18176525,1000.0,1700.0,4.0,,,0,0.11,0.14,0,0,0,0,0,0,0,1,0,0
45171524,,,,,,0,0.1,0.11,0,0,0,0,0,0,0,0,0,1
81560239,,,,,,0,0.18,0.18,0,0,0,0,0,0,0,0,0,1
12210097,,,,,,0,0.05,0.09,0,0,0,0,0,0,0,0,0,1
49604192,,,,,,0,0.04,0.14,0,0,0,0,0,0,0,0,0,2
71340250,0.0,2200.0,4.0,,,0,0.11,0.14,0,0,0,0,0,0,0,1,0,0
80843006,2700.0,1500.0,8.0,,,0,0.13,0.21,1,0,1,0,0,0,0,0,0,0
45159319,1100.0,2000.0,4.0,,,0,0.05,0.1,0,0,0,0,0,0,0,1,0,0
4929256,2400.0,1000.0,6.0,,,0,0.17,0.37,0,0,0,0,0,0,0,1,0,0
23689697,2800.0,1000.0,8.0,,,0,0.69,1.38,0,0,0,0,0,0,0,1,0,0
9861795,800.0,800.0,2.0,,,0,0.1,0.14,0,0,0,0,0,0,0,1,0,0
66736715,100.0,100.0,1.0,,11.0,0,0.09,0.08,0,1,0,0,0,0,0,1,0,0
19093698,300.0,200.0,1.0,,,0,0.21,0.13,0,0,0,0,0,0,0,1,0,0
75285069,2800.0,2900.0,9.0,,,0,0.07,0.17,0,0,0,0,0,0,0,1,0,0
94878265,100.0,100.0,1.0,,,0,0.25,0.34,0,0,0,0,0,0,0,1,0,0
27288416,300.0,100.0,1.0,,,0,0.15,0.24,0,0,0,0,0,0,0,0,1,0
99910751,300.0,100.0,1.0,,,0,0.07,0.06,0,0,0,0,0,0,0,1,0,0
13803864,300.0,100.0,6.0,,,0,0.16,0.24,1,0,1,0,0,0,0,0,0,0
1965724,,,,,,0,0.1,0.14,0,0,0,0,0,0,0,0,0,1
85401123,300.0,300.0,1.0,,,0,0.02,0.15,0,0,0,0,0,0,0,1,0,0
17192817,1000.0,2200.0,5.0,,,0,0.23,0.15,0,0,0,0,0,0,0,0,1,0
72142276,,,,,,0,0.15,0.15,0,0,0,0,0,0,0,0,0,1
19384334,,,,,,0,0.04,0.09,0,0,0,0,0,0,0,0,0,1
37436476,,,,,,0,0.07,0.16,0,0,0,0,0,0,0,0,0,2
4732017,1600.0,400.0,4.0,,,0,0.02,0.12,0,0,0,0,0,0,0,1,0,0
95784434,,,,,,0,0.23,0.18,0,0,0,0,0,0,0,0,0,1
7225792,1300.0,1400.0,4.0,,,0,0.0,0.0,0,0,0,0,0,0,0,0,1,0
59983249,,,,,,0,0.19,0.22,0,0,0,0,0,0,0,0,0,2
3810071,1300.0,1000.0,3.0,,,0,0.12,0.14,0,0,0,0,0,0,0,1,0,0
32519092,1000.0,,,1.0,,1,0.03,0.13,1,0,0,0,0,0,1,0,0,0
56897896,0.0,0.0,1.0,,,0,3.13,4.19,0,0,0,0,0,0,0,0,0,0
58807980,1000.0,1000.0,3.0,,,0,0.49,0.2,0,0,0,0,0,0,0,1,0,0
37092104,1500.0,1200.0,4.0,,,0,0.35,4.83,0,0,0,0,0,0,0,1,0,0
23270035,,,,,,0,0.05,0.07,0,0,0,0,0,0,0,0,0,2
36121917,600.0,900.0,3.0,,,0,0.02,0.15,0,0,0,0,0,0,0,0,1,0
637216,1500.0,1200.0,4.0,,,0,0.06,0.11,0,0,0,0,0,0,0,1,0,0
84133008,250.0,350.0,1.0,,,0,87.14,35.83,0,0,0,0,0,0,0,1,0,0
43040603,,,,,,0,0.2,0.4,0,0,0,0,0,0,0,0,0,1
54564198,,,,,,0,0.07,0.12,0,0,0,0,0,0,0,0,0,2
60621361,,,,,,0,0.37,0.3,0,0,0,0,0,0,0,0,0,2
83764719,,,,,,0,0.02,0.17,0,0,0,0,0,0,0,0,0,1
50213848,,,,,,0,0.06,0.16,0,0,0,0,0,0,0,0,0,1
93108433,,,,,,0,0.02,0.07,0,0,0,0,0,0,0,0,0,1
74848038,,,,,,0,0.11,0.12,0,0,0,0,0,0,0,0,0,1
9576193,,,,,,0,0.07,0.09,0,0,0,0,0,0,0,0,0,1
97612389,1800.0,1600.0,5.0,,,0,4.73,4.05,0,0,0,0,0,0,0,0,1,0
35712107,2000.0,1900.0,6.0,,,0,0.0,0.0,0,0,0,0,0,0,0,0,1,0
15820147,800.0,1000.0,3.0,,,0,0.0,0.0,0,0,0,0,0,0,0,0,1,0
23303072,-1.0,0.0,8.0,,,0,0.7,2.63,0,0,0,0,0,0,0,1,0,0
14005031,,,,,,0,0.09,0.26,0,0,0,0,0,0,0,0,0,2
66818682,2500.0,2000.0,6.0,,,0,0.04,0.17,1,0,0,0,1,0,0,0,0,0
45909477,1100.0,1000.0,4.0,,,0,4.69,0.87,0,0,0,0,0,0,0,0,1,0
336601,100.0,2000.0,4.0,,,0,0.02,0.13,0,0,0,0,0,0,0,1,0,0
74941992,1800.0,1500.0,4.0,,,0,0.06,0.1,0,0,0,0,0,0,0,1,0,0
19508728,,,,,,0,0.21,0.27,0,0,0,0,0,0,0,0,0,1
71818935,1200.0,,,2.0,,2,0.11,0.18,1,0,0,0,0,0,1,0,0,0
97452818,,,,,,0,0.28,0.0,0,0,0,0,0,0,0,0,0,4
16366944,1200.0,1600.0,4.0,,,0,0.1,0.1,0,0,0,0,0,0,0,1,0,0
58074572,,,,,,0,56.53,21.82,0,0,0,0,0,0,0,0,0,1
93671934,,,,,,0,0.15,0.13,0,0,0,0,0,0,0,0,0,1
73244186,,,,,,0,0.77,0.63,0,0,0,0,0,0,0,0,0,1
22123627,,,,,,0,1.88,3.34,0,0,0,0,0,0,0,0,0,1
12760674,,,,,,0,0.05,0.09,0,0,0,0,0,0,0,0,0,1
38505587,300.0,500.0,3.0,,,0,0.21,0.22,0,0,0,0,0,0,0,1,0,0
24027078,1300.0,1600.0,3.0,,,0,0.32,0.38,0,0,0,0,0,0,0,1,0,0
29439831,1500.0,2100.0,4.0,,,0,0.49,0.37,0,0,0,0,0,0,0,1,0,0
55784832,1550.0,1300.0,5.0,,,0,0.02,0.13,0,0,0,0,0,0,0,0,1,0
71717923,1000.0,900.0,4.0,,,0,0.09,0.27,0,0,0,0,0,0,0,1,0,0
85457355,100.0,100.0,1.0,,,0,0.58,0.31,0,0,0,0,0,0,0,0,0,0
38267552,2800.0,1000.0,8.0,,,0,1.6,0.76,0,0,0,0,0,0,0,1,0,0
1872843,1000.0,2800.0,8.0,,,0,0.21,0.19,0,0,0,0,0,0,0,1,0,0
33508719,700.0,600.0,2.0,,,0,0.1,3.49,0,0,0,0,0,0,0,1,0,0
79106360,800.0,700.0,3.0,,,0,0.25,0.34,0,0,0,0,0,0,0,1,0,0
43573231,1200.0,1600.0,4.0,,,0,0.07,0.22,0,0,0,0,0,0,0,1,0,0
92890308,,,,,,0,0.05,0.1,0,0,0,0,0,0,0,0,0,2
44424095,,,,,,0,0.94,0.76,0,0,0,0,0,0,0,0,0,1
85101228,,,,,,0,0.34,0.29,0,0,0,0,0,0,0,0,0,2
48381268,500.0,1800.0,3.0,,,0,0.18,0.29,0,0,0,0,0,0,0,1,0,0
92720564,1200.0,400.0,4.0,,,0,0.23,0.79,0,0,0,0,0,0,0,1,0,0
28124263,800.0,600.0,2.0,,,0,0.09,0.19,0,0,0,0,0,0,0,1,0,0
93542102,100.0,100.0,1.0,,,0,0.23,0.55,0,0,0,0,0,0,0,1,0,0
91607976,600.0,1100.0,2.0,,,0,0.1,0.14,0,0,0,0,0,0,0,1,0,0
90659259,,,,,,0,0.11,0.05,0,0,0,0,0,0,0,0,0,1
70423794,,,,,,0,0.17,0.11,0,0,0,0,0,0,0,0,0,1
66331855,1200.0,600.0,3.0,,,0,0.06,0.16,0,0,0,0,0,0,0,1,0,0
37260946,1200.0,1800.0,4.0,,,0,0.15,0.07,1,0,0,0,1,0,0,0,0,0
7817703,,,,,,0,0.07,0.11,0,0,0,0,0,0,0,0,0,1
77229910,,,,,,0,0.09,0.17,0,0,0,0,0,0,0,0,0,2
44413654,,,,,,0,0.08,0.1,0,0,0,0,0,0,0,0,0,2
76865611,200.0,200.0,1.0,,,0,0.07,0.26,0,0,0,0,0,0,0,0,0,0
29947751,800.0,800.0,3.0,,,0,0.12,0.22,0,0,0,0,0,0,0,1,0,0
45593005,100.0,100.0,1.0,,,0,0.04,0.11,0,0,0,0,0,0,0,1,0,0
56074358,,,,,,0,0.11,0.23,0,0,0,0,0,0,0,0,0,1
14613029,,,,,,0,0.1,0.12,0,0,0,0,0,0,0,0,0,2
28284902,,,,,,0,0.24,0.14,0,0,0,0,0,0,0,0,0,2
55119278,1000.0,900.0,4.0,,,0,1.89,0.79,0,0,0,0,0,0,0,1,0,0
57108202,300.0,1200.0,3.0,,,0,0.08,0.22,0,0,0,0,0,0,0,0,0,0
90239723,,,,,,0,0.12,0.51,0,0,0,0,0,0,0,0,0,1
20686759,,,,,,0,0.09,0.12,0,0,0,0,0,0,0,0,0,1
1876841,1500.0,600.0,6.0,,,0,0.15,0.05,0,0,0,0,0,0,0,0,0,0
10591919,800.0,1400.0,3.0,,,0,0.31,0.64,0,0,0,0,0,0,0,0,0,0
75775867,1200.0,800.0,4.0,,,0,0.11,0.26,0,0,0,0,0,0,0,1,0,0
15521027,100.0,100.0,1.0,,,0,0.25,0.24,0,0,0,0,0,0,0,0,0,0
2250266,1400.0,1000.0,4.0,,,0,0.1,0.22,0,0,0,0,0,0,0,1,0,0
38082437,100.0,100.0,1.0,,,0,0.11,0.06,0,0,0,0,0,0,0,0,0,0
48868994,0.0,0.0,1.0,,,0,0.1,0.1,0,0,0,0,0,0,0,1,0,0
84592800,1000.0,1000.0,4.0,,,0,0.12,0.21,0,0,0,0,0,0,0,1,0,0
49833312,,,,,,0,0.17,0.13,0,0,0,0,0,0,0,0,0,2
15415552,3000.0,2100.0,8.0,,,0,0.29,0.31,1,0,0,0,0,1,0,0,0,0
8483333,2800.0,2500.0,8.0,,,0,0.08,0.08,0,0,0,0,0,0,0,1,0,0
57839750,1400.0,1000.0,4.0,,,0,0.15,0.18,0,0,0,0,0,0,0,1,0,0
17021204,2300.0,1200.0,6.0,,,0,0.6,0.62,0,0,0,0,0,0,0,1,0,0
34034150,0.0,2300.0,5.0,,,0,0.05,0.17,0,0,0,0,0,0,0,1,0,0
18837926,400.0,1200.0,1.0,,,0,0.11,0.17,0,0,0,0,0,0,0,1,0,0
77672444,2100.0,1200.0,6.0,,,0,0.02,0.18,0,0,0,0,0,0,0,1,0,0
65515667,2000.0,1400.0,5.0,,,0,0.08,0.15,0,0,0,0,0,0,0,1,0,0
78394032,1300.0,1800.0,4.0,,,0,0.09,0.15,0,0,0,0,0,0,0,1,0,0
13959634,2800.0,2200.0,8.0,,,0,0.24,0.23,0,0,0,0,0,0,0,1,0,0
269012,,,,,,0,0.13,0.24,0,0,0,0,0,0,0,0,0,1
70222318,,,,,,0,1.38,0.71,0,0,0,0,0,0,0,0,0,1
50913601,,,,,,0,0.02,0.2,0,0,0,0,0,0,0,0,0,1
4931562,600.0,1000.0,3.0,,,0,0.0,0.0,0,0,0,0,0,0,0,0,1,0
3395226,2600.0,2000.0,8.0,,,0,0.3,0.36,0,0,0,0,0,0,0,1,0,0
31477025,2100.0,1300.0,5.0,,,0,0.02,0.04,0,0,0,0,0,0,0,0,1,0
86767655,1800.0,600.0,4.0,,,0,1.02,0.26,0,0,0,0,0,0,0,1,0,0
55585856,1600.0,800.0,5.0,,,0,0.09,0.29,0,0,0,0,0,0,0,0,0,0
71607202,1000.0,,,2.0,,2,1.51,1.2,1,0,0,0,0,0,1,0,0,0
70307656,0.0,100.0,3.0,,,0,0.22,0.38,0,0,0,0,0,0,0,1,0,0
71002019,1000.0,2400.0,6.0,,,0,0.04,0.25,0,0,0,0,0,0,0,1,0,0
84040113,500.0,2200.0,6.0,,,0,0.47,0.39,1,0,0,0,1,0,0,0,0,0
82108372,1500.0,1800.0,4.0,,,0,0.02,0.17,0,0,0,0,0,0,0,1,0,0
99937011,1500.0,1800.0,4.0,,,0,0.61,0.27,0,0,0,0,0,0,0,1,0,0
54757758,1900.0,1600.0,4.0,,,0,0.21,0.33,1,0,1,0,0,0,0,0,0,0
46657337,600.0,300.0,2.0,,,0,0.05,0.11,0,0,0,0,0,0,0,1,0,0
80863132,,,,,,0,0.52,0.53,0,0,0,0,0,0,0,0,0,2
42141493,100.0,600.0,4.0,,,0,4.94,8.54,0,0,0,0,0,0,0,1,0,0
87126721,100.0,600.0,4.0,,,0,0.35,0.38,0,0,0,0,0,0,0,1,0,0
84192580,100.0,600.0,4.0,,,0,2.68,3.53,0,0,0,0,0,0,0,1,0,0
35514097,,,,,,0,0.0,0.0,0,0,0,0,0,0,0,0,0,4
885016,,,,,,0,0.07,0.15,0,0,0,0,0,0,0,0,0,1
14057297,,,,,,0,1.28,1.09,0,0,0,0,0,0,0,0,0,2
71628381,2600.0,1300.0,7.0,,,0,3.3,0.92,1,0,1,0,0,0,0,0,0,0
22493811,,,,,,0,0.05,0.13,0,0,0,0,0,0,0,0,0,1
40703222,,,,,,0,0.11,0.58,0,0,0,0,0,0,0,0,0,1
92385016,0.0,2000.0,3.0,,,0,0.13,0.24,1,0,1,0,0,0,0,0,0,0
60398723,,,,,,0,0.19,0.12,0,0,0,0,0,0,0,0,0,1
41458579,,,,,,0,0.17,0.21,0,0,0,0,0,0,0,0,0,2
4848423,2200.0,100.0,4.0,,,0,0.1,0.14,0,0,0,0,0,0,0,1,0,0
69992868,850.0,900.0,3.0,,,0,0.0,0.0,0,0,0,0,0,0,0,0,1,0
14181608,800.0,600.0,2.0,,,0,2.08,5.92,0,0,0,0,0,0,0,0,1,0
93900406,1250.0,800.0,3.0,,,0,0.16,0.15,0,0,0,0,0,0,0,1,0,0
96637156,600.0,3000.0,6.0,,,0,0.03,0.1,1,0,0,0,0,1,0,0,0,0
56907389,1750.0,1500.0,5.0,,,0,0.02,0.43,1,0,1,0,0,0,0,0,0,0
68191243,,,,,,0,0.14,0.1,0,0,0,0,0,0,0,0,0,1
9837195,1800.0,900.0,4.0,,,0,0.39,0.21,0,0,0,0,0,0,0,1,0,0
88654892,,,,,,0,0.23,0.19,0,0,0,0,0,0,0,0,0,1
11508758,0.0,2500.0,6.0,,,0,0.13,0.32,0,0,0,0,0,0,0,1,0,0
71593652,,,,,,0,0.18,0.21,0,0,0,0,0,0,0,0,0,1
75364199,,,,,,0,0.09,0.15,0,0,0,0,0,0,0,0,0,2
26563200,1500.0,1000.0,3.0,,,0,0.09,0.28,1,0,0,0,0,1,0,0,0,0
69279219,,,,,,0,1.63,2.41,0,0,0,0,0,0,0,0,0,1
56700100,,,,,,0,0.19,0.17,0,0,0,0,0,0,0,0,0,1
81758313,0.0,0.0,1.0,,,0,0.1,0.23,0,0,0,0,0,0,0,1,0,0
13735899,3000.0,1500.0,8.0,,,0,0.04,0.13,1,0,1,0,0,0,0,0,0,0
1347977,800.0,1200.0,3.0,,,0,0.02,0.11,0,0,0,0,0,0,0,1,0,0
54098121,1000.0,1500.0,4.0,,,0,0.08,0.1,0,0,0,0,0,0,0,1,0,0
53291093,,,,,,0,0.15,0.39,0,0,0,0,0,0,0,0,0,1
62793020,500.0,500.0,2.0,,,0,0.0,0.0,0,0,0,0,0,0,0,0,1,0
18108166,2000.0,0.0,4.0,,,0,0.06,0.13,0,0,0,0,0,0,0,0,1,0
25774450,,,,,,0,0.13,0.2,0,0,0,0,0,0,0,0,0,1
47060154,1500.0,1000.0,4.0,,,0,0.02,0.2,0,0,0,0,0,0,0,0,1,0
68516705,1300.0,1550.0,4.0,,,0,0.02,0.13,0,0,0,0,0,0,0,0,1,0
98049915,400.0,300.0,1.0,,,0,0.09,0.19,0,0,0,0,0,0,0,1,0,0
51912531,500.0,1000.0,3.0,,,0,0.17,0.1,0,0,0,0,0,0,0,0,0,0
76375976,,,,,,0,0.27,0.34,0,0,0,0,0,0,0,0,0,1
14198496,0.0,0.0,1.0,,,0,0.07,0.1,0,0,0,0,0,0,0,1,0,0
18161786,,,,,,0,0.05,0.23,0,0,0,0,0,0,0,0,0,1
97534104,1400.0,1100.0,4.0,,,0,0.04,0.08,0,0,0,0,0,0,0,1,0,0
49251811,,,,,,0,0.02,0.11,0,0,0,0,0,0,0,0,0,2
47507260,900.0,0.0,2.0,,,0,2.31,5.48,0,0,0,0,0,0,0,1,0,0
74591968,1900.0,1600.0,4.0,,,0,0.23,0.31,0,0,0,0,0,0,0,1,0,0
60482781,2300.0,1700.0,6.0,,,0,2.32,0.64,0,0,0,0,0,0,0,1,0,0
83011278,1400.0,1100.0,4.0,,,0,0.46,0.15,0,0,0,0,0,0,0,1,0,0
89194033,2500.0,2000.0,6.0,,,0,0.26,0.16,0,0,0,0,0,0,0,1,0,0
63515678,700.0,700.0,2.0,,,0,0.0,0.0,0,0,0,0,0,0,0,0,1,0
48356796,,,,,,0,0.05,0.1,0,0,0,0,0,0,0,0,0,1
15025844,800.0,2000.0,4.0,,,0,0.07,0.11,0,0,0,0,0,0,0,0,1,0
15613529,800.0,2000.0,4.0,,,0,1.51,3.28,0,0,0,0,0,0,0,1,0,0
85239662,1500.0,900.0,3.0,,,0,0.37,0.73,0,0,0,0,0,0,0,1,0,0
98745000,2700.0,1200.0,7.0,,,0,1.81,5.31,0,0,0,0,0,0,0,1,0,0
36607978,,,,,,0,0.02,0.1,0,0,0,0,0,0,0,0,0,1
35563539,,,,,,0,32.01,64.01,0,0,0,0,0,0,0,0,0,2
32751480,2100.0,1700.0,6.0,,,0,0.12,0.19,1,0,1,0,0,0,0,0,0,0
30451366,1150.0,900.0,3.0,,,0,1.6,5.28,0,0,0,0,0,0,0,1,0,0
83464209,800.0,1000.0,3.0,,,0,0.03,0.13,0,0,0,0,0,0,0,0,1,0
39552864,500.0,500.0,2.0,,,0,0.26,0.27,0,0,0,0,0,0,0,0,1,0
5318639,,,,,,0,0.1,0.24,0,0,0,0,0,0,0,0,0,1
63516460,,,,,,0,0.13,0.1,0,0,0,0,0,0,0,0,0,1
80161395,,,,,,0,1.91,4.99,0,0,0,0,0,0,0,0,0,1
81263643,1500.0,2400.0,5.0,,,0,0.05,0.12,0,0,0,0,0,0,0,1,0,0
300102002,,,,,,0,0.47,0.46,0,0,0,0,0,0,0,0,0,3
50457953,100.0,1400.0,4.0,,,0,0.17,0.17,0,0,0,0,0,0,0,1,0,0
92841002,1000.0,2000.0,8.0,,,0,0.19,0.24,0,0,0,0,0,0,0,1,0,0
80959027,1800.0,500.0,4.0,,4.0,0,0.17,0.24,0,1,0,0,0,0,0,1,0,0
55424270,1400.0,1400.0,4.0,,,0,0.05,0.1,0,0,0,0,0,0,0,1,0,0
28570310,1200.0,1600.0,4.0,,4.0,0,2.72,1.33,0,1,0,0,0,0,0,1,0,0
91182675,0.0,1400.0,1.0,,4.0,0,0.58,0.43,0,1,0,0,0,0,0,1,0,0
27354732,2400.0,1400.0,6.0,,4.0,0,0.83,0.49,0,1,0,0,0,0,0,1,0,0
53842431,2800.0,2800.0,8.0,,4.0,0,1.76,1.17,0,1,0,0,0,0,0,1,0,0
54965929,1500.0,1500.0,4.0,,4.0,0,0.09,0.14,0,1,0,0,0,0,0,1,0,0
24429467,,,,,,0,0.06,0.12,0,0,0,0,0,0,0,0,0,2
38325384,,,,,,0,0.05,0.18,0,0,0,0,0,0,0,0,0,1
94599451,,,,,,0,0.13,0.16,0,0,0,0,0,0,0,0,0,1
7574904,3000.0,1000.0,8.0,,,0,0.15,0.21,0,0,0,0,0,0,0,1,0,0
34695290,2400.0,2400.0,8.0,,,0,0.17,0.23,0,0,0,0,0,0,0,1,0,0
79072916,,,,,,0,0.06,0.14,0,0,0,0,0,0,0,0,0,1
5466615,,,,,,0,0.09,0.17,0,0,0,0,0,0,0,0,0,2
31855260,,,,,,0,0.1,0.16,0,0,0,0,0,0,0,0,0,2
34572613,,,,,,0,0.79,0.56,0,0,0,0,0,0,0,0,0,1
60967717,,,,,,0,0.06,0.12,0,0,0,0,0,0,0,0,0,2
42577802,,,,,,0,0.11,0.16,0,0,0,0,0,0,0,0,0,1
43709490,500.0,500.0,4.0,,,0,0.06,0.11,0,0,0,0,0,0,0,1,0,0
62201847,0.0,500.0,2.0,,,0,1.43,1.06,0,0,0,0,0,0,0,1,0,0
61089209,2700.0,2900.0,8.0,,,0,0.15,0.2,0,0,0,0,0,0,0,1,0,0
26561172,0.0,0.0,1.0,,,0,0.1,0.1,0,0,0,0,0,0,0,1,0,0
8200556,500.0,0.0,3.0,,,0,1.42,0.74,0,0,0,0,0,0,0,1,0,0
79194594,2500.0,2000.0,9.0,,,0,0.17,0.21,1,0,1,0,0,0,0,0,0,0
6182103,3500.0,3000.0,10.0,,,0,1.87,1.22,1,0,1,0,0,0,0,0,0,0
34876719,1700.0,2700.0,5.0,,,0,0.16,0.21,1,0,0,0,0,1,0,0,0,0
1984618,,,,,,0,0.26,0.17,0,0,0,0,0,0,0,0,0,1
97518132,1000.0,1800.0,4.0,,,0,0.21,0.22,0,0,0,0,0,0,0,1,0,0
63053267,,,,,,0,0.07,0.19,0,0,0,0,0,0,0,0,0,1
2881864,3100.0,200.0,9.0,,,0,0.31,0.51,0,0,0,0,0,0,0,1,0,0
98931003,,,,,,0,0.0,0.0,0,0,0,0,0,0,0,0,0,1
70948327,1600.0,1800.0,4.0,,,0,0.07,0.21,0,0,0,0,0,0,0,1,0,0
40172183,,,,,,0,0.11,0.14,0,0,0,0,0,0,0,0,0,2
18158397,,,,,,0,0.28,0.19,0,0,0,0,0,0,0,0,0,2
62896588,,,,,,0,0.02,0.11,0,0,0,0,0,0,0,0,0,1
83467607,,,,,,0,0.09,0.09,0,0,0,0,0,0,0,0,0,2
99150062,400.0,200.0,2.0,,,0,0.13,0.2,0,0,0,0,0,0,0,1,0,0
20174189,2000.0,2000.0,5.0,,,0,0.51,0.36,0,0,0,0,0,0,0,1,0,0
2956282,2500.0,1800.0,6.0,,,0,0.12,0.12,1,0,0,0,1,0,0,0,0,0
44789585,100.0,1200.0,2.0,,,0,0.2,0.38,0,0,0,0,0,0,0,1,0,0
33198837,2200.0,1700.0,5.0,,,0,0.12,0.18,1,0,0,0,1,0,0,0,0,0
27762803,400.0,1800.0,4.0,,,0,0.11,0.15,0,0,0,0,0,0,0,1,0,0
34813545,,,,,,0,0.08,0.15,0,0,0,0,0,0,0,0,0,1
42110434,500.0,1200.0,3.0,,,0,0.2,0.18,0,0,0,0,0,0,0,0,0,0
29942771,1400.0,700.0,4.0,,,0,0.04,0.18,0,0,0,0,0,0,0,0,0,0
60668166,200.0,200.0,1.0,,,0,0.31,0.26,0,0,0,0,0,0,0,0,0,0
33866130,1500.0,1000.0,4.0,,,0,0.18,0.23,0,0,0,0,0,0,0,1,0,0
98437424,1000.0,700.0,2.0,,,0,0.17,0.22,0,0,0,0,0,0,0,0,0,0
70083723,1200.0,400.0,4.0,,,0,0.15,0.17,0,0,0,0,0,0,0,1,0,0
37349495,1000.0,700.0,2.0,,,0,1.38,0.59,0,0,0,0,0,0,0,1,0,0
99916754,2800.0,2400.0,10.0,,,0,0.17,0.32,1,0,1,0,0,0,0,0,0,0
37322745,,,,,,0,0.09,0.33,0,0,0,0,0,0,0,0,0,1
11390349,800.0,1500.0,3.0,,,0,0.16,0.19,0,0,0,0,0,0,0,1,0,0
90555947,3200.0,2100.0,10.0,,,0,0.27,0.3,1,0,1,0,0,0,0,0,0,0
80555116,1600.0,400.0,4.0,,,0,0.13,0.19,0,0,0,0,0,0,0,1,0,0
84905691,1800.0,100.0,4.0,,,0,0.18,0.25,0,0,0,0,0,0,0,1,0,0
47795344,1900.0,2000.0,5.0,,,0,0.13,0.1,0,0,0,0,0,0,0,1,0,0
19605133,100.0,100.0,1.0,,,0,0.08,0.17,0,0,0,0,0,0,0,1,0,0
43932460,2350.0,1600.0,7.0,,,0,0.23,0.21,1,0,0,0,1,0,0,0,0,0
16527176,3000.0,1800.0,9.0,,,0,0.12,0.14,1,0,0,0,1,0,0,0,0,0
51254980,1700.0,1500.0,4.0,,,0,0.16,0.17,0,0,0,0,0,0,0,1,0,0
24694698,1200.0,700.0,3.0,,,0,0.12,0.12,0,0,0,0,0,0,0,1,0,0
93454062,0.0,0.0,1.0,,,0,0.14,0.17,0,0,0,0,0,0,0,1,0,0
17285476,200.0,300.0,1.0,,,0,0.32,0.23,0,0,0,0,0,0,0,1,0,0
7304544,100.0,100.0,2.0,,,0,0.13,0.14,0,0,0,0,0,0,0,1,0,0
96653775,1400.0,800.0,4.0,,,0,0.19,0.17,0,0,0,0,0,0,0,1,0,0
87649699,1200.0,2000.0,3.0,,,0,0.12,0.15,0,0,0,0,0,0,0,1,0,0
54161401,1200.0,1200.0,3.0,,,0,0.14,0.17,0,0,0,0,0,0,0,1,0,0
61049315,400.0,1700.0,3.0,,,0,1.18,1.29,0,0,0,0,0,0,0,0,0,0
3734202,,,,,,0,0.05,0.13,0,0,0,0,0,0,0,0,0,2
25654671,2100.0,400.0,4.0,,,0,0.14,0.18,0,0,0,0,0,0,0,1,0,0
23051413,2200.0,1500.0,6.0,,,0,0.24,0.14,0,0,0,0,0,0,0,1,0,0
25866285,200.0,500.0,3.0,,,0,0.18,0.19,0,0,0,0,0,0,0,0,0,0
55099248,1600.0,1200.0,4.0,,,0,0.09,0.1,0,0,0,0,0,0,0,1,0,0
7478431,500.0,0.0,2.0,,,0,0.29,0.42,0,0,0,0,0,0,0,1,0,0
70261145,600.0,1500.0,2.0,,,0,0.14,0.12,0,0,0,0,0,0,0,0,0,0
16940215,200.0,300.0,1.0,,,0,0.1,0.17,0,0,0,0,0,0,0,0,0,0
24644634,1800.0,1400.0,4.0,,,0,0.14,0.12,0,0,0,0,0,0,0,1,0,0
62405028,0.0,2000.0,4.0,,,0,0.1,0.33,0,0,0,0,0,0,0,1,0,0
80040886,2700.0,1800.0,9.0,,,0,0.44,0.33,1,0,0,0,1,0,0,0,0,0
41525660,1800.0,1800.0,6.0,,1.0,0,0.06,0.08,0,1,0,0,0,0,0,1,0,0
51786039,2000.0,0.0,8.0,,,0,0.11,0.23,0,0,0,0,0,0,0,1,0,0
94655777,1000.0,600.0,2.0,,,0,0.97,0.91,0,0,0,0,0,0,0,1,0,0
70084224,1750.0,1900.0,6.0,,,0,0.11,0.47,0,0,0,0,0,0,0,0,1,0
48576971,,,,,,0,0.11,0.16,0,0,0,0,0,0,0,0,0,1
77700347,0.0,800.0,2.0,,,0,0.19,0.2,0,0,0,0,0,0,0,1,0,0
99000151,0.0,0.0,1.0,,,0,0.06,0.1,0,0,0,0,0,0,0,1,0,0
81223446,,,,,,0,0.05,0.12,0,0,0,0,0,0,0,0,0,2
4906301,600.0,1300.0,3.0,,,0,0.32,0.37,0,0,0,0,0,0,0,1,0,0
44236692,600.0,0.0,2.0,,,0,0.11,0.14,0,0,0,0,0,0,0,1,0,0
48421595,200.0,400.0,2.0,,,0,0.2,0.21,0,0,0,0,0,0,0,0,0,0
28297833,1200.0,1800.0,4.0,,,0,0.38,0.19,0,0,0,0,0,0,0,1,0,0
26194151,,,,,,0,0.18,0.35,0,0,0,0,0,0,0,0,0,1
61454890,800.0,900.0,3.0,,,0,0.81,2.67,0,0,0,0,0,0,0,0,1,0
93860227,2000.0,2000.0,6.0,,,0,0.12,0.1,1,0,1,0,0,0,0,0,0,0
18954366,,,,,,0,0.09,0.12,0,0,0,0,0,0,0,0,0,1
47355498,,,,,,0,1.48,0.55,0,0,0,0,0,0,0,0,0,1
56773577,,,,,,0,0.16,0.29,0,0,0,0,0,0,0,0,0,2
37561138,,,,,,0,0.26,0.26,0,0,0,0,0,0,0,0,0,1
66570171,1800.0,200.0,4.0,,,0,0.13,0.17,0,0,0,0,0,0,0,1,0,0
94230224,750.0,700.0,2.0,,,0,0.04,0.14,0,0,0,0,0,0,0,1,0,0
98162242,1700.0,1700.0,5.0,,,0,0.58,0.73,0,0,0,0,0,0,0,1,0,0
38411870,,,,,,0,0.41,0.67,0,0,0,0,0,0,0,0,0,2
17841097,100.0,100.0,1.0,,,0,0.07,0.17,0,0,0,0,0,0,0,1,0,0
56223084,1500.0,100.0,3.0,,,0,0.08,0.09,0,0,0,0,0,0,0,1,0,0
74440056,,,,,,0,0.0,0.0,0,0,0,0,0,0,0,0,0,4
38299233,,,,,,0,0.53,0.25,0,0,0,0,0,0,0,0,0,2
81843628,750.0,600.0,2.0,,,0,0.83,1.05,0,0,0,0,0,0,0,1,0,0
84968490,,,,,,0,0.27,0.49,0,0,0,0,0,0,0,0,0,2
60666820,1500.0,200.0,4.0,,,0,0.02,0.08,0,0,0,0,0,0,0,1,0,0
55117418,,,,,,0,0.1,0.18,0,0,0,0,0,0,0,0,0,2
14315573,,,,,,0,0.09,0.19,0,0,0,0,0,0,0,0,0,2
66675911,1800.0,1000.0,4.0,,,0,4.72,3.24,0,0,0,0,0,0,0,1,0,0
18189187,1000.0,1000.0,3.0,,,0,0.06,0.16,0,0,0,0,0,0,0,1,0,0
90176467,1000.0,1000.0,3.0,,,0,0.02,0.13,0,0,0,0,0,0,0,1,0,0
11021521,0.0,0.0,1.0,,,0,0.03,0.15,0,0,0,0,0,0,0,1,0,0
1761063,1100.0,900.0,3.0,,,0,1.06,2.74,0,0,0,0,0,0,0,0,1,0
43352213,1900.0,2000.0,6.0,,,0,1.26,0.97,0,0,0,0,0,0,0,0,1,0
97211663,,,,,,0,0.15,0.12,0,0,0,0,0,0,0,0,0,1
50596425,,,,,,0,0.24,0.16,0,0,0,0,0,0,0,0,0,1
51124303,,,,,,0,0.16,0.12,0,0,0,0,0,0,0,0,0,1
14735698,,,,,,0,0.07,0.09,0,0,0,0,0,0,0,0,0,1
39468724,3300.0,3200.0,10.0,,,0,0.19,0.23,0,0,0,1,0,0,0,1,0,0
26674724,2300.0,1400.0,6.0,,,0,1.27,2.29,0,0,0,1,0,0,0,1,0,0
52846880,2200.0,1200.0,5.0,,,0,0.7,1.07,0,0,0,1,0,0,0,1,0,0
99185129,1200.0,2300.0,3.0,,,0,0.12,0.1,0,0,0,1,0,0,0,1,0,0
88240999,3300.0,2300.0,10.0,,,0,0.1,0.12,0,0,0,1,0,0,0,1,0,0
74122412,2500.0,1700.0,7.0,,,0,0.29,0.34,0,0,0,1,0,0,0,1,0,0
13408726,2500.0,3000.0,9.0,,5.0,0,0.26,0.2,0,1,0,1,0,0,0,1,0,0
21105106,3600.0,3400.0,11.0,,,0,0.21,0.21,0,0,0,1,0,0,0,1,0,0
52068432,2700.0,2000.0,9.0,,,0,0.19,0.2,0,0,0,1,0,0,0,1,0,0
89463537,2300.0,1000.0,4.0,,,0,0.21,0.42,0,0,0,1,0,0,0,1,0,0
25857246,2900.0,1700.0,8.0,,,0,0.76,0.47,0,0,0,1,0,0,0,1,0,0
45666710,,,,,,0,0.06,0.12,0,0,0,0,0,0,0,0,0,1
72090076,1900.0,600.0,4.0,,,0,0.13,0.15,0,0,0,0,0,0,0,1,0,0
19211362,1100.0,200.0,2.0,,,0,0.05,0.13,0,0,0,0,0,0,0,1,0,0
44440058,700.0,0.0,1.0,,,0,0.82,0.4,0,0,0,0,0,0,0,1,0,0
46606977,1500.0,400.0,3.0,,,0,0.13,0.19,0,0,0,0,0,0,0,1,0,0
43944080,2000.0,2500.0,10.0,,,0,0.08,0.18,0,0,0,0,0,0,0,1,0,0
17550376,2500.0,2000.0,10.0,,,0,0.11,0.19,0,0,0,0,0,0,0,1,0,0
52382379,2500.0,2500.0,10.0,,,0,0.08,0.12,0,0,0,0,0,0,0,1,0,0
57296396,,,,,,0,0.1,0.17,0,0,0,0,0,0,0,0,0,2
33499794,,,,,,0,0.08,0.13,0,0,0,0,0,0,0,0,0,2
90963488,800.0,700.0,3.0,,,0,0.02,0.17,0,0,0,0,0,0,0,0,1,0
49563947,1200.0,3000.0,6.0,,,0,0.18,0.19,0,0,0,0,0,0,0,0,1,0
56532353,4500.0,3800.0,12.0,,,0,0.12,0.14,1,0,1,0,0,0,0,0,0,0
16587243,1800.0,1700.0,4.0,,,0,0.11,0.19,0,0,0,0,0,0,0,0,1,0
65156847,1200.0,1800.0,3.0,,,0,0.02,0.08,0,0,0,0,0,0,0,1,0,0
2377034,800.0,200.0,3.0,,,0,0.08,0.16,0,0,0,0,0,0,0,0,0,0
816427,1600.0,200.0,4.0,,,0,0.04,0.13,0,0,0,0,0,0,0,1,0,0
66378485,500.0,200.0,2.0,,,0,0.06,0.12,0,0,0,0,0,0,0,0,0,0
91554542,1500.0,200.0,4.0,,,0,0.1,0.06,0,0,0,0,0,0,0,1,0,0
39761138,1700.0,200.0,3.0,,,0,0.06,0.09,0,0,0,0,0,0,0,1,0,0
12632096,4500.0,3000.0,9.0,,,0,0.43,0.53,1,0,0,0,0,1,0,0,0,0
39272762,4500.0,3000.0,8.0,,,0,0.45,0.3,1,0,0,0,0,1,0,0,0,0
28331069,4500.0,3000.0,8.0,,,0,0.0,0.0,1,0,0,0,0,1,0,0,0,0
45885288,2400.0,2200.0,6.0,,,0,0.14,0.31,0,0,0,0,0,0,0,1,0,0
54332792,1700.0,1650.0,4.0,,,0,0.25,0.25,0,0,0,0,0,0,0,0,0,0
42015635,,,,,,0,0.29,0.29,0,0,0,0,0,0,0,0,0,1
85840608,800.0,1800.0,4.0,,,0,0.06,0.15,0,0,0,0,0,0,0,1,0,0
19594506,1800.0,800.0,4.0,,,0,4.1,1.43,0,0,0,0,0,0,0,1,0,0
95493471,2500.0,,,3.0,,3,0.13,0.3,1,0,0,0,0,0,1,0,0,0
50930991,1700.0,1000.0,4.0,,,0,0.1,0.33,0,0,0,0,0,0,0,0,1,0
12510878,2300.0,2000.0,7.0,,,0,0.17,0.28,0,0,0,0,0,0,0,1,0,0
54959865,800.0,600.0,3.0,,,0,0.31,0.4,0,0,0,0,0,0,0,1,0,0
17955766,600.0,800.0,3.0,,,0,0.14,0.18,0,0,0,0,0,0,0,1,0,0
43237273,1000.0,500.0,3.0,,,0,2.25,0.57,0,0,0,0,0,0,0,1,0,0
89621922,500.0,500.0,3.0,,,0,0.26,0.25,0,0,0,0,0,0,0,1,0,0
17732278,300.0,900.0,3.0,,,0,0.14,0.2,0,0,0,0,0,0,0,1,0,0
80344569,900.0,300.0,3.0,,,0,0.41,0.48,0,0,0,0,0,0,0,1,0,0
78734254,900.0,1100.0,4.0,,,0,0.46,0.42,1,0,1,0,0,0,0,0,0,0
13857930,500.0,1100.0,4.0,,,0,0.25,0.45,1,0,1,0,0,0,0,0,0,0
47274077,,,,,,0,0.59,0.31,0,0,0,0,0,0,0,0,0,1
14088859,,,,,,0,0.15,0.21,0,0,0,0,0,0,0,0,0,1
5126490,3000.0,3000.0,10.0,,,0,1.03,1.6,0,0,0,0,0,0,0,1,0,0
60226558,,,,,,0,0.15,0.23,0,0,0,0,0,0,0,0,0,1
46518210,2200.0,3100.0,10.0,,,0,0.14,0.31,0,0,0,0,0,0,0,1,0,0
87054946,2400.0,,0.0,3.0,,3,3.02,1.6,1,0,0,0,0,0,1,0,0,0
50669347,1200.0,,,2.0,,2,0.68,0.38,1,0,0,0,0,0,1,0,0,0
21565445,800.0,0.0,1.0,,,0,0.06,0.12,0,0,0,0,0,0,0,1,0,0
53589300,3300.0,3300.0,10.0,,,0,7.85,7.29,1,0,1,0,0,0,0,0,0,0
17473466,300.0,200.0,10.0,,1.0,0,5.31,7.57,0,1,0,0,0,0,0,1,0,0
19505896,1200.0,400.0,2.0,,,0,0.43,0.7,0,0,0,0,0,0,0,0,0,0
84640866,,,,,,0,0.02,0.2,0,0,0,0,0,0,0,0,0,2
43845801,,,,,,0,0.17,0.22,0,0,0,0,0,0,0,0,0,1
73413514,0.0,0.0,2.0,,,0,0.04,0.08,0,0,0,0,0,0,0,1,0,0
56787189,,,,,,0,0.08,0.09,0,0,0,0,0,0,0,0,0,1
62314831,,,,,,0,0.1,0.15,0,0,0,0,0,0,0,0,0,1
58019984,,,,,,0,0.04,0.07,0,0,0,0,0,0,0,0,0,2
85407683,,,,,,0,0.03,0.08,0,0,0,0,0,0,0,0,0,2
10807219,0.0,0.0,2.0,,,0,0.04,0.05,0,0,0,0,0,0,0,1,0,0
4335645,1200.0,800.0,4.0,,,0,0.1,0.19,0,0,0,0,0,0,0,1,0,0
81913510,,,,,,0,0.25,0.32,0,0,0,0,0,0,0,0,0,1
74414885,,,,,,0,0.41,0.21,0,0,0,0,0,0,0,0,0,2
7076131,,,,,,0,0.07,0.1,0,0,0,0,0,0,0,0,0,2
54862960,0.0,0.0,3.0,,,0,0.13,0.22,0,0,0,0,0,0,0,1,0,0
27204311,3000.0,600.0,11.0,,,0,0.19,0.18,0,0,0,0,0,0,0,1,0,0
49275969,2100.0,2600.0,9.0,,,0,0.77,1.14,0,0,0,0,0,0,0,1,0,0
16226786,200.0,500.0,3.0,,,0,0.1,0.3,0,0,0,0,0,0,0,1,0,0
89882100,,,,,,0,0.03,0.14,0,0,0,0,0,0,0,0,0,1
88724332,1700.0,0.0,4.0,,,0,0.22,0.1,0,0,0,0,0,0,0,1,0,0
51126152,3000.0,3000.0,10.0,,,0,0.1,0.36,0,0,0,0,0,0,0,1,0,0
42560034,,,,,,0,0.03,0.04,0,0,0,0,0,0,0,0,0,1
78402798,1150.0,1300.0,4.0,,,0,0.0,0.0,0,0,0,0,0,0,0,0,1,0
2191144,2600.0,2000.0,4.0,,,0,0.17,0.22,1,0,0,0,0,1,0,0,0,0
20295753,500.0,600.0,4.0,,,0,0.05,0.09,0,0,0,0,0,0,0,1,0,0
81101309,2500.0,2500.0,10.0,,,0,0.3,0.53,0,0,0,0,0,0,0,1,0,0
49826746,1300.0,1200.0,3.0,,,0,0.12,0.26,0,0,0,0,0,0,0,1,0,0
3779493,2300.0,1400.0,6.0,,,0,0.19,0.23,1,0,0,0,1,0,0,0,0,0
36107810,1300.0,400.0,2.0,,,0,0.13,0.2,0,0,0,0,0,0,0,0,0,0
58143852,2000.0,1700.0,6.0,,,0,0.64,1.83,0,0,0,0,0,0,0,1,0,0
42956964,,,,,,0,0.0,0.0,0,0,0,0,0,0,0,0,0,4
42956963,,,,,,0,0.15,0.21,0,0,0,0,0,0,0,0,0,2
25224340,,,,,,0,0.3,0.69,0,0,0,0,0,0,0,0,0,1
59290628,500.0,400.0,2.0,,,0,0.53,0.72,0,0,0,0,0,0,0,1,0,0
40221691,2500.0,2000.0,7.0,,,0,0.05,0.1,0,0,0,0,0,0,0,1,0,0
65261141,,,,,,0,0.19,0.19,0,0,0,0,0,0,0,0,0,1
81306586,900.0,1800.0,4.0,,,0,0.2,0.25,0,0,0,0,0,0,0,1,0,0
88643173,900.0,800.0,3.0,,,0,0.0,0.0,0,0,0,0,0,0,0,0,1,0
300203002,,,,,,0,0.08,0.21,0,0,0,0,0,0,0,0,0,3
93729896,,,,,,0,0.35,0.32,0,0,0,0,0,0,0,0,0,1
54704216,,,,,,0,0.34,0.29,0,0,0,0,0,0,0,0,0,2
30138615,0.0,0.0,1.0,,,0,0.4,0.9,1,0,1,0,0,0,0,0,0,0
58775978,,,,,,0,0.11,0.25,0,0,0,0,0,0,0,0,0,1
66569334,1500.0,1500.0,4.0,,,0,0.02,0.04,0,0,0,0,0,0,0,1,0,0
79519259,2500.0,2500.0,8.0,,,0,0.17,0.22,1,0,0,0,1,0,0,0,0,0
24701235,800.0,1800.0,4.0,,,0,1.0,3.02,0,0,0,0,0,0,0,0,0,0
88686573,600.0,100.0,2.0,,,0,0.17,0.15,0,0,0,0,0,0,0,1,0,0
68353324,400.0,200.0,2.0,,,0,0.48,0.27,0,0,0,0,0,0,0,1,0,0
46384403,800.0,100.0,2.0,,,0,0.16,0.18,0,0,0,0,0,0,0,1,0,0
22567609,1000.0,100.0,2.0,,,0,0.19,0.12,0,0,0,0,0,0,0,1,0,0
57844634,800.0,100.0,2.0,,,0,0.09,0.14,0,0,0,0,0,0,0,1,0,0
2843014,1000.0,100.0,2.0,,,0,3.11,2.15,0,0,0,0,0,0,0,1,0,0
11987744,1800.0,1000.0,4.0,,,0,0.08,0.18,0,0,0,0,0,0,0,0,1,0
8660395,1800.0,2400.0,4.0,,,0,0.31,0.39,1,0,0,0,0,1,0,0,0,0
57831349,,,,,,0,0.1,0.11,0,0,0,0,0,0,0,0,0,2
28981598,900.0,3300.0,9.0,,,0,0.09,0.14,1,0,0,0,0,1,0,0,0,0
27198001,2200.0,2000.0,6.0,,,0,0.07,0.08,0,0,0,0,0,0,0,1,0,0
30194529,2500.0,,0.0,3.0,,3,0.28,0.4,1,0,0,0,0,0,1,0,0,0
95027497,1800.0,1000.0,4.0,,,0,0.14,0.17,0,0,0,0,0,0,0,1,0,0
37354507,2000.0,,,2.0,,2,0.23,0.33,1,0,0,0,0,0,1,0,0,0
4041838,1800.0,1000.0,4.0,,,0,0.99,1.38,0,0,0,0,0,0,0,1,0,0
79324191,,,,,,0,0.05,0.13,0,0,0,0,0,0,0,0,0,1
95545183,,,,,,0,0.13,0.15,0,0,0,0,0,0,0,0,0,1
68038375,,,,,,0,0.1,0.18,0,0,0,0,0,0,0,0,0,2
89628781,,,,,,0,0.05,0.22,0,0,0,0,0,0,0,0,0,2
50766506,,,,,,0,0.32,0.35,0,0,0,0,0,0,0,0,0,2
63626024,,,,,,0,0.23,0.41,0,0,0,0,0,0,0,0,0,2
68441986,,,,,,0,0.1,0.15,0,0,0,0,0,0,0,0,0,1
13629812,,,,,,0,0.02,0.2,0,0,0,0,0,0,0,0,0,2
90200789,,,,,,0,0.08,0.24,0,0,0,0,0,0,0,0,0,2
70861343,,,,,,0,0.09,0.12,0,0,0,0,0,0,0,0,0,2
32939238,,,,,,0,0.07,0.09,0,0,0,0,0,0,0,0,0,1
80896940,3300.0,2500.0,10.0,,8.0,0,0.13,0.2,1,1,0,0,1,0,0,1,0,0
96182448,300.0,100.0,2.0,,,0,0.08,0.22,0,0,0,0,0,0,0,0,0,0
23842445,,,,,,0,0.12,0.27,0,0,0,0,0,0,0,0,0,1
18013090,2800.0,1800.0,7.0,,,0,0.3,1.15,1,0,0,0,1,0,0,0,0,0
49204190,,,,,,0,0.07,0.09,0,0,0,0,0,0,0,0,0,2
7805359,900.0,800.0,3.0,,,0,0.07,0.16,0,0,0,0,0,0,0,0,1,0
60306104,,,,,,0,0.09,0.08,0,0,0,0,0,0,0,0,0,2
300302015,,,,,,0,0.13,0.29,0,0,0,0,0,0,0,0,0,3
300302068,,,,,,0,0.0,0.13,0,0,0,0,0,0,0,0,0,3
83438826,,,,,,0,0.22,0.16,0,0,0,0,0,0,0,0,0,1
23562407,,,,,,0,0.24,0.2,0,0,0,0,0,0,0,0,0,1
41359411,,,,,,0,0.08,0.2,0,0,0,0,0,0,0,0,0,1
46008667,,,,,,0,1.17,1.93,0,0,0,0,0,0,0,0,0,1
14745409,,,,,,0,0.16,0.13,0,0,0,0,0,0,0,0,0,1
25807544,,,,,,0,0.08,0.46,0,0,0,0,0,0,0,0,0,1
7452945,,,,,,0,0.26,0.5,0,0,0,0,0,0,0,0,0,1
92125819,1800.0,1800.0,4.0,,,0,0.55,0.59,0,0,0,0,0,0,0,0,1,0
30575681,1600.0,1500.0,4.0,,,0,0.71,1.09,0,0,0,0,0,0,0,1,0,0
47120245,1700.0,900.0,4.0,,,0,0.03,0.19,0,0,0,0,0,0,0,1,0,0
57690191,1200.0,2400.0,4.0,,,0,0.07,0.18,0,0,0,0,0,0,0,1,0,0
42472002,1000.0,2000.0,4.0,,,0,0.02,0.15,0,0,0,0,0,0,0,1,0,0
53550467,1800.0,800.0,4.0,,,0,0.09,0.27,0,0,0,0,0,0,0,1,0,0
93085839,1600.0,2000.0,5.0,,,0,0.05,0.14,0,0,0,0,0,0,0,1,0,0
19680539,1900.0,500.0,4.0,,,0,0.46,0.63,0,0,0,0,0,0,0,1,0,0
13391185,1500.0,1800.0,4.0,,,0,0.45,0.51,0,0,0,0,0,0,0,1,0,0
88923963,1700.0,1600.0,4.0,,,0,0.1,0.11,0,0,0,0,0,0,0,1,0,0
18426196,1900.0,1300.0,4.0,,,0,0.02,0.12,0,0,0,0,0,0,0,1,0,0
59057152,1700.0,1000.0,4.0,,,0,0.22,0.27,0,0,0,0,0,0,0,1,0,0
5361816,1900.0,500.0,4.0,,,0,0.09,0.09,0,0,0,0,0,0,0,1,0,0
73359475,1900.0,300.0,4.0,,,0,0.16,0.28,0,0,0,0,0,0,0,1,0,0
34242278,800.0,1300.0,4.0,,,0,1.61,1.07,0,0,0,0,0,0,0,1,0,0
7721912,800.0,400.0,2.0,,,0,0.11,0.16,0,0,0,0,0,0,0,1,0,0
55742055,,,,,,0,0.09,0.2,0,0,0,0,0,0,0,0,0,1
88935103,700.0,1400.0,3.0,,5.0,0,0.08,0.15,0,1,0,0,0,0,0,1,0,0
71044499,,,,,,0,0.36,0.71,0,0,0,0,0,0,0,0,0,1
17449108,,,,,,0,0.05,0.5,0,0,0,0,0,0,0,0,0,1
65878864,900.0,1200.0,5.0,,,0,0.13,0.35,0,0,0,0,0,0,0,1,0,0
70333910,0.0,2800.0,7.0,,,0,0.13,0.21,0,0,0,0,0,0,0,1,0,0
72238166,1400.0,1600.0,4.0,,,0,0.04,0.21,0,0,0,0,0,0,0,1,0,0
6609736,2100.0,1800.0,5.0,,,0,0.13,0.18,0,0,0,0,0,0,0,1,0,0
55920742,2300.0,2600.0,8.0,,,0,0.26,0.18,0,0,0,0,0,0,0,1,0,0
81914447,2500.0,2000.0,8.0,,,0,0.2,0.26,0,0,0,0,0,0,0,1,0,0
75046994,2400.0,2400.0,8.0,,,0,0.25,0.29,0,0,0,0,0,0,0,1,0,0
19535693,600.0,600.0,3.0,,,0,0.07,0.11,0,0,0,0,0,0,0,0,0,0
45620686,700.0,300.0,2.0,,,0,0.03,0.07,0,0,0,0,0,0,0,1,0,0
92887027,1700.0,1000.0,4.0,,,0,0.04,0.08,0,0,0,0,0,0,0,1,0,0
76848240,,,,,,0,0.44,0.42,0,0,0,0,0,0,0,0,0,2
27581098,,,,,,0,0.2,0.4,0,0,0,0,0,0,0,0,0,2
20065549,,,,,,0,0.07,0.14,0,0,0,0,0,0,0,0,0,1
32623004,1600.0,100.0,3.0,,,0,0.58,0.57,0,0,0,0,0,0,0,1,0,0
65626958,300.0,100.0,3.0,,,0,0.24,0.25,0,0,0,0,0,0,0,0,0,0
15394084,,,,,,0,0.0,0.0,0,0,0,0,0,0,0,0,0,4
42793609,,,,,,0,0.06,0.09,0,0,0,0,0,0,0,0,0,2
55154048,,,,,,0,0.05,0.15,0,0,0,0,0,0,0,0,0,1
15286412,,,,,,0,0.12,0.25,0,0,0,0,0,0,0,0,0,2
7320132,,,,,,0,0.19,0.24,0,0,0,0,0,0,0,0,0,1
89792713,,,,,,0,0.07,0.14,0,0,0,0,0,0,0,0,0,2
86827882,,,,,,0,0.16,0.19,0,0,0,0,0,0,0,0,0,2
64797746,,,,,,0,0.24,0.23,0,0,0,0,0,0,0,0,0,2
91011603,1500.0,700.0,4.0,,,0,0.17,0.22,0,0,0,0,0,0,0,1,0,0
14152862,2700.0,2000.0,6.0,,,0,0.13,0.22,1,0,0,0,0,1,0,0,0,0
662854,2500.0,,,5.0,,5,188.91,0.0,1,0,0,0,0,0,1,0,0,0
79936051,,,,,,0,0.06,0.17,0,0,0,0,0,0,0,0,0,2
61944066,,,,,,0,0.08,0.14,0,0,0,0,0,0,0,0,0,1
15388353,,,,,,0,7.26,6.91,0,0,0,0,0,0,0,0,0,1
48783998,1400.0,800.0,4.0,,,0,0.48,1.0,0,0,0,0,0,0,0,1,0,0
43694075,,,,,,0,4.74,78.69,0,0,0,0,0,0,0,0,0,1
25607552,2000.0,2500.0,7.0,,,0,0.02,0.11,0,0,0,0,0,0,0,1,0,0
45488703,2300.0,2500.0,8.0,,,0,0.14,0.18,0,0,0,0,0,0,0,1,0,0
51616747,500.0,500.0,2.0,,,0,0.11,0.1,0,0,0,0,0,0,0,1,0,0
10666000,3000.0,2500.0,8.0,,,0,7.22,6.41,1,0,0,0,0,1,0,0,0,0
15232745,1000.0,100.0,1.0,,,0,0.28,0.25,1,0,0,0,0,1,0,0,0,0
11411223,2400.0,2400.0,4.0,,,0,0.22,0.38,1,0,0,0,0,1,0,0,0,0
57314798,0.0,0.0,1.0,,,0,0.06,0.11,1,0,0,0,0,1,0,0,0,0
48739166,2100.0,1000.0,4.0,,,0,0.57,0.4,1,0,0,0,0,1,0,0,0,0
2419596,2100.0,1000.0,4.0,,,0,0.0,0.0,1,0,0,0,0,1,0,0,0,0
49678559,2500.0,2000.0,4.0,,,0,2.34,1.96,1,0,0,0,0,1,0,0,0,0
94380860,2400.0,1200.0,4.0,,,0,0.17,0.18,1,0,0,0,0,1,0,0,0,0
2061963,2700.0,1200.0,4.0,,,0,3.96,5.81,1,0,0,0,0,1,0,0,0,0
16908882,2700.0,1200.0,4.0,,,0,3.38,10.13,1,0,0,0,0,1,0,0,0,0
59627393,2500.0,1600.0,4.0,,,0,0.12,0.23,1,0,0,0,0,1,0,0,0,0
63746411,2000.0,2000.0,4.0,,,0,0.19,0.18,1,0,0,0,0,1,0,0,0,0
88177324,3000.0,2500.0,8.0,,,0,0.17,0.24,1,0,0,0,0,1,0,0,0,0
80117527,2600.0,2000.0,7.0,,,0,0.19,0.12,1,0,0,0,0,1,0,0,0,0
19333131,2400.0,1700.0,5.0,,,0,0.2,3.03,1,0,0,0,0,1,0,0,0,0
69058960,500.0,500.0,1.0,,,0,2.95,3.58,1,0,0,0,0,1,0,0,0,0
21313376,2500.0,1500.0,5.0,,,0,1.61,0.73,1,0,0,0,0,1,0,0,0,0
88120966,1500.0,2500.0,8.0,,,0,0.29,0.2,1,0,0,0,0,1,0,0,0,0
54719828,2300.0,1600.0,4.0,,,0,1.47,0.79,1,0,0,0,0,1,0,0,0,0
69610924,2000.0,0.0,3.0,,,0,0.49,0.56,1,0,0,0,0,1,0,0,0,0
23649496,2200.0,2200.0,4.0,,,0,0.25,0.16,1,0,0,0,0,1,0,0,0,0
55067058,2000.0,2500.0,5.0,,,0,2.61,1.06,1,0,0,0,0,1,0,0,0,0
32453837,0.0,0.0,2.0,,,0,0.3,0.17,1,0,0,0,0,1,0,0,0,0
42230449,1000.0,100.0,1.0,,,0,0.21,0.21,1,0,0,0,0,1,0,0,0,0
47805931,1800.0,1800.0,3.0,,,0,0.37,0.25,1,0,0,0,0,1,0,0,0,0
57707471,500.0,500.0,6.0,,,0,3.07,1.39,1,0,0,0,0,1,0,0,0,0
73445448,4500.0,1000.0,8.0,,,0,0.67,0.23,1,0,0,0,0,1,0,0,0,0
66547759,2000.0,1500.0,8.0,,,0,12.18,3.6,1,0,0,0,0,1,0,0,0,0
93713837,2400.0,2800.0,6.0,,,0,1.12,0.82,1,0,0,0,0,1,0,0,0,0
64554883,2800.0,2400.0,6.0,,,0,0.43,2.01,1,0,0,0,0,1,0,0,0,0
39622156,800.0,2400.0,3.0,,,0,0.26,0.62,1,0,0,0,0,1,0,0,0,0
8387138,2200.0,1000.0,4.0,,,0,0.27,0.22,1,0,0,0,0,1,0,0,0,0
53701457,2400.0,2200.0,7.0,,,0,0.29,0.16,1,0,0,0,0,1,0,0,0,0
54191698,2000.0,900.0,2.0,,,0,0.3,0.24,1,0,0,0,0,1,0,0,0,0
4997565,1200.0,2500.0,3.0,,,0,0.3,0.93,1,0,0,0,0,1,0,0,0,0
78625448,1000.0,100.0,1.0,,,0,0.33,0.18,1,0,0,0,0,1,0,0,0,0
81330115,3000.0,3000.0,3.0,,,0,0.65,0.27,1,0,0,0,0,1,0,0,0,0
95442074,500.0,500.0,1.0,,,0,1.36,3.57,1,0,0,0,0,1,0,0,0,0
65676461,2800.0,2100.0,4.0,,,0,0.16,0.29,1,0,0,0,0,1,0,0,0,0
39139935,2400.0,1500.0,5.0,,,0,6.78,10.33,1,0,0,0,0,1,0,0,0,0
32003338,0.0,2900.0,3.0,,,0,0.19,0.29,1,0,0,0,0,1,0,0,0,0
90162951,0.0,0.0,10.0,,,0,7.7,8.42,1,0,0,0,0,1,0,0,0,0
50260683,2000.0,2500.0,4.0,,,0,1.16,0.29,1,0,0,0,0,1,0,0,0,0
37279508,2600.0,2100.0,4.0,,,0,5.63,6.55,1,0,0,0,0,1,0,0,0,0
63767246,3000.0,2500.0,8.0,,,0,0.35,0.27,1,0,0,0,0,1,0,0,0,0
84013237,2500.0,2000.0,4.0,,,0,0.02,0.22,1,0,0,0,0,1,0,0,0,0
21521304,3000.0,2500.0,6.0,,,0,0.37,0.76,1,0,0,0,0,1,0,0,0,0
62517849,0.0,2500.0,4.0,,,0,1.01,1.36,1,0,0,0,0,1,0,0,0,0
93777634,0.0,2000.0,4.0,,,0,0.41,0.35,1,0,0,0,0,1,0,0,0,0
84124261,500.0,100.0,1.0,,,0,1.01,0.78,1,0,0,0,0,1,0,0,0,0
76504386,2500.0,2000.0,4.0,,,0,0.22,0.34,1,0,0,0,0,1,0,0,0,0
4019153,1000.0,100.0,1.0,,,0,0.26,0.22,1,0,0,0,0,1,0,0,0,0
67557908,1900.0,1500.0,4.0,,,0,0.33,0.32,1,0,0,0,0,1,0,0,0,0
75433814,3000.0,2000.0,8.0,,,0,0.82,0.69,1,0,0,0,0,1,0,0,0,0
90590303,2100.0,2000.0,4.0,,,0,0.19,0.23,1,0,0,0,0,1,0,0,0,0
10389142,0.0,3000.0,7.0,,,0,0.45,0.27,1,0,0,0,0,1,0,0,0,0
56051086,0.0,0.0,2.0,,,0,0.3,0.27,1,0,0,0,0,1,0,0,0,0
80764541,1800.0,1600.0,4.0,,,0,2.0,1.75,1,0,0,0,0,1,0,0,0,0
29208536,2200.0,0.0,2.0,,,0,0.6,0.37,1,0,0,0,0,1,0,0,0,0
2978414,3000.0,3000.0,8.0,,,0,10.2,11.76,1,0,0,0,0,1,0,0,0,0
31320433,2000.0,2000.0,3.0,,,0,0.76,0.72,1,0,0,0,0,1,0,0,0,0
1426714,1800.0,0.0,3.0,,,0,0.24,0.26,1,0,0,0,0,1,0,0,0,0
16259549,400.0,900.0,3.0,,,0,0.59,0.32,1,0,0,0,0,1,0,0,0,0
90126061,0.0,0.0,5.0,,,0,2.28,0.41,1,0,0,0,0,1,0,0,0,0
51735257,2100.0,1500.0,4.0,,,0,5.13,5.75,1,0,0,0,0,1,0,0,0,0
56292140,2600.0,0.0,3.0,,,0,0.56,0.29,1,0,0,0,0,1,0,0,0,0
7194917,0.0,3000.0,4.0,,,0,5.3,7.19,1,0,0,0,0,1,0,0,0,0
23998625,100.0,100.0,5.0,,,0,0.33,5.76,1,0,0,0,0,1,0,0,0,0
54366836,100.0,100.0,1.0,,,0,0.38,0.36,1,0,0,0,0,1,0,0,0,0
46871387,2400.0,1200.0,4.0,,,0,0.49,1.15,1,0,0,0,0,1,0,0,0,0
55935416,500.0,600.0,1.0,,,0,0.75,0.4,1,0,0,0,0,1,0,0,0,0
53244294,100.0,2600.0,4.0,,,0,3.23,1.63,1,0,0,0,0,1,0,0,0,0
93108839,1000.0,1000.0,4.0,,,0,0.18,0.18,1,0,0,0,0,1,0,0,0,0
82697249,2300.0,200.0,4.0,,,0,0.51,0.85,1,0,0,0,0,1,0,0,0,0
9161357,2600.0,3000.0,6.0,,,0,0.51,1.13,1,0,0,0,0,1,0,0,0,0
66011101,1200.0,1200.0,4.0,,,0,0.06,0.17,1,0,0,0,0,1,0,0,0,0
29669359,2500.0,1000.0,5.0,,,0,0.02,0.2,1,0,0,0,0,1,0,0,0,0
31801517,4000.0,3000.0,8.0,,,0,1.6,2.16,1,0,0,0,0,1,0,0,0,0
89642993,0.0,2000.0,1.0,,,0,0.74,0.56,1,0,0,0,0,1,0,0,0,0
39972129,1000.0,1000.0,2.0,,,0,2.41,4.3,1,0,0,0,0,1,0,0,0,0
3790062,1300.0,0.0,2.0,,,0,0.31,0.35,1,0,0,0,0,1,0,0,0,0
76067258,2500.0,800.0,4.0,,,0,0.25,0.29,1,0,0,0,0,1,0,0,0,0
35772782,2100.0,2100.0,5.0,,,0,0.11,0.11,1,0,0,0,0,1,0,0,0,0
23085002,2100.0,2700.0,8.0,,,0,0.23,0.17,1,0,0,0,0,1,0,0,0,0
2407234,2600.0,1400.0,4.0,,,0,0.1,0.21,1,0,0,0,0,1,0,0,0,0
77571454,3100.0,1900.0,4.0,,,0,0.73,0.37,1,0,0,0,0,1,0,0,0,0
31086840,2800.0,1600.0,4.0,,,0,0.11,0.19,1,0,0,0,0,1,0,0,0,0
82308875,700.0,700.0,7.0,,,0,1.03,5.81,1,0,0,0,0,1,0,0,0,0
80796456,2400.0,1200.0,4.0,,,0,1.49,1.21,1,0,0,0,0,1,0,0,0,0
59479050,0.0,2000.0,3.0,,,0,0.12,0.15,1,0,0,0,0,1,0,0,0,0
75253697,2500.0,1200.0,6.0,,,0,0.18,0.18,1,0,0,0,0,1,0,0,0,0
36076683,2400.0,1400.0,5.0,,,0,0.19,0.35,1,0,0,0,0,1,0,0,0,0
16037007,2700.0,2100.0,7.0,,,0,0.43,0.29,1,0,0,0,0,1,0,0,0,0
71166481,1000.0,2600.0,3.0,,,0,0.3,0.48,1,0,0,0,0,1,0,0,0,0
92015800,2700.0,2100.0,7.0,,,0,4.3,10.03,1,0,0,0,0,1,0,0,0,0
62541668,4000.0,3000.0,12.0,,,0,0.71,0.36,1,0,0,0,0,1,0,0,0,0
29085954,0.0,0.0,1.0,,,0,0.52,0.35,1,0,0,0,0,1,0,0,0,0
71921856,2300.0,1600.0,4.0,,,0,0.16,0.18,1,0,0,0,0,1,0,0,0,0
47387961,2400.0,1800.0,4.0,,,0,0.02,0.16,1,0,0,0,0,1,0,0,0,0
93568288,0.0,1200.0,4.0,,,0,3.3,2.08,1,0,0,0,0,1,0,0,0,0
49032236,3200.0,4000.0,10.0,,,0,0.21,0.21,1,0,0,0,0,1,0,0,0,0
31437713,2000.0,1500.0,4.0,,,0,1.28,4.46,1,0,0,0,0,1,0,0,0,0
48928529,500.0,500.0,1.0,,,0,0.47,0.55,1,0,0,0,0,1,0,0,0,0
26556950,0.0,0.0,11.0,,,0,0.47,0.32,1,0,0,0,0,1,0,0,0,0
42421606,3000.0,300.0,4.0,,,0,2.62,4.0,1,0,0,0,0,1,0,0,0,0
63504681,1500.0,1500.0,4.0,,,0,0.38,0.31,1,0,0,0,0,1,0,0,0,0
89516305,3200.0,2800.0,8.0,,,0,0.13,0.26,1,0,0,0,0,1,0,0,0,0
48995978,3200.0,2300.0,8.0,,,0,4.6,1.31,1,0,0,0,0,1,0,0,0,0
95474755,2800.0,1200.0,7.0,,,0,0.83,0.57,1,0,0,0,0,1,0,0,0,0
1992816,2800.0,3000.0,9.0,,,0,0.2,0.2,1,0,0,0,0,1,0,0,0,0
8165596,2500.0,3000.0,8.0,,,0,0.24,0.17,1,0,0,0,0,1,0,0,0,0
84417082,2400.0,2000.0,4.0,,,0,4.34,6.1,1,0,0,0,0,1,0,0,0,0
97403510,0.0,0.0,9.0,,,0,0.79,1.67,1,0,0,0,0,1,0,0,0,0
23187256,2500.0,2000.0,12.0,,,0,0.53,0.27,1,0,0,0,0,1,0,0,0,0
62070231,2200.0,1600.0,5.0,,,0,0.63,0.34,1,0,0,0,0,1,0,0,0,0
58820923,4000.0,0.0,9.0,,,0,0.59,0.3,1,0,0,0,0,1,0,0,0,0
55727845,100.0,1000.0,2.0,,,0,0.25,0.17,1,0,0,0,0,1,0,0,0,0
28400508,3000.0,3000.0,8.0,,,0,0.2,0.19,1,0,0,0,0,1,0,0,0,0
55470553,2000.0,2500.0,4.0,,,0,0.43,0.39,1,0,0,0,0,1,0,0,0,0
95134948,3000.0,3000.0,12.0,,,0,1.27,0.66,1,0,0,0,0,1,0,0,0,0
51543904,4000.0,2000.0,10.0,,,0,4.56,6.93,1,0,0,0,0,1,0,0,0,0
79747096,2000.0,1000.0,2.0,,,0,0.28,0.19,1,0,0,0,0,1,0,0,0,0
89477759,-1.0,-1.0,12.0,,,0,0.15,0.3,1,0,0,0,0,1,0,0,0,0
12744567,2800.0,1500.0,5.0,,,0,0.17,0.15,1,0,0,0,0,1,0,0,0,0
67173574,2900.0,2400.0,5.0,,,0,0.29,0.19,1,0,0,0,0,1,0,0,0,0
20785975,2800.0,2400.0,5.0,,,0,2.36,1.02,1,0,0,0,0,1,0,0,0,0
49456901,3000.0,1500.0,5.0,,,0,0.23,0.12,1,0,0,0,0,1,0,0,0,0
42396591,3000.0,1500.0,5.0,,,0,0.41,4.14,1,0,0,0,0,1,0,0,0,0
85121942,2800.0,2000.0,5.0,,,0,0.11,0.18,1,0,0,0,0,1,0,0,0,0
55888045,2600.0,2000.0,5.0,,,0,0.43,0.57,1,0,0,0,0,1,0,0,0,0
68396121,4500.0,3000.0,9.0,,,0,0.11,0.2,1,0,0,0,0,1,0,0,0,0
33776843,2500.0,1500.0,9.0,,,0,0.33,0.25,1,0,0,0,0,1,0,0,0,0
7628844,3100.0,2600.0,5.0,,,0,0.21,0.21,1,0,0,0,0,1,0,0,0,0
49221191,2800.0,2100.0,4.0,,,0,0.2,0.33,1,0,0,0,0,1,0,0,0,0
56840427,2500.0,2000.0,4.0,,,0,0.11,0.18,1,0,0,0,0,1,0,0,0,0
66970002,2600.0,2000.0,5.0,,,0,0.24,0.15,1,0,0,0,0,1,0,0,0,0
87911394,2800.0,2500.0,5.0,,,0,6.41,5.86,1,0,0,0,0,1,0,0,0,0
69170557,3300.0,2000.0,9.0,,,0,0.36,0.16,1,0,0,0,0,1,0,0,0,0
32446630,0.0,0.0,3.0,,,0,0.32,0.23,1,0,0,0,0,1,0,0,0,0
69757518,0.0,0.0,6.0,,,0,0.27,0.28,1,0,0,0,0,1,0,0,0,0
6387204,3300.0,3300.0,7.0,,,0,5.07,1.98,1,0,0,0,0,1,0,0,0,0
48348921,4000.0,3000.0,8.0,,,0,3.14,2.66,1,0,0,0,0,1,0,0,0,0
49195710,1600.0,0.0,3.0,,,0,0.47,0.51,1,0,0,0,0,1,0,0,0,0
11522979,4000.0,1800.0,5.0,,,0,0.6,0.72,1,0,0,0,0,1,0,0,0,0
96864105,3000.0,2000.0,6.0,,,0,0.19,0.2,1,0,0,0,0,1,0,0,0,0
10300821,2600.0,2000.0,5.0,,,0,0.31,0.51,1,0,0,0,0,1,0,0,0,0
20563387,0.0,2000.0,5.0,,,0,0.49,0.45,1,0,0,0,0,1,0,0,0,0
6165656,3500.0,2500.0,9.0,,,0,0.29,0.17,1,0,0,0,0,1,0,0,0,0
32559361,3600.0,3200.0,10.0,,,0,3.53,2.7,1,0,0,0,0,1,0,0,0,0
47017574,1000.0,0.0,10.0,,,0,0.17,0.19,1,0,0,0,0,1,0,0,0,0
77205367,1000.0,1000.0,3.0,,,0,3.4,1.43,1,0,0,0,0,1,0,0,0,0
26973555,3000.0,2000.0,0.0,,,0,0.18,2.49,1,0,0,0,0,1,0,0,0,0
65305468,0.0,0.0,0.0,,,0,0.22,0.24,1,0,0,0,0,1,0,0,0,0
43490025,0.0,0.0,0.0,,,0,0.56,0.66,1,0,0,0,0,1,0,0,0,0
41522092,0.0,0.0,0.0,,,0,4.3,5.52,1,0,0,0,0,1,0,0,0,0
15862758,-1.0,-1.0,13.0,,,0,0.66,0.3,1,0,0,0,0,1,0,0,0,0
52653092,-1.0,-1.0,0.0,,,0,1.62,0.5,1,0,0,0,0,1,0,0,0,0
79625003,2600.0,2100.0,5.0,,,0,0.35,0.26,1,0,0,0,0,1,0,0,0,0
16110708,3000.0,2500.0,9.0,,,0,0.36,0.28,1,0,0,0,0,1,0,0,0,0
86532744,2510.0,2000.0,4.0,,,0,4.22,2.82,1,0,0,0,0,1,0,0,0,0
56832966,2500.0,2000.0,5.0,,,0,0.31,0.2,1,0,0,0,0,1,0,0,0,0
847915,,,,,,0,1.76,1.18,0,0,0,0,0,0,0,0,0,2
21858819,4000.0,4000.0,10.0,,,0,1.54,0.34,1,0,0,0,0,1,0,0,0,0
20994205,,,,,,0,0.13,0.3,0,0,0,0,0,0,0,0,0,1
4606229,,,,,,0,0.02,0.23,0,0,0,0,0,0,0,0,0,1
97738431,,,,,,0,0.05,0.12,0,0,0,0,0,0,0,0,0,2
68630939,,,,,,0,0.17,0.3,0,0,0,0,0,0,0,0,0,2
92065772,1300.0,1800.0,4.0,,,0,0.32,0.56,0,0,0,0,0,0,0,1,0,0
83061014,1800.0,0.0,5.0,,,0,0.36,0.55,0,0,0,0,0,0,0,1,0,0
37115973,1600.0,1400.0,4.0,,,0,0.6,0.29,0,0,0,0,0,0,0,1,0,0
77402960,,,,,,0,0.2,0.22,0,0,0,0,0,0,0,0,0,1
41850466,,,,,,0,0.17,0.22,0,0,0,0,0,0,0,0,0,1
46382143,,,,,,0,0.13,0.12,0,0,0,0,0,0,0,0,0,1
41418852,,,,,,0,0.26,0.21,0,0,0,0,0,0,0,0,0,1
20936251,,,,,,0,0.07,0.19,0,0,0,0,0,0,0,0,0,1
42352091,0.0,0.0,1.0,,,0,0.12,0.18,0,0,0,0,0,0,0,1,0,0
2130625,,,,,,0,0.02,0.14,0,0,0,0,0,0,0,0,0,2
36010310,0.0,0.0,4.0,,,0,1.05,0.48,0,0,0,0,0,0,0,1,0,0
60681372,900.0,2000.0,4.0,,,0,0.12,0.13,0,0,0,0,0,0,0,1,0,0
40398073,500.0,1600.0,2.0,,,0,0.02,0.68,0,0,0,0,0,0,0,1,0,0
29389368,,,,,,0,0.04,0.4,0,0,0,0,0,0,0,0,0,2
12953226,2000.0,800.0,4.0,,,0,0.13,0.27,0,0,0,0,0,0,0,1,0,0
63703130,,,,,,0,0.08,0.11,0,0,0,0,0,0,0,0,0,1
14920218,2100.0,1400.0,6.0,,2.0,0,0.91,0.48,0,1,0,0,0,0,0,1,0,0
39122311,,,,,,0,0.12,0.11,0,0,0,0,0,0,0,0,0,2
99311109,,,,,,0,0.15,0.11,0,0,0,0,0,0,0,0,0,2
72537897,,,,,,0,0.05,0.11,0,0,0,0,0,0,0,0,0,1
10000000,4000.0,4000.0,10.0,,,0,0.42,0.62,0,0,0,0,0,0,0,1,0,0
56713552,750.0,800.0,3.0,,,0,48.57,38.0,0,0,0,0,0,0,0,0,1,0
64043465,,,,,,0,0.48,0.25,0,0,0,0,0,0,0,0,0,2
402416,,,,,,0,0.16,0.17,0,0,0,0,0,0,0,0,0,1
52077741,1400.0,1200.0,4.0,,,0,0.27,0.27,0,0,0,0,0,0,0,1,0,0
30607616,800.0,2100.0,3.0,,,0,2.9,1.13,1,0,0,0,1,0,0,0,0,0
98806751,1200.0,1800.0,4.0,,,0,0.1,0.19,0,0,0,0,0,0,0,0,0,0
90464188,800.0,2100.0,4.0,,,0,0.15,0.13,0,0,0,0,0,0,0,1,0,0
3055018,,,,,,0,0.23,0.26,0,0,0,0,0,0,0,0,0,1
23931679,2000.0,1700.0,5.0,,,0,2.51,2.4,0,0,0,0,0,0,0,1,0,0
10485110,2900.0,1600.0,8.0,,,0,1.81,4.05,0,0,0,0,0,0,0,1,0,0
44728989,,,,,,0,0.32,0.18,0,0,0,0,0,0,0,0,0,1
45045866,1500.0,1200.0,3.0,,,0,0.28,0.22,0,0,0,0,0,0,0,1,0,0
74637266,1600.0,1400.0,5.0,,,0,0.02,0.07,0,0,0,0,0,0,0,0,1,0
86088138,1550.0,1650.0,5.0,,,0,0.07,0.14,0,0,0,0,0,0,0,0,1,0
16691074,2800.0,2500.0,7.0,,,0,0.22,0.15,1,0,0,0,0,1,0,0,0,0
61391302,3000.0,2500.0,8.0,,,0,0.2,1.38,0,0,0,0,0,0,0,1,0,0
16494704,,,,,,0,0.11,0.26,0,0,0,0,0,0,0,0,0,1
14105623,2700.0,2000.0,7.0,,8.0,0,0.19,0.17,0,1,0,0,0,0,0,0,1,0
6218704,4000.0,4000.0,12.0,,13.0,0,1.47,2.8,1,1,1,0,0,0,0,1,0,0
53025096,2500.0,2000.0,7.0,,,0,0.14,0.45,0,0,0,0,0,0,0,1,0,0
48144509,,,,,,0,0.15,0.17,0,0,0,0,0,0,0,0,0,1
23851033,2800.0,2500.0,7.0,,,0,0.21,0.26,0,0,0,1,0,0,0,1,0,0
83347294,3000.0,2000.0,8.0,,,0,0.32,0.3,0,0,0,0,0,0,0,1,0,0
80696379,2500.0,2000.0,7.0,,,0,0.25,0.2,1,0,0,0,1,0,0,0,0,0
67754901,1200.0,600.0,3.0,,8.0,0,0.07,0.1,0,1,0,0,0,0,0,1,0,0
58083496,2500.0,,,3.0,,3,0.47,0.55,1,0,0,0,0,0,1,0,0,0
16178681,2500.0,2000.0,7.0,,4.0,0,0.09,0.18,0,1,0,0,0,0,0,1,0,0
75787708,2500.0,2000.0,7.0,,4.0,0,0.0,0.0,0,1,0,0,0,0,0,1,0,0
66425726,2700.0,2500.0,7.0,,4.0,0,0.14,0.33,0,1,0,1,0,0,0,1,0,0
21250202,1200.0,2400.0,5.0,,1.0,0,0.02,0.1,0,1,0,0,0,0,0,1,0,0
21770839,3000.0,2500.0,8.0,,0.0,0,0.02,0.42,0,1,0,0,0,0,0,1,0,0
93149655,2500.0,2000.0,7.0,,4.0,0,0.21,0.22,0,1,0,0,0,0,0,1,0,0
86238081,3000.0,2500.0,7.0,,1.0,0,0.1,0.15,1,1,0,0,0,1,0,1,0,0
45627618,3000.0,2500.0,7.0,,4.0,0,0.08,0.12,1,1,0,0,0,1,0,1,0,0
98452268,3000.0,2500.0,7.0,,4.0,0,0.2,0.14,1,1,0,0,0,1,0,1,0,0
30095833,3000.0,2500.0,7.0,,4.0,0,0.02,0.27,1,1,0,0,0,1,0,1,0,0
16306932,-1.0,-1.0,12.0,,12.0,0,0.21,0.14,0,1,0,0,0,0,0,1,0,0
19221310,2800.0,2000.0,7.0,,,0,0.61,1.61,0,0,0,0,0,0,0,1,0,0
29325276,2000.0,2500.0,8.0,,,0,0.32,0.33,1,0,0,0,1,0,0,0,0,0
45014450,3300.0,2500.0,10.0,,1.0,0,2.1,2.4,1,1,1,0,0,0,0,1,0,0
53262004,2500.0,3000.0,7.0,,,0,0.02,0.19,1,0,1,0,0,0,0,0,0,0
58074177,3000.0,2500.0,8.0,,10.0,0,0.32,0.43,1,1,0,0,1,0,0,1,0,0
85497611,2500.0,2500.0,7.0,,,0,0.05,0.17,0,0,0,0,0,0,0,1,0,0
93483212,4000.0,3500.0,10.0,,,0,0.15,0.16,1,0,0,0,1,0,0,0,0,0
88069166,,,,,,0,0.12,0.11,0,0,0,0,0,0,0,0,0,2
82340056,,,,,,0,0.1,0.1,0,0,0,0,0,0,0,0,0,2
93217231,,,,,,0,0.12,0.21,0,0,0,0,0,0,0,0,0,2
19230408,,,,,,0,0.04,0.16,0,0,0,0,0,0,0,0,0,1
49828011,2000.0,1100.0,6.0,,,0,0.08,0.25,0,0,0,0,0,0,0,1,0,0
76213610,1100.0,2600.0,6.0,,,0,0.26,0.21,1,0,0,0,0,1,0,0,0,0
97565997,3100.0,2200.0,10.0,,,0,6.02,3.56,0,0,0,0,0,0,0,1,0,0
23837054,,,,,,0,0.09,0.16,0,0,0,0,0,0,0,0,0,2
78789356,,,,,,0,0.07,0.2,0,0,0,0,0,0,0,0,0,1
96433300,,,,,,0,0.19,0.17,0,0,0,0,0,0,0,0,0,2
60448701,,,,,,0,0.18,0.22,0,0,0,0,0,0,0,0,0,1
96203584,,,,,,0,0.12,0.23,0,0,0,0,0,0,0,0,0,1
24050692,,,,,,0,0.09,0.29,0,0,0,0,0,0,0,0,0,1
45121025,1200.0,1400.0,4.0,,,0,0.12,0.44,0,0,0,0,0,0,0,0,1,0
82670878,0.0,0.0,4.0,,,0,0.53,0.33,0,0,0,0,0,0,0,1,0,0
87313164,,,,,,0,0.14,0.07,0,0,0,0,0,0,0,0,0,2
97173708,,,,,,0,0.1,0.12,0,0,0,0,0,0,0,0,0,2
81260679,0.0,0.0,6.0,,,0,4.06,3.86,0,0,0,1,0,0,0,1,0,0
74055055,,,,,,0,1.53,2.05,0,0,0,0,0,0,0,0,0,1
31768112,400.0,400.0,2.0,,,0,0.05,0.1,0,0,0,0,0,0,0,1,0,0
79663524,1000.0,1000.0,3.0,,,0,0.04,0.18,0,0,0,0,0,0,0,1,0,0
79335209,0.0,1000.0,2.0,,,0,0.03,0.28,0,0,0,0,0,0,0,0,1,0
64627453,0.0,1000.0,2.0,,,0,0.33,0.54,0,0,0,0,0,0,0,1,0,0
90011152,,,,,,0,0.15,0.29,0,0,0,0,0,0,0,0,0,1
8251996,,,,,,0,0.05,0.14,0,0,0,0,0,0,0,0,0,1
14470845,,,,,,0,0.59,1.4,0,0,0,0,0,0,0,0,0,2
34031284,0.0,,,3.0,,3,0.13,0.32,1,0,0,0,0,0,1,0,0,0
12482652,0.0,1000.0,2.0,,,0,0.14,0.24,0,0,0,0,0,0,0,0,1,0
90140980,0.0,3000.0,6.0,,,0,0.26,0.29,1,0,1,0,0,0,0,0,0,0
40391316,0.0,2500.0,5.0,,,0,0.28,0.78,1,0,1,0,0,0,0,0,0,0
75884822,,,,,,0,0.39,2.51,0,0,0,0,0,0,0,0,0,2
42517468,0.0,1000.0,2.0,,,0,0.08,0.25,0,0,0,0,0,0,0,1,0,0
37132349,0.0,1000.0,2.0,,,0,0.4,0.28,0,0,0,0,0,0,0,1,0,0
14470846,,,,,,0,35.82,21.39,0,0,0,0,0,0,0,0,0,4
29843091,,,,,,0,0.52,0.47,0,0,0,0,0,0,0,0,0,2
42941100,0.0,1000.0,2.0,,,0,0.04,0.07,0,0,0,0,0,0,0,0,1,0
24643836,,,,,,0,0.12,0.2,0,0,0,0,0,0,0,0,0,1
100000101,,,,,,0,0.0,0.0,0,0,0,0,0,0,0,0,0,1
2390019,,,,,,0,0.39,1.82,0,0,0,0,0,0,0,0,0,1
38395123,,,,,,0,0.13,0.32,0,0,0,0,0,0,0,0,0,1
98259197,,,,,,0,0.02,0.16,0,0,0,0,0,0,0,0,0,1
89086647,,,,,,0,0.12,0.09,0,0,0,0,0,0,0,0,0,2
12948099,2200.0,200.0,4.0,,,0,0.69,0.58,1,0,0,0,1,0,0,0,0,0
70913714,2300.0,1000.0,4.0,,,0,0.67,0.84,1,0,0,0,1,0,0,0,0,0
54239282,,,,,,0,0.07,0.1,0,0,0,0,0,0,0,0,0,1
45141844,450.0,600.0,2.0,,,0,0.1,0.23,0,0,0,0,0,0,0,1,0,0
4857085,,,,,,0,0.18,0.13,0,0,0,0,0,0,0,0,0,1
53923690,,,,,,0,0.02,0.19,0,0,0,0,0,0,0,0,0,2
47457347,,,,,,0,0.11,0.27,0,0,0,0,0,0,0,0,0,2
56995655,,,,,,0,0.2,0.17,0,0,0,0,0,0,0,0,0,2
8972398,0.0,0.0,1.0,,,0,0.16,0.12,0,0,0,0,0,0,0,1,0,0
31006879,,,,,,0,0.06,0.08,0,0,0,0,0,0,0,0,0,1
19326613,,,,,,0,0.16,0.15,0,0,0,0,0,0,0,0,0,1
91534476,,,,,,0,0.04,0.1,0,0,0,0,0,0,0,0,0,2
33782437,,,,,,0,2.6,1.22,0,0,0,0,0,0,0,0,0,1
2295440,,,,,,0,0.04,0.16,0,0,0,0,0,0,0,0,0,1
74202664,,,,,,0,0.03,0.03,0,0,0,0,0,0,0,0,0,2
3606209,1100.0,1000.0,4.0,,,0,0.0,0.0,0,0,0,0,0,0,0,0,1,0
33064647,700.0,1300.0,3.0,,,0,0.02,0.12,0,0,0,0,0,0,0,0,1,0
75620895,2500.0,2600.0,4.0,,,0,0.35,0.31,1,0,0,0,0,1,0,0,0,0
68223137,,,,,,0,0.07,0.1,0,0,0,0,0,0,0,0,0,1
36042825,,,,,,0,0.15,0.14,0,0,0,0,0,0,0,0,0,1
93104632,,,,,,0,0.06,0.11,0,0,0,0,0,0,0,0,0,1
89932017,,,,,,0,0.17,0.22,0,0,0,0,0,0,0,0,0,2
35187185,3000.0,3000.0,10.0,,,0,0.16,0.21,1,0,1,0,0,0,0,0,0,0
37678339,3000.0,3000.0,10.0,,,0,0.15,0.28,1,0,1,0,0,0,0,0,0,0
66927994,1400.0,1700.0,4.0,,,0,0.09,0.1,0,0,0,0,0,0,0,0,1,0
90470931,,,,,,0,0.1,0.16,0,0,0,0,0,0,0,0,0,1
9486959,1900.0,1600.0,2.0,,,0,0.02,0.13,1,0,0,0,0,1,0,0,0,0
73820802,,,,,,0,0.03,0.05,0,0,0,0,0,0,0,0,0,2
95990456,1200.0,1000.0,4.0,,,0,0.1,0.19,0,0,0,0,0,0,0,1,0,0
55088578,1100.0,1500.0,4.0,,,0,0.16,0.16,0,0,0,0,0,0,0,1,0,0
6595475,,,,,,0,0.09,0.1,0,0,0,0,0,0,0,0,0,1
26493435,,,,,,0,0.07,0.18,0,0,0,0,0,0,0,0,0,1
85119159,,,,,,0,0.14,0.33,0,0,0,0,0,0,0,0,0,1
22993208,,,,,,0,0.14,0.22,0,0,0,0,0,0,0,0,0,1
58861941,300.0,250.0,1.0,,,0,0.08,0.1,0,0,0,0,0,0,0,1,0,0
19523799,,,,,,0,0.11,0.24,0,0,0,0,0,0,0,0,0,1
55573346,,,,,,0,0.06,0.09,0,0,0,0,0,0,0,0,0,2
80312545,,,,,,0,0.02,0.94,0,0,0,0,0,0,0,0,0,1
43268675,2300.0,1000.0,4.0,,,0,0.02,0.12,0,0,0,0,0,0,0,1,0,0
58538870,400.0,2000.0,1.0,,,0,0.19,1.56,0,0,0,0,0,0,0,0,1,0
44762290,,,,,,0,0.5,2.66,0,0,0,0,0,0,0,0,0,1
14531242,1800.0,1700.0,4.0,,,0,0.04,0.1,0,0,0,0,0,0,0,0,1,0
33248692,,,,,,0,0.18,0.18,0,0,0,0,0,0,0,0,0,2
93130022,,,,,,0,0.17,0.34,0,0,0,0,0,0,0,0,0,4
79306385,,,,,,0,0.09,0.2,0,0,0,0,0,0,0,0,0,1
42280216,1000.0,2000.0,5.0,,,0,0.09,0.07,0,0,0,0,0,0,0,1,0,0
32354768,,,,,,0,0.07,0.14,0,0,0,0,0,0,0,0,0,1
74115234,,,,,,0,0.06,0.1,0,0,0,0,0,0,0,0,0,1
71071546,500.0,2000.0,4.0,,,0,0.07,0.16,0,0,0,0,0,0,0,1,0,0
96875080,,,,,,0,0.05,0.11,0,0,0,0,0,0,0,0,0,2
44009443,3000.0,1500.0,8.0,,,0,0.08,0.14,0,0,0,0,0,0,0,1,0,0
63120904,2100.0,1200.0,5.0,,,0,0.21,0.8,0,0,0,0,0,0,0,1,0,0
94046012,500.0,1900.0,1.0,,,0,0.21,0.15,0,0,0,0,0,0,0,0,0,0
703897,,,,,,0,0.15,0.21,0,0,0,0,0,0,0,0,0,2
21441617,1200.0,1500.0,3.0,,,0,0.45,0.61,0,0,0,0,0,0,0,1,0,0
57835716,1700.0,1400.0,4.0,,,0,0.25,0.3,0,0,0,0,0,0,0,1,0,0
4055337,100.0,2000.0,7.0,,,0,0.14,0.2,0,0,0,0,0,0,0,1,0,0
29666221,,,,,,0,0.04,0.19,0,0,0,0,0,0,0,0,0,2
90351981,,,,,,0,0.35,0.22,0,0,0,0,0,0,0,0,0,1
55051920,,,,,,0,0.07,0.14,0,0,0,0,0,0,0,0,0,2
62834295,,,,,,0,0.09,0.1,0,0,0,0,0,0,0,0,0,1
47171541,,,,,,0,0.07,0.11,0,0,0,0,0,0,0,0,0,2
26845680,,,,,,0,0.33,0.19,0,0,0,0,0,0,0,0,0,1
3134857,3000.0,,,4.0,,4,0.64,0.8,1,0,0,0,0,0,1,0,0,0
39537362,,,,,,0,0.24,0.13,0,0,0,0,0,0,0,0,0,2
300302069,,,,,,0,0.0,0.07,0,0,0,0,0,0,0,0,0,3
78986941,,,,,,0,0.14,0.45,0,0,0,0,0,0,0,0,0,1
39019325,,,,,,0,0.1,0.14,0,0,0,0,0,0,0,0,0,2
95239444,2800.0,2500.0,7.0,,,0,2.26,1.15,1,0,0,0,0,1,0,0,0,0
15744417,2500.0,2450.0,7.0,,,0,0.22,0.16,0,0,0,0,0,0,0,1,0,0
7634581,-1.0,0.0,10.0,,,0,0.12,0.44,0,0,0,0,0,0,0,1,0,0
847217,,,,,,0,0.13,0.22,0,0,0,0,0,0,0,0,0,1
68124775,2300.0,1000.0,6.0,,,0,9.52,4.45,1,0,0,0,1,0,0,0,0,0
7930346,100.0,0.0,1.0,,,0,0.02,0.05,0,0,0,0,0,0,0,1,0,0
33578406,,,,,,0,0.04,0.15,0,0,0,0,0,0,0,0,0,1
89023486,,,,,,0,4.48,7.57,0,0,0,0,0,0,0,0,0,1
2971090,1800.0,1500.0,5.0,,,0,0.0,0.0,0,0,0,0,0,0,0,0,1,0
97240499,3000.0,2400.0,8.0,,,0,0.33,0.16,0,0,0,0,0,0,0,1,0,0
82065276,1250.0,700.0,3.0,,,0,0.16,0.34,0,0,0,0,0,0,0,0,1,0
71519605,1400.0,800.0,3.0,,,0,0.23,0.14,0,0,0,0,0,0,0,1,0,0
9113513,,,,,,0,0.03,0.09,0,0,0,0,0,0,0,0,0,1
60946968,,,,,,0,0.06,0.2,0,0,0,0,0,0,0,0,0,1
39751094,0.0,100.0,3.0,,,0,0.1,0.1,0,0,0,0,0,0,0,0,0,0
72782945,500.0,1200.0,4.0,,,0,0.05,0.12,0,0,0,0,0,0,0,1,0,0
14957440,1000.0,1000.0,1.0,,,0,0.04,0.11,0,0,0,0,0,0,0,0,0,0
79718768,,,,,,0,0.05,0.07,0,0,0,0,0,0,0,0,0,1
87263576,2100.0,2800.0,8.0,,,0,0.2,0.21,0,0,0,0,0,0,0,1,0,0
34945480,2400.0,0.0,5.0,,,0,1.08,0.7,1,0,0,0,0,1,0,0,0,0
8809344,0.0,2600.0,4.0,,,0,0.11,0.14,1,0,0,0,0,1,0,0,0,0
96462121,,,,,,0,0.2,0.22,0,0,0,0,0,0,0,0,0,1
11548522,100.0,100.0,1.0,,,0,0.02,0.18,0,0,0,0,0,0,0,1,0,0
71583486,100.0,100.0,1.0,,,0,0.06,0.17,0,0,0,0,0,0,0,1,0,0
63193536,,,,,,0,0.19,0.12,0,0,0,0,0,0,0,0,0,2
72204747,,,,,,0,0.07,0.16,0,0,0,0,0,0,0,0,0,1
52553471,,,,,,0,0.07,0.03,0,0,0,0,0,0,0,0,0,1
23282832,,,,,,0,0.11,0.1,0,0,0,0,0,0,0,0,0,2
613496,,,,,,0,1.69,1.18,0,0,0,0,0,0,0,0,0,1
15627227,1800.0,,,2.0,,2,0.1,0.11,1,0,0,0,0,0,1,0,0,0
65993085,,,,,,0,0.33,0.3,0,0,0,0,0,0,0,0,0,1
87046457,,,,,,0,0.09,0.11,0,0,0,0,0,0,0,0,0,2
2311603,1600.0,1500.0,4.0,,,0,0.02,0.11,0,0,0,0,0,0,0,0,1,0
1834753,2100.0,1200.0,6.0,,,0,19.68,21.5,0,0,0,0,0,0,0,1,0,0
96352712,,,,,,0,0.02,0.05,0,0,0,0,0,0,0,0,0,1
76589546,0.0,0.0,1.0,,,0,0.05,0.11,0,0,0,0,0,0,0,1,0,0
75214390,2000.0,0.0,5.0,,,0,0.08,0.1,0,0,0,0,0,0,0,1,0,0
74852810,,,,,,0,0.18,0.09,0,0,0,0,0,0,0,0,0,1
81816475,300.0,800.0,2.0,,,0,0.04,0.07,0,0,0,0,0,0,0,1,0,0
67378935,,,,,,0,0.11,0.32,0,0,0,0,0,0,0,0,0,1
59644958,800.0,1600.0,4.0,,,0,0.05,0.12,0,0,0,0,0,0,0,1,0,0
27068117,,,,,,0,0.08,0.11,0,0,0,0,0,0,0,0,0,1
39229392,2000.0,0.0,4.0,,,0,0.11,0.09,0,0,0,0,0,0,0,1,0,0
3659803,,,,,,0,0.08,0.04,0,0,0,0,0,0,0,0,0,1
33099732,,,,,,0,0.27,0.23,0,0,0,0,0,0,0,0,0,1
24221808,3300.0,3000.0,9.0,,,0,2.17,1.53,1,0,0,0,1,0,0,0,0,0
60577362,,,,,,0,0.06,0.14,0,0,0,0,0,0,0,0,0,1
41782653,2700.0,2100.0,7.0,,,0,0.36,0.44,0,0,0,0,0,0,0,1,0,0
20140382,,,,,,0,5.5,10.87,0,0,0,0,0,0,0,0,0,2
24920410,,,,,,0,0.12,0.2,0,0,0,0,0,0,0,0,0,2
71272951,,,,,,0,0.17,0.08,0,0,0,0,0,0,0,0,0,2
9720537,,,,,,0,0.12,0.21,0,0,0,0,0,0,0,0,0,1
58071123,1800.0,800.0,4.0,,,0,0.07,0.1,0,0,0,0,0,0,0,1,0,0
83239739,1600.0,200.0,3.0,,,0,0.09,0.17,0,0,0,0,0,0,0,1,0,0
83239740,,,,,,0,0.0,0.0,0,0,0,0,0,0,0,0,0,4
13760677,1800.0,0.0,4.0,,5.0,0,0.06,0.13,0,1,0,0,0,0,0,1,0,0
28403802,2700.0,2400.0,8.0,,,0,0.04,0.15,1,0,0,0,1,0,0,0,0,0
49370016,,,,,,0,0.19,0.18,0,0,0,0,0,0,0,0,0,1
11441009,2800.0,600.0,8.0,,,0,2.53,3.69,1,0,0,0,0,1,0,0,0,0
46037983,0.0,0.0,2.0,,,0,5.87,1.96,0,0,0,0,0,0,0,0,0,0
2819435,,,,,,0,1.12,0.55,0,0,0,0,0,0,0,0,0,1
78859567,,,,,,0,0.1,0.12,0,0,0,0,0,0,0,0,0,2
75153328,,,,,,0,0.05,0.23,0,0,0,0,0,0,0,0,0,1
84530620,1300.0,600.0,4.0,,,0,0.61,0.4,0,0,0,0,0,0,0,1,0,0
21620076,400.0,200.0,2.0,,,0,0.2,0.19,0,0,0,0,0,0,0,0,0,0
74191942,,,,,,0,1.03,1.82,0,0,0,0,0,0,0,0,0,1
1033312,,,,,,0,0.17,0.3,0,0,0,0,0,0,0,0,0,1
20513882,,,,,,0,0.22,0.19,0,0,0,0,0,0,0,0,0,2
57902193,,,,,,0,0.08,0.29,0,0,0,0,0,0,0,0,0,1
21501961,,,,,,0,0.24,1.25,0,0,0,0,0,0,0,0,0,1
16114248,1600.0,1200.0,5.0,,,0,0.06,0.24,1,0,1,0,0,0,0,0,0,0
300202006,,,,,,0,0.14,0.26,0,0,0,0,0,0,0,0,0,3
61557074,,,,,,0,1.13,0.56,0,0,0,0,0,0,0,0,0,1
71408082,1900.0,1200.0,4.0,,,0,0.33,0.4,0,0,0,1,0,0,0,1,0,0
6075801,1700.0,300.0,4.0,,,0,0.03,0.16,0,0,0,0,0,0,0,1,0,0
85346853,1900.0,800.0,4.0,,,0,0.38,0.46,0,0,0,1,0,0,0,1,0,0
86401517,1900.0,900.0,4.0,,,0,0.02,0.1,0,0,0,1,0,0,0,1,0,0
68670547,1900.0,1200.0,4.0,,,0,0.17,0.37,0,0,0,0,0,0,0,1,0,0
73398797,1900.0,1200.0,4.0,,,0,0.21,0.5,0,0,0,1,0,0,0,1,0,0
99217226,2900.0,2900.0,12.0,,,0,94.7,162.63,1,0,0,0,1,0,0,0,0,0
21263083,1500.0,1200.0,4.0,,,0,0.02,0.14,0,0,0,0,0,0,0,0,1,0
61307542,2400.0,0.0,2.0,,,0,0.35,0.26,1,0,0,0,0,1,0,0,0,0
36346532,1200.0,,,2.0,,2,0.21,0.17,1,0,0,0,0,0,1,0,0,0
98414735,,,,,,0,0.11,0.16,0,0,0,0,0,0,0,0,0,2
38761908,,,,,,0,0.09,0.15,0,0,0,0,0,0,0,0,0,2
2376209,,,,,,0,0.09,0.09,0,0,0,0,0,0,0,0,0,2
61420130,,,,,,0,0.15,0.1,0,0,0,0,0,0,0,0,0,2
1154611,,,,,,0,0.17,0.37,0,0,0,0,0,0,0,0,0,2
64765016,,,,,,0,0.2,0.81,0,0,0,0,0,0,0,0,0,2
35035481,,,,,,0,0.13,0.25,0,0,0,0,0,0,0,0,0,2
37649320,0.0,2400.0,2.0,,,0,0.41,0.2,1,0,0,0,0,1,0,0,0,0
24903843,,,,,,0,0.19,0.28,0,0,0,0,0,0,0,0,0,2
71703785,2500.0,2100.0,7.0,,,0,0.82,1.83,0,0,0,0,0,0,0,1,0,0
42006475,2000.0,1700.0,6.0,,,0,0.76,2.45,0,0,0,0,0,0,0,1,0,0
61116514,1200.0,2400.0,4.0,,,0,0.03,0.1,0,0,0,0,0,0,0,1,0,0
39091951,1700.0,1400.0,4.0,,,0,0.06,0.3,0,0,0,0,0,0,0,1,0,0
68299524,2500.0,1000.0,7.0,,,0,0.18,0.21,0,0,0,0,0,0,0,1,0,0
94585852,,,,,,0,0.14,0.26,0,0,0,0,0,0,0,0,0,1
75375465,1300.0,1800.0,4.0,,,0,0.06,0.1,0,0,0,0,0,0,0,1,0,0
15936370,1500.0,1500.0,4.0,,4.0,0,0.05,0.11,0,1,0,0,0,0,0,1,0,0
22842126,,,,,,0,3.11,1.76,0,0,0,0,0,0,0,0,0,1
70101178,1100.0,2000.0,5.0,,,0,0.12,0.26,0,0,0,0,0,0,0,1,0,0
42035044,2000.0,1600.0,4.0,,,0,0.16,0.49,0,0,0,0,0,0,0,1,0,0
72959823,1000.0,2600.0,5.0,,,0,0.23,0.33,1,0,1,0,0,0,0,0,0,0
73776643,1200.0,800.0,4.0,,,0,0.14,0.17,0,0,0,0,0,0,0,1,0,0
57355219,,,,,,0,0.35,0.34,0,0,0,0,0,0,0,0,0,2
71278040,2000.0,2000.0,8.0,,,0,0.35,0.33,0,0,0,0,0,0,0,1,0,0
93394164,,,,,,0,0.05,0.04,0,0,0,0,0,0,0,0,0,1
879958,,,,,,0,0.04,0.1,0,0,0,0,0,0,0,0,0,2
23327298,,,,,,0,0.14,0.16,0,0,0,0,0,0,0,0,0,2
483,,,,,,0,0.22,0.18,0,0,0,0,0,0,0,0,0,1
83102080,,,,,,0,0.25,0.27,0,0,0,0,0,0,0,0,0,1
54283059,,,,,,0,0.08,0.14,0,0,0,0,0,0,0,0,0,1
79707116,,,,,,0,0.17,0.2,0,0,0,0,0,0,0,0,0,1
22712877,1400.0,0.0,5.0,,,0,0.1,0.13,0,0,0,0,0,0,0,1,0,0
50152549,,,,,,0,0.09,0.14,0,0,0,0,0,0,0,0,0,1
37491810,2500.0,2000.0,7.0,,8.0,0,0.06,0.04,1,1,1,0,0,0,0,1,0,0
58549532,,,,,,0,0.04,0.06,0,0,0,0,0,0,0,0,0,1
10024317,2000.0,2500.0,7.0,,1.0,0,0.03,0.11,0,1,0,0,0,0,0,1,0,0
27911549,500.0,300.0,2.0,,,0,0.08,0.14,0,0,0,0,0,0,0,1,0,0
14457896,500.0,300.0,2.0,,,0,0.16,0.22,0,0,0,0,0,0,0,1,0,0
87978805,-1.0,-1.0,1.0,,,0,0.09,0.14,0,0,0,0,0,0,0,1,0,0
44092304,,,,,,0,0.02,0.08,0,0,0,0,0,0,0,0,0,1
3289027,300.0,100.0,1.0,,,0,0.14,0.18,0,0,0,0,0,0,0,1,0,0
88453933,500.0,1700.0,3.0,,,0,1.44,3.36,0,0,0,0,0,0,0,1,0,0
62762898,2000.0,1300.0,5.0,,,0,0.11,0.24,0,0,0,0,0,0,0,0,1,0
52228131,,,,,,0,0.12,0.24,0,0,0,0,0,0,0,0,0,2
17988746,2300.0,2100.0,6.0,,,0,0.06,0.17,0,0,0,0,0,0,0,1,0,0
32872833,800.0,800.0,8.0,,,0,0.16,0.19,0,0,0,0,0,0,0,1,0,0
29185231,,,,,,0,0.05,0.13,0,0,0,0,0,0,0,0,0,2
39261576,,,,,,0,0.96,0.33,0,0,0,0,0,0,0,0,0,1
50292967,,,,,,0,0.03,0.1,0,0,0,0,0,0,0,0,0,2
81481818,0.0,0.0,1.0,,,0,0.04,0.17,0,0,0,0,0,0,0,1,0,0
26435595,1700.0,700.0,5.0,,1.0,0,0.08,0.4,1,1,1,0,0,0,0,1,0,0
19153634,2000.0,1400.0,5.0,,,0,0.11,0.11,0,0,0,0,0,0,0,1,0,0
71930383,1200.0,1200.0,4.0,,,0,0.08,0.18,0,0,0,0,0,0,0,1,0,0
76775123,1100.0,900.0,3.0,,,0,1.0,3.45,0,0,0,0,0,0,0,1,0,0
77384395,500.0,500.0,1.0,,1.0,0,0.03,0.02,0,1,0,0,0,0,0,1,0,0
14055212,,,,,,0,0.16,0.1,0,0,0,0,0,0,0,0,0,2
82460246,,,,,,0,0.09,0.08,0,0,0,0,0,0,0,0,0,1
20624263,1700.0,1500.0,5.0,,,0,0.03,0.08,0,0,0,0,0,0,0,0,1,0
300202001,,,,,,0,0.16,0.21,0,0,0,0,0,0,0,0,0,3
52263685,,,,,,0,0.25,0.19,0,0,0,0,0,0,0,0,0,1
72083436,,,,,,0,0.04,0.08,0,0,0,0,0,0,0,0,0,1
26511269,,,,,,0,0.0,0.0,0,0,0,0,0,0,0,0,0,2
967928,,,,,,0,0.67,0.35,0,0,0,0,0,0,0,0,0,2
58720904,2000.0,1000.0,4.0,,,0,0.08,0.16,1,0,0,0,0,1,0,0,0,0
2359348,,,,,,0,0.07,0.11,0,0,0,0,0,0,0,0,0,2
76660409,,,,,,0,0.31,0.22,0,0,0,0,0,0,0,0,0,2
53208660,,,,,,0,0.11,0.24,0,0,0,0,0,0,0,0,0,1
84274024,,,,,,0,0.06,0.12,0,0,0,0,0,0,0,0,0,2
6992184,,,,,,0,0.09,0.13,0,0,0,0,0,0,0,0,0,2
55795155,,,,,,0,0.07,0.17,0,0,0,0,0,0,0,0,0,1
65646587,,,,,,0,0.05,0.23,0,0,0,0,0,0,0,0,0,1
36111775,,,,,,0,0.06,0.14,0,0,0,0,0,0,0,0,0,1
68477598,,,,,,0,0.04,0.13,0,0,0,0,0,0,0,0,0,2
60434189,,,,,,0,0.05,0.2,0,0,0,0,0,0,0,0,0,1
24433920,1750.0,2000.0,6.0,,,0,0.12,0.12,0,0,0,0,0,0,0,0,1,0
38203732,,,,,,0,0.35,0.28,0,0,0,0,0,0,0,0,0,1
65914127,,,,,,0,0.02,0.09,0,0,0,0,0,0,0,0,0,1
77826734,,,,,,0,0.06,0.05,0,0,0,0,0,0,0,0,0,2
74926274,,,,,,0,0.08,0.08,0,0,0,0,0,0,0,0,0,1
17885118,,,,,,0,0.04,0.08,0,0,0,0,0,0,0,0,0,2
69982329,,,,,,0,0.02,0.07,0,0,0,0,0,0,0,0,0,1
83461421,,,,,,0,0.08,0.17,0,0,0,0,0,0,0,0,0,1
42378577,,,,,,0,0.02,0.05,0,0,0,0,0,0,0,0,0,2
19501924,,,,,,0,0.04,0.09,0,0,0,0,0,0,0,0,0,1
26237713,,,,,,0,0.24,0.5,0,0,0,0,0,0,0,0,0,1
43502497,1500.0,800.0,3.0,,8.0,0,0.06,0.13,0,1,0,0,0,0,0,1,0,0
46005939,,,,,,0,0.06,0.16,0,0,0,0,0,0,0,0,0,1
66150724,200.0,700.0,1.0,,0.0,0,0.02,0.08,0,1,0,0,0,0,0,1,0,0
18210764,0.0,0.0,1.0,,0.0,0,0.12,0.15,0,1,0,0,0,0,0,1,0,0
8778267,,,,,,0,0.12,0.13,0,0,0,0,0,0,0,0,0,1
91397409,2400.0,1200.0,6.0,,,0,0.03,0.18,1,0,0,0,1,0,0,0,0,0
73640163,600.0,1700.0,3.0,,,0,0.05,0.16,0,0,0,0,0,0,0,1,0,0
36039163,900.0,800.0,3.0,,,0,0.05,0.09,0,0,0,0,0,0,0,1,0,0
41255165,1400.0,700.0,3.0,,,0,0.06,0.12,0,0,0,0,0,0,0,1,0,0
93920745,750.0,500.0,2.0,,,0,0.02,0.21,0,0,0,0,0,0,0,1,0,0
14761450,1800.0,600.0,5.0,,,0,0.09,0.13,0,0,0,0,0,0,0,0,0,0
69792699,,,,,,0,0.1,0.19,0,0,0,0,0,0,0,0,0,1
17679043,550.0,300.0,3.0,,,0,0.15,0.23,0,0,0,0,0,0,0,1,0,0
73193552,,,,,,0,0.04,0.1,0,0,0,0,0,0,0,0,0,2
72336818,1600.0,,0.0,2.0,,2,0.55,2.62,1,0,0,0,0,0,1,0,0,0
64751286,2100.0,1400.0,6.0,,,0,0.47,0.51,0,0,0,0,0,0,0,1,0,0
12143771,600.0,600.0,2.0,,,0,0.02,0.24,0,0,0,0,0,0,0,0,1,0
71564150,2700.0,500.0,7.0,,,0,0.06,0.11,0,0,0,0,0,0,0,1,0,0
46273941,,,,,,0,0.0,0.0,0,0,0,0,0,0,0,0,0,1
38578076,3500.0,3000.0,8.0,,,0,0.0,0.0,0,0,0,0,0,0,0,1,0,0
18891691,2700.0,1500.0,8.0,,,0,6.12,5.0,0,0,0,0,0,0,0,1,0,0
13764602,,,,,,0,0.02,0.03,0,0,0,0,0,0,0,0,0,1
48579379,3500.0,3000.0,8.0,,,0,0.13,0.33,0,0,0,0,0,0,0,1,0,0
13203964,5000.0,,,5.0,,5,0.0,0.0,1,0,0,0,0,0,1,0,0,0
6471156,,,,,,0,0.07,0.11,0,0,0,0,0,0,0,0,0,1
92530005,1000.0,1800.0,4.0,,3.0,0,0.12,0.15,0,1,0,0,0,0,0,1,0,0
6812770,1200.0,1400.0,5.0,,1.0,0,0.12,0.13,0,1,0,0,0,0,0,1,0,0
68819554,1500.0,1000.0,4.0,,,0,0.05,0.09,0,0,0,0,0,0,0,1,0,0
7934362,1400.0,1200.0,4.0,,6.0,0,0.16,0.15,0,1,0,0,0,0,0,1,0,0
4807253,1200.0,1600.0,4.0,,,0,0.06,0.13,0,0,0,0,0,0,0,1,0,0
31292357,1100.0,1100.0,4.0,,,0,0.06,0.14,0,0,0,0,0,0,0,1,0,0
71578874,600.0,1400.0,4.0,,3.0,0,0.09,0.15,0,1,0,0,0,0,0,1,0,0
7563579,1000.0,1000.0,4.0,,5.0,0,0.1,0.13,0,1,0,0,0,0,0,1,0,0
69655484,2600.0,1000.0,5.0,,,0,0.14,0.17,1,0,0,0,0,1,0,0,0,0
4081665,2200.0,0.0,6.0,,,0,0.06,0.14,0,0,0,0,0,0,0,1,0,0
6659193,2700.0,2200.0,5.0,,,0,0.15,0.14,1,0,0,0,0,1,0,0,0,0
17016362,2500.0,2000.0,4.0,,,0,0.62,0.7,1,0,0,0,0,1,0,0,0,0
33206889,2400.0,1800.0,7.0,,,0,0.14,0.21,1,0,1,0,0,0,0,0,0,0
67696066,1600.0,1200.0,4.0,,,0,0.03,0.1,0,0,0,0,0,0,0,1,0,0
34323367,1200.0,1400.0,4.0,,2.0,0,0.13,0.2,0,1,0,0,0,0,0,1,0,0
70417076,2100.0,0.0,5.0,,4.0,0,0.13,0.16,0,1,0,0,0,0,0,1,0,0
46066477,,,,,,0,0.07,0.1,0,0,0,0,0,0,0,0,0,1
4849037,1950.0,1850.0,6.0,,,0,0.02,0.09,0,0,0,1,0,0,0,0,0,0
66768175,500.0,1100.0,3.0,,2.0,0,0.27,0.36,0,1,0,0,0,0,0,1,0,0
19050066,300.0,3000.0,8.0,,1.0,0,0.16,0.25,0,1,0,0,0,0,0,1,0,0
92767273,500.0,1100.0,3.0,,5.0,0,0.22,0.4,0,1,0,0,0,0,0,1,0,0
89113320,800.0,1200.0,3.0,,3.0,0,0.07,0.13,0,1,0,0,0,0,0,1,0,0
72708264,1600.0,1200.0,4.0,,,0,0.05,0.14,0,0,0,0,0,0,0,1,0,0
37745740,1500.0,1000.0,4.0,,,0,0.11,0.11,0,0,0,0,0,0,0,1,0,0
34379489,2300.0,1000.0,6.0,,5.0,0,0.05,0.13,0,1,0,0,0,0,0,1,0,0
22765132,,,,,,0,0.05,0.11,0,0,0,0,0,0,0,0,0,2
44481227,800.0,1800.0,4.0,,2.0,0,0.03,0.1,0,1,0,0,0,0,0,1,0,0
37256334,1000.0,1000.0,3.0,,8.0,0,0.06,0.19,0,1,0,0,0,0,0,1,0,0
58092907,1500.0,1000.0,4.0,,8.0,0,0.23,0.25,0,1,0,0,0,0,0,1,0,0
69228245,100.0,500.0,1.0,,5.0,0,0.03,0.08,0,1,0,0,0,0,0,1,0,0
17857780,600.0,1000.0,2.0,,5.0,0,0.1,0.19,0,1,0,0,0,0,0,1,0,0
55554175,300.0,200.0,1.0,,8.0,0,0.16,0.22,0,1,0,0,0,0,0,1,0,0
8820526,2000.0,1000.0,6.0,,,0,0.07,0.15,0,0,0,0,0,0,0,1,0,0
9000988,1700.0,1000.0,4.0,,5.0,0,0.13,0.22,0,1,0,0,0,0,0,1,0,0
33103459,600.0,1000.0,3.0,,,0,0.13,0.22,0,0,0,0,0,0,0,1,0,0
17540705,2000.0,600.0,5.0,,2.0,0,0.43,0.61,0,1,0,0,0,0,0,1,0,0
55553602,,,,,,0,0.25,0.15,0,0,0,0,0,0,0,0,0,1
70479321,1600.0,900.0,5.0,,2.0,0,0.06,0.11,0,1,0,0,0,0,0,1,0,0
92644052,1800.0,400.0,4.0,,8.0,0,0.04,0.26,0,1,0,0,0,0,0,1,0,0
340002,2600.0,1800.0,6.0,,,0,0.14,0.14,0,0,0,0,0,0,0,1,0,0
45591967,800.0,1100.0,3.0,,6.0,0,0.03,0.14,0,1,0,0,0,0,0,1,0,0
33823832,800.0,800.0,3.0,,5.0,0,0.04,0.11,0,1,0,0,0,0,0,1,0,0
12255007,1200.0,1600.0,4.0,,5.0,0,0.05,0.15,0,1,0,0,0,0,0,1,0,0
19619755,100.0,100.0,1.0,,12.0,0,1.95,1.25,0,1,0,0,0,0,0,1,0,0
91449532,800.0,800.0,3.0,,,0,0.07,0.2,0,0,0,0,0,0,0,1,0,0
96606246,1600.0,600.0,3.0,,,0,0.06,0.08,0,0,0,0,0,0,0,1,0,0
49820233,2900.0,900.0,8.0,,,0,0.1,0.1,1,0,1,0,0,0,0,0,0,0
21949879,1500.0,1000.0,4.0,,8.0,0,0.11,0.13,0,1,0,0,0,0,0,1,0,0
64207696,1800.0,700.0,4.0,,3.0,0,0.07,0.21,0,1,0,0,0,0,0,1,0,0
9106362,100.0,100.0,1.0,,2.0,0,0.06,0.13,0,1,0,0,0,0,0,1,0,0
53724621,300.0,400.0,1.0,,6.0,0,0.14,0.18,0,1,0,0,0,0,0,1,0,0
8384771,900.0,2400.0,5.0,,1.0,0,0.09,0.17,0,1,0,0,0,0,0,1,0,0
55997110,1800.0,400.0,4.0,,,0,0.06,0.08,0,0,0,0,0,0,0,1,0,0
81055000,400.0,600.0,2.0,,3.0,0,0.07,0.13,0,1,0,0,0,0,0,1,0,0
88358139,1200.0,1200.0,4.0,,,0,0.15,0.12,0,0,0,0,0,0,0,1,0,0
41440148,800.0,800.0,3.0,,,0,0.09,0.1,0,0,0,0,0,0,0,1,0,0
71985676,1000.0,2000.0,6.0,,,0,0.05,0.08,0,0,0,0,0,0,0,1,0,0
78835747,100.0,2300.0,6.0,,4.0,0,0.09,0.13,0,1,0,0,0,0,0,1,0,0
67808837,2200.0,1000.0,6.0,,7.0,0,0.22,0.29,0,1,0,0,0,0,0,1,0,0
69181753,300.0,200.0,1.0,,,0,0.42,0.59,0,0,0,0,0,0,0,1,0,0
58938528,1000.0,1500.0,3.0,,1.0,0,0.05,0.17,0,1,0,0,0,0,0,1,0,0
44944304,2500.0,2000.0,8.0,,5.0,0,0.18,0.31,0,1,0,0,0,0,0,1,0,0
3752422,100.0,2600.0,6.0,,1.0,0,0.08,0.17,0,1,0,0,0,0,0,1,0,0
7268133,0.0,0.0,1.0,,,0,0.04,0.19,0,0,0,0,0,0,0,1,0,0
73130445,1200.0,600.0,3.0,,6.0,0,0.09,0.13,0,1,0,0,0,0,0,1,0,0
92170894,1600.0,1200.0,4.0,,,0,0.21,0.13,0,0,0,0,0,0,0,1,0,0
92932860,0.0,2000.0,6.0,,,0,0.07,0.22,0,0,0,0,0,0,0,0,0,0
20281581,1000.0,100.0,3.0,,7.0,0,0.21,0.15,0,1,0,0,0,0,0,1,0,0
17330916,1000.0,2400.0,6.0,,1.0,0,0.07,0.15,0,1,0,0,0,0,0,1,0,0
56677752,1000.0,2100.0,5.0,,2.0,0,0.07,0.09,0,1,0,0,0,0,0,1,0,0
46136942,2000.0,2600.0,8.0,,4.0,0,0.11,0.13,0,1,0,0,0,0,0,1,0,0
59762399,2000.0,1000.0,5.0,,3.0,0,0.08,0.1,0,1,0,0,0,0,0,1,0,0
65029288,3000.0,3000.0,8.0,,,0,0.51,0.42,1,0,1,0,0,0,0,0,0,0
10731333,1200.0,1600.0,4.0,,6.0,0,0.23,0.3,0,1,0,0,0,0,0,1,0,0
4836680,100.0,1800.0,6.0,,1.0,0,0.07,0.12,0,1,0,0,0,0,0,1,0,0
82224646,200.0,600.0,2.0,,6.0,0,0.12,0.19,0,1,0,0,0,0,0,1,0,0
86157908,100.0,600.0,1.0,,8.0,0,0.09,0.1,0,1,0,0,0,0,0,1,0,0
82661461,100.0,200.0,1.0,,8.0,0,0.07,0.11,0,1,0,0,0,0,0,1,0,0
56675280,500.0,500.0,3.0,,2.0,0,0.21,0.2,0,1,0,0,0,0,0,1,0,0
69211541,500.0,2100.0,5.0,,3.0,0,0.08,0.11,0,1,0,0,0,0,0,1,0,0
47075569,1500.0,800.0,4.0,,2.0,0,0.06,0.1,0,1,0,0,0,0,0,1,0,0
36415522,,,,,,0,0.06,0.09,0,0,0,0,0,0,0,0,0,2
11481610,,,,,,0,0.09,0.2,0,0,0,0,0,0,0,0,0,1
71863024,500.0,2000.0,4.0,,3.0,0,0.04,0.11,0,1,0,0,0,0,0,1,0,0
16617334,0.0,0.0,1.0,,,0,0.05,0.09,0,0,0,0,0,0,0,1,0,0
71705144,,,,,,0,0.08,0.12,0,0,0,0,0,0,0,0,0,1
5672432,,,,,,0,0.07,0.13,0,0,0,0,0,0,0,0,0,2
36527535,800.0,1000.0,3.0,,,0,0.09,0.18,0,0,0,0,0,0,0,1,0,0
44364077,1700.0,500.0,4.0,,,0,0.04,0.02,0,0,0,0,0,0,0,1,0,0
33833230,100.0,100.0,1.0,,3.0,0,0.07,0.11,0,1,0,0,0,0,0,1,0,0
15978426,1000.0,2000.0,4.0,,,0,0.08,0.07,0,0,0,0,0,0,0,1,0,0
23377694,500.0,2500.0,5.0,,2.0,0,0.08,0.1,0,1,0,0,0,0,0,1,0,0
92958307,,,,,,0,0.12,0.21,0,0,0,0,0,0,0,0,0,2
26270847,1800.0,800.0,4.0,,5.0,0,0.05,0.11,0,1,0,0,0,0,0,1,0,0
42562690,500.0,1600.0,4.0,,,0,0.13,0.15,0,0,0,0,0,0,0,1,0,0
40318957,1800.0,100.0,4.0,,8.0,0,0.07,0.1,0,1,0,0,0,0,0,1,0,0
73734821,2500.0,2000.0,7.0,,,0,0.09,0.15,0,0,0,0,0,0,0,1,0,0
3859859,2000.0,1500.0,5.0,,,0,0.23,0.21,0,0,0,0,0,0,0,1,0,0
122520,800.0,800.0,3.0,,,0,0.11,0.26,0,0,0,0,0,0,0,1,0,0
20403123,2500.0,2000.0,7.0,,,0,0.28,0.27,0,0,0,0,0,0,0,1,0,0
7799906,2500.0,2000.0,8.0,,1.0,0,0.16,0.2,0,1,0,0,0,0,0,1,0,0
22091345,900.0,900.0,2.0,,,0,0.07,0.11,0,0,0,0,0,0,0,1,0,0
52963531,1900.0,2300.0,6.0,,4.0,0,0.15,0.2,0,1,0,0,0,0,0,1,0,0
128454,1100.0,2400.0,5.0,,,0,0.08,0.1,0,0,0,0,0,0,0,1,0,0
65195959,100.0,1800.0,4.0,,,0,0.06,0.1,0,0,0,0,0,0,0,1,0,0
93892436,300.0,1800.0,4.0,,2.0,0,0.13,0.16,0,1,0,0,0,0,0,1,0,0
15452043,600.0,600.0,2.0,,,0,0.04,0.13,0,0,0,0,0,0,0,1,0,0
29169993,100.0,1200.0,4.0,,,0,0.12,0.19,0,0,0,0,0,0,0,1,0,0
70458081,200.0,1800.0,3.0,,,0,0.02,0.08,0,0,0,0,0,0,0,1,0,0
43241495,300.0,300.0,2.0,,4.0,0,0.13,0.14,0,1,0,0,0,0,0,1,0,0
42002073,200.0,200.0,2.0,,4.0,0,0.07,0.09,0,1,0,0,0,0,0,1,0,0
91584698,100.0,100.0,1.0,,4.0,0,0.08,0.1,0,1,0,0,0,0,0,1,0,0
32787239,800.0,800.0,3.0,,3.0,0,0.04,0.1,0,1,0,0,0,0,0,1,0,0
4239451,0.0,800.0,2.0,,3.0,0,0.13,0.2,0,1,0,0,0,0,0,1,0,0
220414,1200.0,1200.0,4.0,,,0,0.05,0.16,0,0,0,0,0,0,0,1,0,0
73511233,1600.0,1000.0,4.0,,1.0,0,0.07,0.09,0,1,0,0,0,0,0,1,0,0
7714344,800.0,1500.0,4.0,,,0,0.14,0.17,0,0,0,0,0,0,0,1,0,0
64450427,800.0,800.0,3.0,,4.0,0,0.12,0.28,0,1,0,0,0,0,0,1,0,0
79967395,1700.0,900.0,4.0,,,0,0.12,0.11,0,0,0,0,0,0,0,1,0,0
72924435,1600.0,2400.0,7.0,,,0,0.04,0.1,1,0,0,0,1,0,0,0,0,0
69764158,0.0,1800.0,3.0,,,0,0.05,0.14,0,0,0,0,0,0,0,1,0,0
53936268,,,,,,0,0.02,0.24,0,0,0,0,0,0,0,0,0,2
66429798,2500.0,2500.0,8.0,,,0,0.05,0.17,0,0,0,0,0,0,0,0,1,0
62472614,,,,,,0,0.22,0.16,0,0,0,0,0,0,0,0,0,1
52624755,500.0,1200.0,3.0,,,0,0.16,0.16,0,0,0,0,0,0,0,1,0,0
38142739,600.0,900.0,3.0,,,0,0.04,0.18,0,0,0,0,0,0,0,0,1,0
75356564,600.0,700.0,2.0,,,0,0.07,0.19,0,0,0,0,0,0,0,0,1,0
58192742,300.0,200.0,1.0,,,0,0.05,0.15,0,0,0,0,0,0,0,0,1,0
82946847,500.0,500.0,2.0,,,0,0.11,0.19,0,0,0,0,0,0,0,1,0,0
59901153,300.0,300.0,1.0,,,0,0.05,0.13,0,0,0,0,0,0,0,1,0,0
42709949,,,,,,0,0.73,1.43,0,0,0,0,0,0,0,0,0,1
95463814,4000.0,4000.0,10.0,,,0,0.14,0.17,1,0,1,0,0,0,0,0,0,0
97795930,,,,,,0,0.07,0.14,0,0,0,0,0,0,0,0,0,2
34302287,,,,,,0,0.41,0.52,0,0,0,0,0,0,0,0,0,2
48308134,,,,,,0,0.04,0.13,0,0,0,0,0,0,0,0,0,1
56649609,2900.0,2900.0,8.0,,,0,0.25,0.56,0,0,0,0,0,0,0,0,1,0
75702749,,,,,,0,0.16,0.14,0,0,0,0,0,0,0,0,0,1
61397885,,,,,,0,0.1,0.19,0,0,0,0,0,0,0,0,0,2
2819436,,,,,,0,0.0,0.0,0,0,0,0,0,0,0,0,0,4
1197847,,,,,,0,0.12,0.17,0,0,0,0,0,0,0,0,0,1
69890968,,,,,,0,0.23,0.45,0,0,0,0,0,0,0,0,0,4
90884403,0.0,0.0,0.0,,,0,3.65,2.56,1,0,0,0,1,0,0,0,0,0
93224849,,,,,,0,0.23,0.34,0,0,0,0,0,0,0,0,0,4
93224848,,,,,,0,0.11,0.16,0,0,0,0,0,0,0,0,0,1
53134520,0.0,0.0,7.0,,,0,0.05,0.07,0,0,0,0,0,0,0,1,0,0
99792080,1900.0,900.0,4.0,,,0,0.1,0.16,0,0,0,0,0,0,0,1,0,0
62393472,900.0,1900.0,4.0,,,0,0.09,0.14,0,0,0,0,0,0,0,1,0,0
71181155,1300.0,1300.0,4.0,,,0,0.07,0.15,0,0,0,0,0,0,0,1,0,0
70969517,2200.0,2000.0,7.0,,,0,0.11,0.23,0,0,0,0,0,0,0,1,0,0
34961968,700.0,2000.0,4.0,,,0,0.06,0.21,0,0,0,0,0,0,0,1,0,0
7576264,1700.0,0.0,4.0,,,0,0.04,0.2,0,0,0,0,0,0,0,1,0,0
17189532,2400.0,1200.0,6.0,,,0,0.05,0.04,0,0,0,0,0,0,0,1,0,0
56605802,300.0,1000.0,2.0,,,0,0.08,0.12,0,0,0,0,0,0,0,1,0,0
77603950,700.0,600.0,2.0,,,0,0.0,0.0,0,0,0,0,0,0,0,0,1,0
49879995,2300.0,2200.0,8.0,,,0,0.08,0.18,0,0,0,0,0,0,0,1,0,0
43191636,1500.0,1000.0,4.0,,,0,0.28,0.22,0,0,0,0,0,0,0,0,0,0
95113856,2900.0,2500.0,9.0,,,0,1.93,1.56,1,0,0,0,0,1,0,0,0,0
61201220,600.0,800.0,2.0,,,0,0.0,0.0,0,0,0,0,0,0,0,0,1,0
74852097,2000.0,0.0,4.0,,,0,0.23,0.38,0,0,0,0,0,0,0,0,1,0
40555959,,,,,,0,0.11,0.24,0,0,0,0,0,0,0,0,0,2
6901008,1500.0,300.0,3.0,,,0,0.06,0.07,0,0,0,0,0,0,0,0,0,0
25542642,,,,,,0,0.23,0.44,0,0,0,0,0,0,0,0,0,2
88504133,,,,,,0,0.7,0.24,0,0,0,0,0,0,0,0,0,1
98153934,,,,,,0,0.11,0.21,0,0,0,0,0,0,0,0,0,1
61936647,,,,,,0,0.07,0.2,0,0,0,0,0,0,0,0,0,2
98431356,,,,,,0,0.21,0.32,0,0,0,0,0,0,0,0,0,2
24103628,600.0,700.0,3.0,,,0,0.14,0.27,0,0,0,0,0,0,0,1,0,0
30312361,0.0,0.0,4.0,,,0,0.18,0.22,0,0,0,0,0,0,0,1,0,0
80453041,0.0,0.0,9.0,,,0,0.28,0.28,1,0,1,0,0,0,0,0,0,0
12958919,1100.0,800.0,4.0,,,0,0.1,0.1,0,0,0,0,0,0,0,1,0,0
1426715,,,,,,0,0.0,0.0,0,0,0,0,0,0,0,0,0,4
82344137,2800.0,2800.0,8.0,,,0,7.67,6.12,0,0,0,0,0,0,0,1,0,0
52550973,900.0,0.0,2.0,,,0,0.08,0.25,0,0,0,0,0,0,0,0,1,0
63571750,,,,,,0,0.04,0.16,0,0,0,0,0,0,0,0,0,2
23099524,2000.0,2000.0,8.0,,,0,0.23,0.33,0,0,0,0,0,0,0,1,0,0
89707961,2300.0,3000.0,8.0,,,0,0.03,0.16,0,0,0,0,0,0,0,1,0,0
89959682,900.0,0.0,2.0,,,0,0.1,0.22,0,0,0,0,0,0,0,0,1,0
43791861,2500.0,1200.0,6.0,,,0,0.34,0.07,0,0,0,0,0,0,0,1,0,0
33872334,,,,,,0,0.17,0.31,0,0,0,0,0,0,0,0,0,1
69488544,2800.0,2200.0,8.0,,,0,0.07,0.1,0,0,0,0,0,0,0,0,0,0
63356631,,,,,,0,1.86,1.57,0,0,0,0,0,0,0,0,0,2
23558733,2200.0,0.0,8.0,,,0,2.85,1.67,0,0,0,0,0,0,0,1,0,0
96553688,800.0,0.0,2.0,,,0,0.14,0.17,0,0,0,0,0,0,0,1,0,0
67556500,1900.0,800.0,4.0,,,0,0.18,0.14,1,0,0,0,1,0,0,0,0,0
8192327,2800.0,2200.0,8.0,,,0,0.17,0.16,0,0,0,0,0,0,0,1,0,0
98881931,1000.0,1000.0,4.0,,,0,0.32,0.59,0,0,0,0,0,0,0,1,0,0
75797046,2400.0,1200.0,4.0,,,0,0.61,0.39,1,0,0,0,0,1,0,0,0,0
71233859,,,,,,0,0.28,0.12,0,0,0,0,0,0,0,0,0,1
13492423,2000.0,2800.0,8.0,,,0,0.12,0.11,0,0,0,0,0,0,0,1,0,0
28990150,1300.0,600.0,3.0,,,0,0.16,0.11,0,0,0,0,0,0,0,1,0,0
42925441,,,,,,0,0.13,0.18,0,0,0,0,0,0,0,0,0,2
2618045,1000.0,1000.0,4.0,,,0,0.1,0.09,0,0,0,0,0,0,0,1,0,0
64145892,1000.0,1000.0,4.0,,,0,0.07,0.11,0,0,0,0,0,0,0,1,0,0
1362589,2000.0,0.0,4.0,,,0,0.11,0.11,0,0,0,0,0,0,0,1,0,0
43813459,,,,,,0,0.37,0.43,0,0,0,0,0,0,0,0,0,2
47051709,1800.0,900.0,4.0,,,0,0.14,0.13,0,0,0,0,0,0,0,1,0,0
73478096,2800.0,1000.0,8.0,,,0,0.09,0.17,0,0,0,0,0,0,0,1,0,0
66607691,,,,,,0,0.17,0.4,0,0,0,0,0,0,0,0,0,1
15520842,,,,,,0,0.2,0.2,0,0,0,0,0,0,0,0,0,1
97639441,0.0,0.0,4.0,,,0,0.65,1.43,0,0,0,0,0,0,0,1,0,0
35848254,,,,,,0,0.12,0.29,0,0,0,0,0,0,0,0,0,1
38757297,2100.0,1100.0,6.0,,,0,0.14,0.15,0,0,0,0,0,0,0,1,0,0
38973775,900.0,1200.0,3.0,,,0,0.04,0.11,0,0,0,0,0,0,0,1,0,0
89132148,500.0,2000.0,4.0,,,0,0.1,0.33,0,0,0,0,0,0,0,1,0,0
28150174,2100.0,1800.0,4.0,,,0,0.24,1.32,1,0,0,0,0,1,0,0,0,0
36834155,1000.0,1000.0,3.0,,,0,0.14,0.17,0,0,0,0,0,0,0,1,0,0
80495985,2000.0,300.0,3.0,,,0,0.09,0.17,0,0,0,0,0,0,0,1,0,0
17418744,,,,,,0,0.42,0.26,0,0,0,0,0,0,0,0,0,1
63223260,0.0,0.0,1.0,,,0,0.26,0.24,0,0,0,0,0,0,0,1,0,0
9718968,2100.0,1000.0,5.0,,,0,0.31,0.32,0,0,0,0,0,0,0,1,0,0
72044448,,,,,,0,0.54,0.38,0,0,0,0,0,0,0,0,0,1
92661479,2700.0,2000.0,6.0,,,0,0.4,2.55,1,0,0,0,0,1,0,0,0,0
65367484,2100.0,0.0,4.0,,,0,0.11,0.17,0,0,0,0,0,0,0,1,0,0
8653757,,,,,,0,0.05,0.1,0,0,0,0,0,0,0,0,0,2
17418745,,,,,,0,0.14,0.3,0,0,0,0,0,0,0,0,0,4
51589188,,,,,,0,0.18,0.14,0,0,0,0,0,0,0,0,0,1
43147039,2000.0,0.0,4.0,,,0,0.08,0.14,0,0,0,0,0,0,0,1,0,0
9354555,,,,,,0,0.12,0.18,0,0,0,0,0,0,0,0,0,1
55758589,2500.0,2000.0,7.0,,,0,0.12,0.18,0,0,0,0,0,0,0,1,0,0
63442604,,,,,,0,0.02,0.12,0,0,0,0,0,0,0,0,0,2
70899775,,,,,,0,0.02,0.11,0,0,0,0,0,0,0,0,0,1
69846323,1500.0,500.0,4.0,,,0,0.08,0.1,0,0,0,0,0,0,0,1,0,0
21862633,,,,,,0,0.9,0.49,0,0,0,0,0,0,0,0,0,1
46497537,,,,,,0,0.05,0.08,0,0,0,0,0,0,0,0,0,1
16020923,1200.0,600.0,4.0,,,0,0.11,0.06,0,0,0,0,0,0,0,1,0,0
74270067,,,,,,0,0.09,0.06,0,0,0,0,0,0,0,0,0,2
58015506,,,,,,0,0.07,0.13,0,0,0,0,0,0,0,0,0,2
19153590,2800.0,1000.0,7.0,,,0,0.41,0.23,0,0,0,0,0,0,0,1,0,0
20700531,1500.0,1000.0,4.0,,,0,0.04,0.14,0,0,0,0,0,0,0,1,0,0
45742626,-1.0,-1.0,6.0,,,0,0.11,0.16,1,0,0,0,0,1,0,0,0,0
71175527,1000.0,1500.0,3.0,,,0,0.27,4.44,0,0,0,0,0,0,0,1,0,0
20357457,500.0,1500.0,1.0,,,0,0.29,0.57,0,0,0,0,0,0,0,1,0,0
26185991,1000.0,1200.0,4.0,,,0,0.04,0.12,0,0,0,0,0,0,0,1,0,0
90669991,,,,,,0,0.03,0.11,0,0,0,0,0,0,0,0,0,2
67445676,400.0,200.0,1.0,,,0,0.21,0.13,0,0,0,0,0,0,0,1,0,0
94431029,,,,,,0,0.02,0.08,0,0,0,0,0,0,0,0,0,2
44509898,,,,,,0,0.11,0.12,0,0,0,0,0,0,0,0,0,2
17322533,,,,,,0,0.02,0.09,0,0,0,0,0,0,0,0,0,1
50823978,800.0,200.0,2.0,,,0,0.14,0.11,0,0,0,0,0,0,0,1,0,0
33907039,,,,,,0,0.08,0.2,0,0,0,0,0,0,0,0,0,1
34029630,,,,,,0,0.02,0.13,0,0,0,0,0,0,0,0,0,2
88975532,1600.0,600.0,4.0,,,0,0.03,0.11,0,0,0,0,0,0,0,1,0,0
47415292,900.0,600.0,3.0,,,0,0.02,0.45,0,0,0,0,0,0,0,1,0,0
47759571,1500.0,,,2.0,,2,0.07,0.04,1,0,0,0,0,0,1,0,0,0
25919316,1500.0,,,2.0,,2,0.03,0.07,1,0,0,0,0,0,1,0,0,0
83682209,1500.0,500.0,4.0,,,0,0.12,0.11,0,0,0,0,0,0,0,1,0,0
35429292,1300.0,200.0,2.0,,,0,0.07,0.18,0,0,0,0,0,0,0,1,0,0
46502013,,,,,,0,0.06,0.1,0,0,0,0,0,0,0,0,0,2
55696885,1000.0,1000.0,3.0,,,0,0.05,0.1,0,0,0,0,0,0,0,1,0,0
33420078,400.0,200.0,2.0,,,0,1.17,2.97,0,0,0,0,0,0,0,0,0,0
10282757,,,,,,0,0.06,0.1,0,0,0,0,0,0,0,0,0,2
97526666,1000.0,1000.0,4.0,,,0,0.09,0.15,0,0,0,0,0,0,0,1,0,0
39163598,,,,,,0,0.26,0.23,0,0,0,0,0,0,0,0,0,2
54451023,,,,,,0,0.11,0.14,0,0,0,0,0,0,0,0,0,2
28062326,,,,,,0,0.0,0.0,0,0,0,0,0,0,0,0,0,4
92595545,900.0,900.0,3.0,,,0,0.08,0.08,0,0,0,0,0,0,0,1,0,0
45700805,3000.0,2500.0,8.0,,,0,0.0,0.0,0,0,0,0,0,0,0,1,0,0
40216089,1600.0,,,2.0,,2,0.05,0.12,1,0,0,0,0,0,1,0,0,0
13070280,,,,,,0,0.02,0.16,0,0,0,0,0,0,0,0,0,1
39881252,,,,,,0,0.06,0.13,0,0,0,0,0,0,0,0,0,1
69529567,800.0,600.0,2.0,,,0,0.11,0.11,0,0,0,0,0,0,0,1,0,0
20426176,,,,,,0,0.43,0.8,0,0,0,0,0,0,0,0,0,2
43004235,,,,,,0,0.17,0.32,0,0,0,0,0,0,0,0,0,2
44227727,,,,,,0,1.1,0.49,0,0,0,0,0,0,0,0,0,1
93031067,,,,,,0,0.14,0.23,0,0,0,0,0,0,0,0,0,1
94253655,2500.0,1000.0,8.0,,,0,0.15,0.23,1,0,0,0,1,0,0,0,0,0
85969517,1500.0,3000.0,8.0,,1.0,0,0.51,0.26,1,1,0,0,1,0,0,1,0,0
18832779,2000.0,2000.0,8.0,,,0,0.15,0.2,1,0,1,0,0,0,0,0,0,0
20248754,1000.0,2500.0,4.0,,,0,0.24,0.2,1,0,0,0,0,1,0,0,0,0
51669847,,,,,,0,0.31,0.31,0,0,0,0,0,0,0,0,0,1
89016236,1200.0,1850.0,3.0,,,0,0.11,0.26,0,0,0,1,0,0,0,1,0,0
33302407,,,,,,0,0.2,0.08,0,0,0,0,0,0,0,0,0,1
56840658,100.0,100.0,2.0,,,0,0.3,0.43,0,0,0,0,0,0,0,1,0,0
76539047,,,,,,0,0.11,0.16,0,0,0,0,0,0,0,0,0,1
43716289,1000.0,1800.0,4.0,,,0,0.14,0.23,0,0,0,0,0,0,0,1,0,0
8842266,,,,,,0,0.14,0.34,0,0,0,0,0,0,0,0,0,1
86801872,,,,,,0,0.0,0.0,0,0,0,0,0,0,0,0,0,4
561300,100.0,200.0,1.0,,,0,0.06,0.12,0,0,0,0,0,0,0,1,0,0
95561280,,,,,,0,0.07,0.24,0,0,0,0,0,0,0,0,0,1
46485778,700.0,1700.0,1.0,,8.0,0,0.66,0.8,0,1,0,0,0,0,0,1,0,0
8175346,200.0,100.0,3.0,,,0,0.09,0.19,0,0,0,0,0,0,0,1,0,0
73578229,,,,,,0,0.08,0.2,0,0,0,0,0,0,0,0,0,2
91078716,,,,,,0,0.16,0.18,0,0,0,0,0,0,0,0,0,2
44088292,2800.0,200.0,8.0,,,0,0.02,0.14,0,0,0,0,0,0,0,0,0,0
80476891,200.0,2800.0,8.0,,,0,0.02,0.11,0,0,0,0,0,0,0,0,0,0
24094653,,,,,,0,0.02,0.12,0,0,0,0,0,0,0,0,0,1
15248873,,,,,,0,0.25,0.11,0,0,0,0,0,0,0,0,0,1
5800323,700.0,2000.0,4.0,,,0,0.28,0.28,1,0,0,0,1,0,0,0,0,0
61840587,,,,,,0,0.06,0.05,0,0,0,0,0,0,0,0,0,2
25642998,,,,,,0,0.09,0.18,0,0,0,0,0,0,0,0,0,2
60517697,3000.0,1800.0,7.0,,,0,0.2,0.19,1,0,0,0,0,1,0,0,0,0
47826112,2800.0,1600.0,7.0,,,0,1.09,0.81,0,0,0,0,0,0,0,1,0,0
99193444,2800.0,1600.0,7.0,,,0,0.22,0.22,0,0,0,0,0,0,0,1,0,0
52860176,1200.0,800.0,3.0,,,0,0.31,0.36,0,0,0,0,0,0,0,1,0,0
45508030,,,,,,0,0.08,0.24,0,0,0,0,0,0,0,0,0,1
60516416,1850.0,1500.0,5.0,,,0,0.12,0.19,1,0,1,0,0,0,0,0,0,0
65046521,,,,,,0,0.05,0.14,0,0,0,0,0,0,0,0,0,2
64014615,,,,,,0,1.92,2.1,0,0,0,0,0,0,0,0,0,1
67169062,,,,,,0,0.46,0.66,0,0,0,0,0,0,0,0,0,1
51790181,,,,,,0,0.93,0.49,0,0,0,0,0,0,0,0,0,1
35261759,,,,,,0,0.1,0.32,0,0,0,0,0,0,0,0,0,1
98672567,,,,,,0,0.21,0.25,0,0,0,0,0,0,0,0,0,1
98645731,,,,,,0,0.27,0.18,0,0,0,0,0,0,0,0,0,1
49238328,,,,,,0,0.13,0.17,0,0,0,0,0,0,0,0,0,1
70278545,,,,,,0,0.17,0.13,0,0,0,0,0,0,0,0,0,1
55144522,,,,,,0,0.15,4.41,0,0,0,0,0,0,0,0,0,1
84211599,,,,,,0,0.27,0.21,0,0,0,0,0,0,0,0,0,1
96598015,,,,,,0,0.03,0.09,0,0,0,0,0,0,0,0,0,1
98476659,,,,,,0,54.1,63.11,0,0,0,0,0,0,0,0,0,1
91501248,2000.0,3000.0,9.0,,,0,0.08,0.14,0,0,0,0,0,0,0,1,0,0
55567161,400.0,400.0,2.0,,,0,0.0,0.0,0,0,0,0,0,0,0,0,1,0
54112932,200.0,200.0,2.0,,,0,11.19,0.0,0,0,0,0,0,0,0,0,1,0
89055154,1800.0,1050.0,4.0,,,0,0.13,0.35,0,0,0,0,0,0,0,1,0,0
37630732,,,,,,0,0.12,0.14,0,0,0,0,0,0,0,0,0,1
300302051,,,,,,0,0.0,0.0,0,0,0,0,0,0,0,0,0,3
86821010,,,,,,0,0.11,0.09,0,0,0,0,0,0,0,0,0,2
6903857,1900.0,0.0,4.0,,,0,0.03,0.2,0,0,0,0,0,0,0,1,0,0
54289683,,,,,,0,0.11,0.23,0,0,0,0,0,0,0,0,0,1
52558178,,,,,,0,0.0,0.0,0,0,0,0,0,0,0,0,0,1
19844995,,,,,,0,0.8,1.03,0,0,0,0,0,0,0,0,0,1
53656677,,,,,,0,0.06,0.11,0,0,0,0,0,0,0,0,0,2
7025445,2200.0,0.0,6.0,,,0,0.22,0.11,0,0,0,0,0,0,0,1,0,0
89547299,1300.0,1400.0,4.0,,,0,0.15,0.22,0,0,0,0,0,0,0,1,0,0
18842395,2200.0,0.0,5.0,,,0,0.1,0.13,0,0,0,0,0,0,0,1,0,0
300201001,,,,,,0,0.24,0.18,0,0,0,0,0,0,0,0,0,3
300302016,,,,,,0,0.07,0.23,0,0,0,0,0,0,0,0,0,3
77027445,,,,,,0,0.05,0.11,0,0,0,0,0,0,0,0,0,1
1118137,,,,,,0,1.57,1.39,0,0,0,0,0,0,0,0,0,1
81650695,300.0,200.0,1.0,,,0,0.23,0.26,0,0,0,0,0,0,0,1,0,0
22404570,,,,,,0,0.08,0.1,0,0,0,0,0,0,0,0,0,2
90246973,,,,,,0,0.27,0.99,0,0,0,0,0,0,0,0,0,1
68075840,1200.0,2400.0,4.0,,,0,7.44,0.0,0,0,0,0,0,0,0,0,1,0
49858495,1950.0,2100.0,6.0,,,0,4.06,0.0,0,0,0,0,0,0,0,0,1,0
55063681,400.0,400.0,2.0,,,0,0.07,0.11,0,0,0,0,0,0,0,1,0,0
63265554,2500.0,2300.0,9.0,,,0,0.18,0.26,1,0,0,0,1,0,0,0,0,0
2403771,2300.0,2500.0,7.0,,,0,0.7,1.13,1,0,0,0,1,0,0,0,0,0
68084557,2300.0,2500.0,7.0,,,0,0.21,0.2,1,0,0,0,1,0,0,0,0,0
300302021,,,,,,0,1.28,0.47,0,0,0,0,0,0,0,0,0,3
19434243,2000.0,2400.0,5.0,,,0,15.17,16.56,0,0,0,0,0,0,0,1,0,0
76403456,,,,,,0,0.06,0.09,0,0,0,0,0,0,0,0,0,2
78586116,,,,,,0,0.12,0.13,0,0,0,0,0,0,0,0,0,2
15844566,2300.0,,0.0,3.0,,3,0.37,0.47,1,0,0,0,0,0,1,0,0,0
87742943,2700.0,2000.0,7.0,,,0,0.04,0.07,0,0,0,0,0,0,0,1,0,0
46132282,2500.0,1600.0,6.0,,,0,1.88,0.65,1,0,0,0,1,0,0,0,0,0
50621530,1400.0,1000.0,4.0,,,0,0.05,0.31,0,0,0,0,0,0,0,1,0,0
300302037,,,,,,0,0.0,0.1,0,0,0,0,0,0,0,0,0,3
84298614,,,,,,0,0.03,0.08,0,0,0,0,0,0,0,0,0,2
35100834,,,,,,0,0.12,0.24,0,0,0,0,0,0,0,0,0,2
67234805,,,,,,0,0.04,0.11,0,0,0,0,0,0,0,0,0,2
33691040,1900.0,1500.0,5.0,,,0,1.32,2.31,1,0,1,0,0,0,0,0,0,0
81997228,3000.0,3000.0,10.0,,,0,0.03,0.19,1,0,1,0,0,0,0,0,0,0
43886072,2000.0,,,2.0,,2,0.09,0.21,1,0,0,0,0,0,1,0,0,0
17382973,2000.0,,,2.0,,2,0.09,0.24,1,0,0,0,0,0,1,0,0,0
55725117,1000.0,1000.0,2.0,,,0,0.1,0.25,0,0,0,0,0,0,0,1,0,0
81119816,0.0,2000.0,1.0,,,0,0.1,0.23,0,0,0,0,0,0,0,1,0,0
18236002,1500.0,500.0,3.0,,,0,0.11,0.23,0,0,0,0,0,0,0,1,0,0
25725326,1000.0,,,1.0,,1,0.13,0.19,1,0,0,0,0,0,1,0,0,0
79059098,,,,,,0,0.13,0.15,0,0,0,0,0,0,0,0,0,1
16269385,,,,,,0,0.25,0.26,0,0,0,0,0,0,0,0,0,1
15447747,,,,,,0,0.43,0.33,0,0,0,0,0,0,0,0,0,2
43664494,,,,,,0,0.14,0.22,0,0,0,0,0,0,0,0,0,1
70875686,3000.0,,,4.0,,4,3.11,0.81,1,0,0,0,0,0,1,0,0,0
18514525,2000.0,0.0,5.0,,,0,0.13,0.15,1,0,1,0,0,0,0,0,0,0
31440046,1500.0,1500.0,4.0,,,0,0.09,0.19,0,0,0,0,0,0,0,1,0,0
44509529,2000.0,0.0,5.0,,,0,0.07,0.19,1,0,1,0,0,0,0,0,0,0
52472775,,,,,,0,0.08,0.11,0,0,0,0,0,0,0,0,0,1
31600513,1500.0,1200.0,4.0,,,0,0.07,0.21,0,0,0,0,0,0,0,1,0,0
13048472,,,,,,0,0.09,0.14,0,0,0,0,0,0,0,0,0,1
68304813,,,,,,0,0.19,0.3,0,0,0,0,0,0,0,0,0,1
51858200,,,,,,0,0.21,0.45,0,0,0,0,0,0,0,0,0,2
44536921,,,,,,0,0.1,0.38,0,0,0,0,0,0,0,0,0,2
66309175,1000.0,2500.0,5.0,,,0,0.09,0.22,1,0,1,0,0,0,0,0,0,0
66787942,1900.0,1000.0,4.0,,,0,0.11,0.14,1,0,0,0,1,0,0,0,0,0
22138839,2000.0,100.0,6.0,,,0,0.06,0.24,0,0,0,0,0,0,0,0,0,0
70427670,0.0,0.0,1.0,,0.0,0,0.05,0.2,0,1,0,0,0,0,0,1,0,0
44932065,0.0,1900.0,1.0,,,0,0.09,0.29,0,0,0,0,0,0,0,1,0,0
25586143,2500.0,2000.0,7.0,,,0,0.28,0.17,1,0,1,0,0,0,0,0,0,0
89181134,600.0,200.0,2.0,,,0,0.12,0.17,0,0,0,0,0,0,0,1,0,0
7161742,0.0,0.0,1.0,,,0,0.09,0.14,0,0,0,0,0,0,0,1,0,0
82370493,2200.0,1500.0,6.0,,,0,0.37,4.81,1,0,1,0,0,0,0,0,0,0
61677004,1000.0,1500.0,3.0,,,0,0.39,0.61,0,0,0,0,0,0,0,1,0,0
69946549,2700.0,1900.0,8.0,,,0,0.13,0.21,1,0,1,0,0,0,0,0,0,0
99913726,800.0,2300.0,5.0,,,0,0.03,0.17,0,0,0,0,0,0,0,1,0,0
96622984,400.0,800.0,2.0,,,0,0.11,0.17,0,0,0,0,0,0,0,1,0,0
5259518,1200.0,2400.0,8.0,,,0,0.07,0.21,0,0,0,0,0,0,0,1,0,0
18595008,1200.0,1200.0,3.0,,,0,0.13,0.17,0,0,0,0,0,0,0,1,0,0
44994712,600.0,100.0,1.0,,,0,0.12,0.19,0,0,0,0,0,0,0,0,0,0
22011689,1600.0,1000.0,4.0,,,0,0.06,0.13,0,0,0,0,0,0,0,1,0,0
35272499,1200.0,800.0,3.0,,,0,0.32,0.53,0,0,0,0,0,0,0,1,0,0
26308721,300.0,2100.0,3.0,,,0,0.08,0.57,0,0,0,0,0,0,0,1,0,0
53819028,100.0,600.0,1.0,,,0,0.91,0.8,0,0,0,0,0,0,0,1,0,0
30537973,0.0,0.0,1.0,,8.0,0,0.09,0.77,0,1,0,0,0,0,0,1,0,0
52792430,1800.0,0.0,4.0,,,0,1.31,5.43,0,0,0,0,0,0,0,1,0,0
69105797,800.0,400.0,2.0,,,0,0.1,0.12,0,0,0,0,0,0,0,1,0,0
17825378,2400.0,1000.0,8.0,,8.0,0,0.03,0.2,0,1,0,0,0,0,0,1,0,0
79864860,3000.0,3000.0,9.0,,,0,0.93,2.44,1,0,1,0,0,0,0,0,0,0
70369116,500.0,,,2.0,,2,1.33,1.24,1,0,0,0,0,0,1,0,0,0
72129804,,,,,,0,0.05,0.1,0,0,0,0,0,0,0,0,0,1
88069597,,,,,,0,0.02,0.15,0,0,0,0,0,0,0,0,0,1
31643613,,,,,,0,0.16,0.26,0,0,0,0,0,0,0,0,0,1
8148322,,,,,,0,0.12,0.25,0,0,0,0,0,0,0,0,0,1
89176044,,,,,,0,0.32,0.24,0,0,0,0,0,0,0,0,0,1
14463695,,,,,,0,1.01,1.72,0,0,0,0,0,0,0,0,0,1
31118030,1000.0,1400.0,4.0,,,0,0.07,0.15,0,0,0,0,0,0,0,1,0,0
5010422,1300.0,0.0,3.0,,,0,0.06,0.12,0,0,0,0,0,0,0,1,0,0
66069967,2500.0,2500.0,9.0,,,0,0.06,0.12,0,0,0,0,0,0,0,1,0,0
32231618,800.0,1400.0,3.0,,,0,0.05,0.18,0,0,0,0,0,0,0,1,0,0
67503139,1400.0,2200.0,5.0,,,0,0.02,0.12,0,0,0,0,0,0,0,1,0,0
68625727,800.0,700.0,3.0,,,0,0.08,0.1,0,0,0,0,0,0,0,1,0,0
94997874,2700.0,1200.0,9.0,,,0,0.03,0.21,0,0,0,1,0,0,0,1,0,0
42932862,1200.0,2700.0,9.0,,,0,0.16,0.2,0,0,0,1,0,0,0,1,0,0
30392583,,,,,,0,0.09,0.11,0,0,0,0,0,0,0,0,0,1
70828912,,,,,,0,0.12,0.34,0,0,0,0,0,0,0,0,0,1
95083785,,,,,,0,0.14,0.14,0,0,0,0,0,0,0,0,0,2
96729612,,,,,,0,0.09,0.23,0,0,0,0,0,0,0,0,0,1
4483989,,,,,,0,0.05,0.08,0,0,0,0,0,0,0,0,0,2
300201004,,,,,,0,0.2,0.16,0,0,0,0,0,0,0,0,0,3
56119752,,,,,,0,0.82,0.61,0,0,0,0,0,0,0,0,0,2
71832012,,,,,,0,0.42,0.22,0,0,0,0,0,0,0,0,0,1
549481,500.0,2000.0,4.0,,,0,0.03,0.14,0,0,0,0,0,0,0,0,1,0
94303232,,,,,,0,0.04,0.15,0,0,0,0,0,0,0,0,0,1
33055499,,,,,,0,0.14,0.25,0,0,0,0,0,0,0,0,0,2
91559748,300.0,2000.0,4.0,,,0,0.02,0.06,0,0,0,0,0,0,0,1,0,0
17016131,,,,,,0,0.07,0.21,0,0,0,0,0,0,0,0,0,2
86016245,,,,,,0,0.14,0.34,0,0,0,0,0,0,0,0,0,1
66518841,,,,,,0,0.08,0.11,0,0,0,0,0,0,0,0,0,2
67660909,1200.0,1300.0,4.0,,,0,0.11,0.22,0,0,0,0,0,0,0,1,0,0
36734924,0.0,0.0,1.0,,,0,0.15,0.33,0,0,0,0,0,0,0,0,0,0
2507443,,,,,,0,0.14,0.22,0,0,0,0,0,0,0,0,0,1
57448410,0.0,0.0,3.0,,1.0,0,0.05,0.11,0,1,0,0,0,0,0,0,1,0
47435107,,,,,,0,0.07,0.13,0,0,0,0,0,0,0,0,0,1
64025981,2000.0,2000.0,4.0,,,0,0.06,0.21,0,0,0,0,0,0,0,1,0,0
23701465,,,,,,0,0.06,0.16,0,0,0,0,0,0,0,0,0,1
85692042,2000.0,0.0,4.0,,,0,0.07,1.27,1,0,0,0,0,1,0,0,0,0
88021907,2000.0,0.0,4.0,,,0,0.27,0.17,1,0,0,0,0,1,0,0,0,0
12298909,2400.0,2000.0,6.0,,,0,0.18,0.29,0,0,0,0,0,0,0,1,0,0
1287123,2200.0,800.0,5.0,,,0,2.49,2.96,0,0,0,0,0,0,0,1,0,0
77103950,,,,,,0,0.15,0.15,0,0,0,0,0,0,0,0,0,1
49729312,3000.0,2000.0,8.0,,,0,0.18,0.19,0,0,0,0,0,0,0,1,0,0
37021315,2000.0,3000.0,8.0,,,0,0.02,0.09,0,0,0,0,0,0,0,1,0,0
63198739,1600.0,0.0,4.0,,,0,4.38,2.1,0,0,0,0,0,0,0,1,0,0
26462013,1600.0,0.0,8.0,,,0,1.1,1.28,1,0,1,0,0,0,0,0,0,0
29095457,,,,,,0,0.28,0.28,0,0,0,0,0,0,0,0,0,1
99161253,,,,,,0,0.35,1.26,0,0,0,0,0,0,0,0,0,1
41488249,,,,,,0,0.02,0.15,0,0,0,0,0,0,0,0,0,2
81418467,2600.0,0.0,6.0,,,0,1.01,0.89,0,0,0,0,0,0,0,1,0,0
56506740,,,,,,0,0.21,0.31,0,0,0,0,0,0,0,0,0,1
92501449,,,,,,0,0.13,0.21,0,0,0,0,0,0,0,0,0,1
27556460,,,,,,0,0.13,0.2,0,0,0,0,0,0,0,0,0,2
98154550,1200.0,900.0,5.0,,,0,0.12,0.15,0,0,0,0,0,0,0,1,0,0
56063182,,,,,,0,0.06,0.06,0,0,0,0,0,0,0,0,0,1
78933589,,,,,,0,0.1,0.16,0,0,0,0,0,0,0,0,0,1
8129306,800.0,1800.0,4.0,,,0,0.72,0.79,0,0,0,0,0,0,0,1,0,0
75574498,500.0,2200.0,4.0,,,0,0.05,0.16,1,0,0,0,0,1,0,0,0,0
2316186,2000.0,0.0,4.0,,,0,0.14,0.27,0,0,0,0,0,0,0,1,0,0
79966218,0.0,0.0,1.0,,,0,6.24,7.08,0,0,0,0,0,0,0,0,0,0
51371017,900.0,700.0,3.0,,,0,0.04,0.2,0,0,0,0,0,0,0,1,0,0
75917088,2000.0,0.0,4.0,,,0,0.26,0.29,0,0,0,0,0,0,0,1,0,0
11496832,0.0,0.0,1.0,,,0,0.08,0.17,0,0,0,0,0,0,0,1,0,0
78527720,300.0,600.0,4.0,,,0,1.89,0.87,0,0,0,0,0,0,0,1,0,0
50088247,1000.0,400.0,2.0,,,0,0.11,0.14,0,0,0,0,0,0,0,1,0,0
80234301,800.0,1000.0,3.0,,,0,0.66,0.97,0,0,0,0,0,0,0,0,1,0
100460001,800.0,800.0,4.0,,,0,0.0,0.0,0,0,0,0,0,0,0,1,0,0
12612470,500.0,0.0,3.0,,,0,0.07,0.13,0,0,0,0,0,0,0,0,0,0
300302070,,,,,,0,0.0,0.12,0,0,0,0,0,0,0,0,0,3
52615248,1000.0,,,2.0,,2,0.08,0.09,1,0,0,0,0,0,1,0,0,0
39732186,500.0,1000.0,2.0,,,0,0.18,0.12,0,0,0,0,0,0,0,1,0,0
25661743,,,,,,0,1.11,1.29,0,0,0,0,0,0,0,0,0,1
43711255,,,,,,0,0.15,1.62,0,0,0,0,0,0,0,0,0,1
99311889,,,,,,0,0.13,0.11,0,0,0,0,0,0,0,0,0,1
33280639,,,,,,0,1.17,2.27,0,0,0,0,0,0,0,0,0,2
75713017,2800.0,1000.0,8.0,,,0,0.02,0.05,0,0,0,0,0,0,0,1,0,0
2772337,2700.0,,,3.0,,3,0.7,0.33,1,0,0,0,0,0,1,0,0,0
82213171,1200.0,800.0,4.0,,,0,0.06,0.11,0,0,0,0,0,0,0,1,0,0
21414674,600.0,2000.0,4.0,,,0,0.16,0.1,0,0,0,0,0,0,0,1,0,0
89770167,1800.0,600.0,4.0,,,0,0.12,0.18,0,0,0,0,0,0,0,1,0,0
88617904,,,,,,0,0.02,0.17,0,0,0,0,0,0,0,0,0,1
50548657,200.0,400.0,1.0,,,0,0.02,0.05,0,0,0,0,0,0,0,1,0,0
11373345,,,,,,0,0.33,0.64,0,0,0,0,0,0,0,0,0,2
85847157,100.0,100.0,3.0,,,0,0.06,0.07,0,0,0,0,0,0,0,1,0,0
61681816,500.0,2000.0,3.0,,,0,0.04,0.02,0,0,0,0,0,0,0,1,0,0
56174248,2500.0,1200.0,6.0,,,0,0.76,0.46,0,0,0,0,0,0,0,1,0,0
58036229,2300.0,,,3.0,,3,0.33,2.53,1,0,0,0,0,0,1,0,0,0
84339249,2400.0,2100.0,7.0,,,0,0.07,0.11,0,0,0,0,0,0,0,1,0,0
66367984,,,,,,0,0.13,0.22,0,0,0,0,0,0,0,0,0,2
11678191,0.0,0.0,1.0,,,0,0.06,0.09,0,0,0,0,0,0,0,1,0,0
90290572,1800.0,,,2.0,,2,1.82,0.57,1,0,0,0,0,0,1,0,0,0
24221739,1100.0,1900.0,4.0,,,0,0.45,1.85,0,0,0,0,0,0,0,1,0,0
10071456,800.0,1500.0,4.0,,,0,0.2,0.15,0,0,0,0,0,0,0,0,1,0
47158777,400.0,,,2.0,,2,0.23,0.34,1,0,0,0,0,0,1,0,0,0
72855441,800.0,1300.0,1.0,,,0,0.04,0.12,0,0,0,0,0,0,0,0,0,0
56187077,100.0,1000.0,1.0,,0.0,0,0.05,0.16,0,1,0,0,0,0,0,1,0,0
26439287,1100.0,600.0,3.0,,,0,0.09,0.08,0,0,0,0,0,0,0,1,0,0
5329790,1000.0,,,2.0,,2,0.04,0.09,1,0,0,0,0,0,1,0,0,0
49511705,,,,,,0,0.07,0.28,0,0,0,0,0,0,0,0,0,2
95091919,2000.0,1500.0,6.0,,,0,0.04,0.08,0,0,0,0,0,0,0,1,0,0
25072579,1500.0,,,1.0,,1,0.36,0.24,1,0,0,0,0,0,1,0,0,0
24154052,100.0,100.0,1.0,,,0,0.05,0.18,0,0,0,0,0,0,0,0,1,0
22862454,1400.0,,,2.0,,2,0.08,0.16,1,0,0,0,0,0,1,0,0,0
12450071,1400.0,,,2.0,,2,0.09,0.14,1,0,0,0,0,0,1,0,0,0
16684346,1100.0,1100.0,4.0,,,0,0.1,0.15,0,0,0,0,0,0,0,1,0,0
9798352,1800.0,0.0,4.0,,,0,0.04,0.04,0,0,0,0,0,0,0,1,0,0
77584012,,,,,,0,0.23,0.49,0,0,0,0,0,0,0,0,0,1
46291010,700.0,500.0,2.0,,,0,0.06,0.13,0,0,0,0,0,0,0,1,0,0
29417188,1200.0,300.0,4.0,,,0,1.02,1.02,0,0,0,0,0,0,0,1,0,0
16678947,,,,,,0,0.08,0.09,0,0,0,0,0,0,0,0,0,2
31328739,,,,,,0,0.07,0.42,0,0,0,0,0,0,0,0,0,1
74644400,400.0,300.0,1.0,,,0,0.12,0.1,0,0,0,0,0,0,0,0,0,0
4230620,,,,,,0,0.06,0.08,0,0,0,0,0,0,0,0,0,1
26523337,2400.0,0.0,6.0,,,0,0.26,0.32,0,0,0,0,0,0,0,1,0,0
51053997,,,,,,0,0.02,0.11,0,0,0,0,0,0,0,0,0,2
575512,,,,,,0,0.39,0.58,0,0,0,0,0,0,0,0,0,1
49036338,2500.0,0.0,6.0,,,0,0.07,0.16,0,0,0,0,0,0,0,0,1,0
43266605,0.0,2500.0,6.0,,,0,0.08,0.14,0,0,0,0,0,0,0,1,0,0
36970611,,,,,,0,0.24,0.71,0,0,0,0,0,0,0,0,0,2
75425043,500.0,0.0,1.0,,,0,0.18,0.28,0,0,0,0,0,0,0,0,0,0
2810642,700.0,0.0,1.0,,,0,3.17,2.58,0,0,0,0,0,0,0,0,0,0
74203495,1200.0,0.0,2.0,,,0,0.09,0.27,0,0,0,0,0,0,0,0,0,0
1697104,1500.0,0.0,2.0,,,0,0.81,1.01,0,0,0,0,0,0,0,0,0,0
38814750,1000.0,0.0,2.0,,,0,0.15,0.21,0,0,0,0,0,0,0,0,0,0
8802510,1700.0,,,2.0,,2,0.13,0.21,1,0,0,0,0,0,1,0,0,0
74586817,2800.0,2200.0,8.0,,,0,0.06,0.21,1,0,0,0,1,0,0,0,0,0
37192109,2500.0,1800.0,7.0,,,0,0.15,0.15,1,0,0,0,1,0,0,0,0,0
84453939,1000.0,0.0,2.0,,,0,0.04,0.09,0,0,0,0,0,0,0,1,0,0
16238373,,,,,,0,0.05,0.13,0,0,0,0,0,0,0,0,0,1
75539614,,,,,,0,0.11,0.23,0,0,0,0,0,0,0,0,0,1
88139289,3200.0,2700.0,9.0,,,0,0.27,0.2,1,0,0,0,1,0,0,0,0,0
65471349,1700.0,1000.0,4.0,,,0,0.69,0.8,0,0,0,0,0,0,0,1,0,0
21454943,1400.0,800.0,3.0,,,0,0.77,1.36,0,0,0,0,0,0,0,0,0,0
77600660,2400.0,1000.0,6.0,,,0,0.12,0.18,0,0,0,0,0,0,0,1,0,0
60465049,3500.0,3500.0,11.0,,,0,0.14,0.16,1,0,0,0,1,0,0,0,0,0
9322133,,,,,,0,0.06,0.06,0,0,0,0,0,0,0,0,0,1
11047543,,,,,,0,0.66,0.56,0,0,0,0,0,0,0,0,0,1
26773909,,,,,,0,0.05,0.11,0,0,0,0,0,0,0,0,0,1
52430902,100.0,1500.0,2.0,,,0,0.21,0.23,0,0,0,0,0,0,0,0,0,0
7892180,400.0,1000.0,2.0,,,0,0.02,0.07,0,0,0,0,0,0,0,0,1,0
45379225,2400.0,2000.0,7.0,,,0,2.57,1.21,1,0,0,0,1,0,0,0,0,0
91870448,2200.0,1200.0,6.0,,,0,0.16,0.33,0,0,0,0,0,0,0,1,0,0
7582066,2400.0,1800.0,6.0,,,0,6.44,8.31,1,0,0,0,1,0,0,0,0,0
70659412,2500.0,2000.0,7.0,,,0,0.06,0.05,1,0,0,0,1,0,0,0,0,0
82633308,,,,,,0,0.09,0.12,0,0,0,0,0,0,0,0,0,2
25401880,,,,,,0,0.23,0.28,0,0,0,0,0,0,0,0,0,1
70843274,0.0,1500.0,3.0,,,0,0.06,0.14,0,0,0,0,0,0,0,1,0,0
3146695,,,,,,0,0.02,0.08,0,0,0,0,0,0,0,0,0,2
21488686,,,,,,0,0.1,0.15,0,0,0,0,0,0,0,0,0,2
53154400,0.0,700.0,2.0,,,0,0.03,0.05,0,0,0,0,0,0,0,1,0,0
72563071,,,,,,0,0.05,0.13,0,0,0,0,0,0,0,0,0,2
58453942,1900.0,1200.0,4.0,,,0,0.21,0.17,0,0,0,0,0,0,0,1,0,0
33323657,,,,,,0,0.15,0.1,0,0,0,0,0,0,0,0,0,2
92346415,,,,,,0,0.02,0.11,0,0,0,0,0,0,0,0,0,1
30227494,1600.0,600.0,3.0,,,0,0.09,0.13,0,0,0,0,0,0,0,1,0,0
55673611,,,,,,0,0.57,0.54,0,0,0,0,0,0,0,0,0,2
3891471,,,,,,0,0.18,0.12,0,0,0,0,0,0,0,0,0,2
80681226,,,,,,0,0.05,0.24,0,0,0,0,0,0,0,0,0,1
3233859,600.0,0.0,3.0,,,0,0.06,0.17,0,0,0,0,0,0,0,0,0,0
32180819,,,,,,0,0.08,0.15,0,0,0,0,0,0,0,0,0,1
35089369,0.0,1800.0,1.0,,,0,0.44,0.31,0,0,0,0,0,0,0,1,0,0
34717238,,,,,,0,5.33,9.59,0,0,0,0,0,0,0,0,0,2
58464739,,,,,,0,0.05,0.1,0,0,0,0,0,0,0,0,0,2
14512825,0.0,300.0,3.0,,,0,0.26,0.24,0,0,0,0,0,0,0,1,0,0
17856505,2400.0,2600.0,6.0,,,0,1.64,3.07,1,0,0,0,0,1,0,0,0,0
29155212,1800.0,2000.0,6.0,,,0,0.02,0.3,0,0,0,0,0,0,0,1,0,0
81684048,1950.0,2600.0,6.0,,,0,15.15,15.33,0,0,0,0,0,0,0,1,0,0
17601919,900.0,1000.0,3.0,,,0,0.05,0.16,0,0,0,0,0,0,0,1,0,0
31077447,,,,,,0,0.05,0.12,0,0,0,0,0,0,0,0,0,2
74703140,2100.0,1800.0,6.0,,,0,0.08,0.12,1,0,1,0,0,0,0,0,0,0
19959563,3000.0,2600.0,8.0,,,0,0.19,0.17,0,0,0,0,0,0,0,1,0,0
76442347,400.0,200.0,1.0,,,0,3.14,1.68,0,0,0,0,0,0,0,1,0,0
3167573,2800.0,2600.0,7.0,,,0,7.63,7.29,0,0,0,0,0,0,0,1,0,0
41442341,0.0,0.0,6.0,,,0,0.09,0.12,0,0,0,0,0,0,0,1,0,0
32875265,,,,,,0,0.12,0.12,0,0,0,0,0,0,0,0,0,2
89839552,800.0,1200.0,3.0,,,0,0.03,0.15,0,0,0,0,0,0,0,1,0,0
51119924,1000.0,1000.0,3.0,,,0,0.13,0.12,0,0,0,0,0,0,0,1,0,0
15001619,2200.0,2500.0,6.0,,,0,0.16,0.19,0,0,0,0,0,0,0,1,0,0
1969506,,,,,,0,0.23,0.22,0,0,0,0,0,0,0,0,0,1
77590412,1200.0,1800.0,4.0,,,0,0.05,0.13,0,0,0,0,0,0,0,1,0,0
53323475,,,,,,0,0.07,0.12,0,0,0,0,0,0,0,0,0,2
37038993,800.0,1400.0,2.0,,,0,0.29,0.15,1,0,0,0,1,0,0,0,0,0
64161630,,,,,,0,0.06,0.06,0,0,0,0,0,0,0,0,0,2
31822037,300.0,,,2.0,,2,0.32,0.25,1,0,0,0,0,0,1,0,0,0
101403009,700.0,200.0,1.0,,,0,0.0,0.0,0,0,0,0,0,0,0,1,0,0
48461764,1200.0,2100.0,4.0,,1.0,0,0.54,1.15,0,1,0,0,0,0,0,1,0,0
25550531,100.0,100.0,1.0,,,0,0.14,0.16,0,0,0,0,0,0,0,1,0,0
55584558,,,,,,0,0.13,0.32,0,0,0,0,0,0,0,0,0,1
82105704,,,,,,0,0.14,0.26,0,0,0,0,0,0,0,0,0,1
29599813,,,,,,0,0.06,0.09,0,0,0,0,0,0,0,0,0,1
10780049,,,,,,0,0.14,0.17,0,0,0,0,0,0,0,0,0,2
21347668,,,,,,0,0.07,0.24,0,0,0,0,0,0,0,0,0,1
82983267,,,,,,0,0.12,0.22,0,0,0,0,0,0,0,0,0,2
79933029,100.0,100.0,1.0,,,0,0.08,0.34,0,0,0,0,0,0,0,1,0,0
27870033,1400.0,600.0,3.0,,,0,0.02,0.12,0,0,0,0,0,0,0,1,0,0
78942513,,,,,,0,0.06,0.06,0,0,0,0,0,0,0,0,0,2
85101097,300.0,300.0,1.0,,,0,0.15,0.11,0,0,0,0,0,0,0,1,0,0
30585393,,,,,,0,0.05,0.51,0,0,0,0,0,0,0,0,0,2
84271823,1300.0,,,2.0,,2,0.2,0.24,1,0,0,0,0,0,1,0,0,0
76754619,,,,,,0,0.25,0.13,0,0,0,0,0,0,0,0,0,1
53569894,,,,,,0,8.33,10.1,0,0,0,0,0,0,0,0,0,2
66835946,,,,,,0,0.09,0.09,0,0,0,0,0,0,0,0,0,1
77044671,1200.0,1400.0,4.0,,,0,0.22,0.24,0,0,0,0,0,0,0,1,0,0
48228390,2000.0,0.0,5.0,,,0,0.02,0.11,0,0,0,0,0,0,0,1,0,0
1082946,,,,,,0,0.27,0.16,0,0,0,0,0,0,0,0,0,2
35842855,2800.0,2200.0,8.0,,,0,0.16,0.2,0,0,0,0,0,0,0,1,0,0
61231400,2900.0,1800.0,8.0,,,0,0.05,0.05,0,0,0,0,0,0,0,1,0,0
55824220,,,,,,0,0.6,0.39,0,0,0,0,0,0,0,0,0,2
24635329,900.0,100.0,2.0,,,0,0.05,0.23,0,0,0,0,0,0,0,1,0,0
86605515,1400.0,1000.0,4.0,,,0,0.13,0.23,0,0,0,0,0,0,0,1,0,0
74725513,2500.0,2000.0,8.0,,,0,0.28,0.27,0,0,0,0,0,0,0,1,0,0
20447641,,,,,,0,0.11,0.28,0,0,0,0,0,0,0,0,0,2
4450854,,,,,,0,0.07,0.13,0,0,0,0,0,0,0,0,0,2
91907707,2400.0,1000.0,6.0,,1.0,0,2.91,1.2,0,1,0,0,0,0,0,1,0,0
87588741,2800.0,1000.0,7.0,,9.0,0,0.75,0.53,0,1,0,0,0,0,0,1,0,0
64496451,2800.0,1000.0,7.0,,1.0,0,1.82,1.26,0,1,0,0,0,0,0,1,0,0
22423493,1800.0,,0.0,2.0,,2,0.38,0.58,1,0,0,0,0,0,1,0,0,0
37991342,2400.0,1000.0,6.0,,9.0,0,1.87,1.86,0,1,0,0,0,0,0,1,0,0
51194046,2400.0,1000.0,5.0,,1.0,0,0.17,0.31,0,1,0,0,0,0,0,0,1,0
65518099,1000.0,2800.0,5.0,,9.0,0,0.09,0.21,0,1,0,0,0,0,0,0,1,0
90885155,2800.0,1000.0,8.0,,9.0,0,0.27,0.43,0,1,0,0,0,0,0,1,0,0
13073850,2800.0,1000.0,8.0,,1.0,0,1.11,2.22,0,1,0,0,0,0,0,1,0,0
30845999,,,,,,0,0.03,0.13,0,0,0,0,0,0,0,0,0,2
84673574,900.0,900.0,9.0,,,0,0.02,0.09,0,0,0,0,0,0,0,1,0,0
29296344,1000.0,,,2.0,,2,0.04,0.14,1,0,0,0,0,0,1,0,0,0
16693934,,,,,,0,0.08,0.13,0,0,0,0,0,0,0,0,0,2
40838625,,,,,,0,0.28,0.22,0,0,0,0,0,0,0,0,0,2
87772572,,,,,,0,0.09,0.15,0,0,0,0,0,0,0,0,0,2
90519313,,,,,,0,0.11,0.22,0,0,0,0,0,0,0,0,0,1
96470883,2400.0,1300.0,7.0,,,0,0.11,0.3,0,0,0,0,0,0,0,1,0,0
65033975,2500.0,2000.0,8.0,,,0,0.74,1.85,0,0,0,0,0,0,0,1,0,0
73081602,1200.0,2000.0,5.0,,,0,0.03,0.07,0,0,0,0,0,0,0,0,1,0
13302026,2800.0,1900.0,8.0,,,0,0.12,0.13,0,0,0,0,0,0,0,1,0,0
90726340,2200.0,1200.0,4.0,,,0,0.33,0.25,1,0,0,0,0,1,0,0,0,0
4179849,1800.0,1500.0,5.0,,,0,29.56,29.92,0,0,0,0,0,0,0,0,1,0
501000003,2400.0,2000.0,8.0,,,0,0.0,0.0,0,0,0,0,0,0,0,1,0,0
72162751,3000.0,2500.0,9.0,,,0,1.93,3.98,0,0,0,0,0,0,0,1,0,0
45500495,2200.0,1800.0,6.0,,,0,0.11,0.27,1,0,0,0,1,0,0,0,0,0
71411377,1700.0,1200.0,4.0,,,0,0.19,0.14,0,0,0,0,0,0,0,1,0,0
5901497,350.0,300.0,1.0,,,0,0.09,0.23,0,0,0,0,0,0,0,1,0,0
25652259,1500.0,1600.0,4.0,,,0,0.03,0.08,0,0,0,0,0,0,0,0,1,0
58477767,,,,,,0,0.09,0.19,0,0,0,0,0,0,0,0,0,2
38723936,,,,,,0,1.03,2.82,0,0,0,0,0,0,0,0,0,1
45869829,,,,,,0,0.04,0.07,0,0,0,0,0,0,0,0,0,1
49479374,,,,,,0,0.06,0.06,0,0,0,0,0,0,0,0,0,1
31443476,,,,,,0,0.02,0.12,0,0,0,0,0,0,0,0,0,1
10086952,,,,,,0,0.0,0.0,0,0,0,0,0,0,0,0,0,1
11287364,1000.0,800.0,3.0,,,0,0.16,0.16,0,0,0,0,0,0,0,0,0,0
20932152,700.0,1400.0,5.0,,,0,0.09,0.21,0,0,0,0,0,0,0,0,0,0
31980955,,,,,,0,0.21,0.35,0,0,0,0,0,0,0,0,0,1
27980138,,,,,,0,0.04,0.15,0,0,0,0,0,0,0,0,0,1
23571046,800.0,800.0,2.0,,,0,0.05,0.08,0,0,0,0,0,0,0,1,0,0
84433295,4500.0,4500.0,12.0,,,0,0.18,0.34,1,0,1,0,0,0,0,0,0,0
37318031,,,,,,0,0.06,0.07,0,0,0,0,0,0,0,0,0,1
73783043,1500.0,1900.0,4.0,,,0,0.26,0.18,0,0,0,0,0,0,0,1,0,0
65149697,800.0,800.0,2.0,,,0,0.52,0.42,0,0,0,0,0,0,0,1,0,0
1533292,1000.0,200.0,3.0,,,0,0.37,0.47,0,0,0,0,0,0,0,1,0,0
10178757,300.0,300.0,1.0,,,0,0.14,0.2,0,0,0,0,0,0,0,0,0,0
32744558,200.0,100.0,2.0,,,0,0.23,0.23,0,0,0,0,0,0,0,0,0,0
6256844,1500.0,1300.0,4.0,,,0,0.48,0.75,0,0,0,0,0,0,0,1,0,0
61052897,600.0,600.0,2.0,,,0,0.09,0.1,0,0,0,0,0,0,0,0,0,0
46572756,1800.0,1400.0,4.0,,,0,0.14,0.09,0,0,0,0,0,0,0,1,0,0
34568783,1700.0,1100.0,4.0,,,0,0.08,0.09,0,0,0,0,0,0,0,1,0,0
78710386,,,,,,0,0.22,0.27,0,0,0,0,0,0,0,0,0,1
33438265,700.0,700.0,4.0,,,0,0.22,0.29,0,0,0,0,0,0,0,1,0,0
6043161,500.0,500.0,3.0,,,0,0.11,0.28,0,0,0,0,0,0,0,1,0,0
44573911,1500.0,1500.0,8.0,,,0,0.13,0.24,0,0,0,0,0,0,0,1,0,0
17188206,1400.0,1400.0,7.0,,,0,0.09,0.2,0,0,0,0,0,0,0,1,0,0
81794107,1200.0,1200.0,6.0,,,0,0.24,0.33,0,0,0,0,0,0,0,1,0,0
43450363,,,,,,0,0.12,0.21,0,0,0,0,0,0,0,0,0,2
79859067,,,,,,0,0.11,0.21,0,0,0,0,0,0,0,0,0,2
16066654,,,,,,0,0.16,0.17,0,0,0,0,0,0,0,0,0,1
80071619,1500.0,,,3.0,,3,0.32,0.52,1,0,0,0,0,0,1,0,0,0
5109321,,,,,,0,2.04,1.65,0,0,0,0,0,0,0,0,0,1
32216688,1500.0,,,3.0,,3,0.53,0.84,1,0,0,0,0,0,1,0,0,0
6821579,500.0,,,2.0,,2,0.61,1.12,1,0,0,0,0,0,1,0,0,0
79436874,1000.0,1000.0,5.0,,,0,0.12,0.26,0,0,0,0,0,0,0,1,0,0
74875003,1100.0,600.0,4.0,,,0,0.07,0.15,0,0,0,0,0,0,0,1,0,0
30163008,2200.0,,,3.0,,3,0.13,0.18,1,0,0,0,0,0,1,0,0,0
94905343,2000.0,1700.0,6.0,,,0,0.15,0.13,1,0,1,0,0,0,0,0,0,0
95788410,2950.0,2900.0,8.0,,,0,0.07,0.04,0,0,0,0,0,0,0,0,1,0
28674153,,,,,,0,0.0,0.0,0,0,0,0,0,0,0,0,0,4
28674152,2800.0,2500.0,7.0,,,0,0.17,0.21,0,0,0,0,0,0,0,1,0,0
86310763,,,,,,0,0.11,0.1,0,0,0,0,0,0,0,0,0,2
84177693,1000.0,2000.0,4.0,,,0,0.2,0.21,0,0,0,0,0,0,0,1,0,0
21481146,,,,,,0,0.22,0.38,0,0,0,0,0,0,0,0,0,2
12624008,2000.0,1500.0,7.0,,,0,0.14,0.14,0,0,0,0,0,0,0,1,0,0
25940932,,,,,,0,0.09,0.11,0,0,0,0,0,0,0,0,0,1
67115133,,,,,,0,3.66,4.42,0,0,0,0,0,0,0,0,0,1
54143349,1300.0,800.0,3.0,,,0,1.69,2.66,0,0,0,0,0,0,0,1,0,0
85315450,3000.0,0.0,9.0,,,0,0.14,0.15,0,0,0,0,0,0,0,1,0,0
16922142,2200.0,1200.0,6.0,,,0,6.74,7.02,0,0,0,0,0,0,0,1,0,0
53813120,,,,,,0,0.04,0.1,0,0,0,0,0,0,0,0,0,2
94103142,,,,,,0,0.03,0.15,0,0,0,0,0,0,0,0,0,1
27755794,500.0,1500.0,3.0,,,0,0.33,0.25,0,0,0,0,0,0,0,1,0,0
80538047,1600.0,400.0,3.0,,,0,9.44,16.53,0,0,0,0,0,0,0,1,0,0
39341885,0.0,,,2.0,,2,0.97,0.94,1,0,0,0,0,0,1,0,0,0
53927851,0.0,3000.0,9.0,,,0,0.26,0.26,0,0,0,0,0,0,0,1,0,0
20508881,,,,,,0,0.75,0.65,0,0,0,0,0,0,0,0,0,1
70856343,1600.0,800.0,4.0,,,0,0.02,0.09,0,0,0,0,0,0,0,1,0,0
6483224,1400.0,1200.0,4.0,,,0,0.11,0.16,0,0,0,0,0,0,0,1,0,0
38916526,2800.0,2200.0,8.0,,,0,0.55,1.54,0,0,0,0,0,0,0,1,0,0
31440542,300.0,900.0,2.0,,,0,0.21,0.41,0,0,0,0,0,0,0,1,0,0
82685480,,,,,,0,0.1,0.15,0,0,0,0,0,0,0,0,0,1
73778008,0.0,0.0,5.0,,,0,0.25,0.13,0,0,0,0,0,0,0,1,0,0
33955120,1600.0,2400.0,6.0,,,0,2.79,3.91,1,0,0,0,1,0,0,0,0,0
29432790,,,,,,0,0.76,0.79,0,0,0,0,0,0,0,0,0,1
24461358,,,,,,0,4.94,3.23,0,0,0,0,0,0,0,0,0,1
23639291,,,,,,0,0.08,0.09,0,0,0,0,0,0,0,0,0,2
50957346,2000.0,1500.0,7.0,,,0,0.13,0.1,0,0,0,0,0,0,0,1,0,0
56524813,800.0,1500.0,4.0,,,0,0.14,0.24,0,0,0,0,0,0,0,1,0,0
90810762,100.0,200.0,3.0,,,0,0.1,0.15,0,0,0,0,0,0,0,1,0,0
95507060,,,,,,0,0.15,0.16,0,0,0,0,0,0,0,0,0,1
8836329,2800.0,2800.0,9.0,,,0,0.08,0.15,0,0,0,1,0,0,0,1,0,0
52543404,0.0,2300.0,4.0,,,0,0.07,0.14,0,0,0,0,0,0,0,1,0,0
4841383,,,,,,0,0.17,0.2,0,0,0,0,0,0,0,0,0,1
6908161,2900.0,,,4.0,,4,0.11,0.16,1,0,0,0,0,0,1,0,0,0
89824842,,,,,,0,0.08,0.13,0,0,0,0,0,0,0,0,0,2
70514456,2300.0,,,3.0,,3,0.08,0.14,1,0,0,0,0,0,1,0,0,0
26548709,1500.0,0.0,3.0,,,0,0.08,0.17,0,0,0,0,0,0,0,1,0,0
75352507,2600.0,,,3.0,,3,0.15,0.13,1,0,0,0,0,0,1,0,0,0
43129357,1600.0,,,2.0,,2,0.1,0.15,1,0,0,0,0,0,1,0,0,0
42307760,3300.0,,,5.0,,5,0.02,0.25,1,0,0,0,0,0,1,0,0,0
99153051,0.0,0.0,1.0,,,0,0.19,0.23,0,0,0,0,0,0,0,1,0,0
97262307,1800.0,0.0,4.0,,,0,0.12,0.2,0,0,0,0,0,0,0,1,0,0
77573354,,,,,,0,0.06,0.14,0,0,0,0,0,0,0,0,0,2
53904087,1400.0,,,2.0,,2,0.09,0.22,1,0,0,0,0,0,1,0,0,0
32548318,,,,,,0,0.22,0.33,0,0,0,0,0,0,0,0,0,1
31173519,1200.0,1400.0,3.0,,,0,0.04,0.11,0,0,0,0,0,0,0,1,0,0
37829468,-1.0,1000.0,4.0,,,0,0.18,0.2,0,0,0,0,0,0,0,1,0,0
63223467,1400.0,1200.0,3.0,,,0,0.62,0.83,0,0,0,0,0,0,0,1,0,0
77558536,1700.0,1000.0,4.0,,,0,0.14,0.2,0,0,0,0,0,0,0,0,0,0
28781003,2000.0,0.0,4.0,,,0,0.07,0.13,1,0,0,0,0,1,0,0,0,0
87091930,,,,,,0,0.07,0.14,0,0,0,0,0,0,0,0,0,2
52159691,0.0,2000.0,4.0,,,0,0.14,0.34,0,0,0,0,0,0,0,1,0,0
96157835,2500.0,2000.0,7.0,,,0,6.88,7.63,1,0,0,0,0,1,0,0,0,0
10194329,1700.0,100.0,4.0,,,0,0.09,0.12,0,0,0,0,0,0,0,1,0,0
96592102,1000.0,1000.0,4.0,,,0,0.18,0.2,1,0,0,0,0,1,0,0,0,0
45533023,1000.0,2000.0,5.0,,,0,0.43,0.43,1,0,0,0,0,1,0,0,0,0
25191307,300.0,1900.0,4.0,,,0,0.14,0.24,0,0,0,0,0,0,0,1,0,0
73977033,100.0,1700.0,4.0,,,0,0.06,0.13,0,0,0,0,0,0,0,1,0,0
8617563,2000.0,2500.0,5.0,,,0,0.41,0.34,1,0,0,0,0,1,0,0,0,0
50692511,,,,,,0,0.19,0.26,0,0,0,0,0,0,0,0,0,1
52323874,1000.0,0.0,3.0,,,0,0.22,0.42,1,0,0,0,0,1,0,0,0,0
43047672,3800.0,2800.0,12.0,,,0,0.1,0.13,1,0,0,0,0,1,0,0,0,0
73347079,100.0,2000.0,4.0,,,0,0.15,0.27,1,0,0,0,0,1,0,0,0,0
5929801,500.0,1500.0,4.0,,,0,0.27,0.21,0,0,0,0,0,0,0,1,0,0
13927359,,,,,,0,0.06,0.11,0,0,0,0,0,0,0,0,0,2
51933043,700.0,700.0,3.0,,,0,0.1,0.23,0,0,0,0,0,0,0,1,0,0
97219708,100.0,100.0,1.0,,,0,0.17,0.24,0,0,0,0,0,0,0,1,0,0
96345188,1100.0,1900.0,4.0,,,0,0.13,0.2,0,0,0,0,0,0,0,1,0,0
60508057,1000.0,1000.0,4.0,,,0,0.06,0.15,0,0,0,0,0,0,0,1,0,0
51814159,1000.0,1600.0,4.0,,,0,0.29,0.43,0,0,0,0,0,0,0,1,0,0
8559793,,,,,,0,0.08,0.08,0,0,0,0,0,0,0,0,0,1
99707692,1600.0,500.0,4.0,,,0,0.07,0.18,0,0,0,0,0,0,0,1,0,0
46589034,100.0,100.0,1.0,,,0,0.14,0.18,0,0,0,0,0,0,0,1,0,0
21648584,,,,,,0,0.07,0.09,0,0,0,0,0,0,0,0,0,2
30500113,,,,,,0,0.08,0.1,0,0,0,0,0,0,0,0,0,2
81927732,2000.0,3000.0,6.0,,,0,0.19,0.17,1,0,0,0,0,1,0,0,0,0
79985120,2000.0,3000.0,6.0,,,0,0.02,0.41,1,0,0,0,0,1,0,0,0,0
73887236,100.0,2000.0,4.0,,,0,0.07,0.13,1,0,0,0,0,1,0,0,0,0
71222868,4000.0,3500.0,13.0,,,0,5.13,13.35,1,0,0,0,0,1,0,0,0,0
64049553,,,,,,0,0.11,0.1,0,0,0,0,0,0,0,0,0,1
6552938,0.0,1600.0,4.0,,,0,0.04,0.17,0,0,0,0,0,0,0,1,0,0
23603403,3000.0,2000.0,8.0,,,0,0.11,0.24,1,0,0,0,0,1,0,0,0,0
60950180,1700.0,1000.0,4.0,,,0,0.06,0.09,0,0,0,0,0,0,0,1,0,0
31314549,100.0,100.0,4.0,,,0,0.09,0.12,0,0,0,0,0,0,0,1,0,0
45184165,1000.0,500.0,3.0,,,0,0.1,0.13,0,0,0,0,0,0,0,1,0,0
15092394,2000.0,2000.0,5.0,,,0,0.24,0.32,1,0,0,0,0,1,0,0,0,0
87321742,1600.0,1100.0,4.0,,,0,4.2,2.11,0,0,0,0,0,0,0,1,0,0
83236601,1800.0,400.0,4.0,,,0,0.13,0.54,0,0,0,0,0,0,0,1,0,0
86221741,3500.0,2000.0,10.0,,,0,0.29,0.25,1,0,0,0,0,1,0,0,0,0
53251824,1300.0,1600.0,4.0,,,0,0.07,0.24,0,0,0,0,0,0,0,1,0,0
8785161,1600.0,2000.0,6.0,,,0,0.05,0.12,0,0,0,0,0,0,0,1,0,0
36429703,1400.0,,,2.0,,2,0.17,0.3,1,0,0,0,0,0,1,0,0,0
54423935,,,,,,0,0.99,2.16,0,0,0,0,0,0,0,0,0,2
13486638,,,,,,0,0.12,0.28,0,0,0,0,0,0,0,0,0,2
12580477,,,,,,0,0.16,0.19,0,0,0,0,0,0,0,0,0,1
11741041,,,,,,0,0.15,0.22,0,0,0,0,0,0,0,0,0,2
4178474,,,,,,0,0.76,0.17,0,0,0,0,0,0,0,0,0,2
99991455,3000.0,2200.0,10.0,,,0,0.09,0.15,1,0,1,0,0,0,0,0,0,0
56260110,,,,,,0,2.25,31.15,0,0,0,0,0,0,0,0,0,1
95568112,0.0,0.0,7.0,,8.0,0,0.02,0.09,0,1,0,0,0,0,0,1,0,0
94467314,,,,,,0,0.03,0.11,0,0,0,0,0,0,0,0,0,2
66719324,,,,,,0,0.02,0.12,0,0,0,0,0,0,0,0,0,1
45653036,,,,,,0,0.03,0.14,0,0,0,0,0,0,0,0,0,2
63945693,,,,,,0,0.18,0.13,0,0,0,0,0,0,0,0,0,1
32236916,,,,,,0,0.32,0.32,0,0,0,0,0,0,0,0,0,1
5611760,,,,,,0,1.82,0.69,0,0,0,0,0,0,0,0,0,2
10938846,,,,,,0,0.2,0.2,0,0,0,0,0,0,0,0,0,1
300302038,,,,,,0,0.0,0.06,0,0,0,0,0,0,0,0,0,3
79407975,4000.0,0.0,10.0,,,0,0.02,0.08,0,0,0,0,0,0,0,1,0,0
79856792,4000.0,0.0,10.0,,,0,0.11,0.1,0,0,0,0,0,0,0,1,0,0
21347810,400.0,500.0,2.0,,,0,0.05,0.14,0,0,0,0,0,0,0,1,0,0
63806265,,,,,,0,0.12,0.08,0,0,0,0,0,0,0,0,0,2
2830693,100.0,100.0,1.0,,,0,0.29,0.75,0,0,0,0,0,0,0,1,0,0
34002992,,,,,,0,0.17,0.32,0,0,0,0,0,0,0,0,0,2
29402771,1550.0,1700.0,5.0,,,0,0.0,0.0,0,0,0,0,0,0,0,0,1,0
86346643,4500.0,3000.0,10.0,,,0,0.71,0.35,1,0,1,0,0,0,0,0,0,0
37440988,4000.0,0.0,12.0,,,0,0.13,0.12,1,0,1,0,0,0,0,0,0,0
7617253,,,,,,0,0.09,0.13,0,0,0,0,0,0,0,0,0,2
40854824,,,,,,0,0.04,0.06,0,0,0,0,0,0,0,0,0,1
12735388,,,,,,0,0.09,0.19,0,0,0,0,0,0,0,0,0,1
51267887,,,,,,0,0.03,0.1,0,0,0,0,0,0,0,0,0,1
74212164,2800.0,1400.0,7.0,,,0,0.0,0.0,0,0,0,0,0,0,0,1,0,0
11333460,1400.0,1400.0,7.0,,,0,0.0,0.0,0,0,0,0,0,0,0,1,0,0
9484285,1400.0,2800.0,7.0,,,0,0.0,0.0,1,0,0,0,0,1,0,0,0,0
10611873,2800.0,700.0,7.0,,,0,0.0,0.0,0,0,0,0,0,0,0,1,0,0
47605577,700.0,1400.0,7.0,,,0,0.0,0.0,0,0,0,0,0,0,0,1,0,0
47828069,700.0,2100.0,7.0,,,0,0.0,0.0,0,0,0,0,0,0,0,1,0,0
69327790,2800.0,1000.0,8.0,,,0,0.37,0.26,0,0,0,0,0,0,0,1,0,0
73125233,2400.0,1000.0,6.0,,,0,0.45,0.41,0,0,0,0,0,0,0,1,0,0
41382147,800.0,800.0,3.0,,,0,0.15,0.11,0,0,0,0,0,0,0,1,0,0
9190563,1800.0,1000.0,4.0,,,0,0.07,0.11,0,0,0,0,0,0,0,1,0,0
3784434,1500.0,1500.0,3.0,,,0,0.2,0.15,0,0,0,0,0,0,0,1,0,0
82197831,2400.0,2100.0,7.0,,,0,0.05,0.05,1,0,0,0,1,0,0,0,0,0
71345905,,,,,,0,0.11,0.2,0,0,0,0,0,0,0,0,0,1
57734012,,,,,,0,0.1,0.15,0,0,0,0,0,0,0,0,0,1
96142517,,,,,,0,0.05,0.22,0,0,0,0,0,0,0,0,0,1
94220427,,,,,,0,0.17,0.13,0,0,0,0,0,0,0,0,0,1
45950291,,,,,,0,0.09,0.13,0,0,0,0,0,0,0,0,0,1
47660516,,,,,,0,0.05,0.19,0,0,0,0,0,0,0,0,0,1
47882565,,,,,,0,0.06,0.14,0,0,0,0,0,0,0,0,0,1
86196216,,,,,,0,0.52,0.52,0,0,0,0,0,0,0,0,0,1
92365601,,,,,,0,0.46,0.39,0,0,0,0,0,0,0,0,0,1
32044231,,,,,,0,0.19,0.09,0,0,0,0,0,0,0,0,0,1
48333324,,,,,,0,1.01,0.78,0,0,0,0,0,0,0,0,0,1
33252803,,,,,,0,0.12,0.25,0,0,0,0,0,0,0,0,0,1
41201386,,,,,,0,0.45,0.83,0,0,0,0,0,0,0,0,0,1
43383478,,,,,,0,0.11,0.11,0,0,0,0,0,0,0,0,0,1
43476205,,,,,,0,1.24,0.44,0,0,0,0,0,0,0,0,0,1
58988903,,,,,,0,0.21,0.37,0,0,0,0,0,0,0,0,0,1
23581825,,,,,,0,2.23,0.66,0,0,0,0,0,0,0,0,0,1
36224040,,,,,,0,0.12,0.15,0,0,0,0,0,0,0,0,0,1
44680819,1500.0,200.0,4.0,,,0,0.03,0.04,0,0,0,0,0,0,0,1,0,0
60222213,0.0,0.0,10.0,,,0,1.72,1.5,0,0,0,0,0,0,0,1,0,0
67526112,,,,,,0,0.14,0.42,0,0,0,0,0,0,0,0,0,1
255998,1200.0,200.0,4.0,,,0,0.06,0.29,0,0,0,0,0,0,0,1,0,0
6337436,1600.0,1200.0,4.0,,,0,0.22,0.44,0,0,0,0,0,0,0,1,0,0
94681654,,,,,,0,0.09,0.14,0,0,0,0,0,0,0,0,0,1
66994718,,,,,,0,0.05,0.08,0,0,0,0,0,0,0,0,0,2
87609391,,,,,,0,0.09,0.11,0,0,0,0,0,0,0,0,0,1
80516007,1500.0,1200.0,4.0,,,0,0.27,0.17,1,0,1,0,0,0,0,0,0,0
25236056,2400.0,1200.0,4.0,,,0,0.19,0.43,0,0,0,0,0,0,0,1,0,0
12503902,,,,,,0,0.04,0.1,0,0,0,0,0,0,0,0,0,2
60876124,,,,,,0,0.11,0.09,0,0,0,0,0,0,0,0,0,1
7625614,,,,,,0,0.03,0.32,0,0,0,0,0,0,0,0,0,1
18716735,0.0,0.0,1.0,,8.0,0,0.04,0.07,0,1,0,0,0,0,0,1,0,0
43378076,1500.0,1900.0,4.0,,,0,0.13,0.14,0,0,0,0,0,0,0,0,0,0
88000953,2000.0,,,4.0,,4,0.1,0.19,1,0,0,0,0,0,1,0,0,0
87188910,1000.0,1000.0,9.0,,,0,0.17,0.16,1,0,0,0,1,0,0,0,0,0
13386407,,,,,,0,0.06,0.03,0,0,0,0,0,0,0,0,0,1
69890967,4000.0,4000.0,10.0,,,0,0.06,0.48,0,0,0,0,0,0,0,1,0,0
28651380,4000.0,4000.0,10.0,,,0,0.25,0.31,0,0,0,0,0,0,0,1,0,0
85309439,1000.0,1000.0,3.0,,,0,0.04,0.12,0,0,0,0,0,0,0,0,1,0
82529174,,,,,,0,0.11,0.14,0,0,0,0,0,0,0,0,0,2
18372968,1500.0,300.0,3.0,,,0,0.11,0.22,0,0,0,0,0,0,0,1,0,0
77313225,2000.0,1600.0,6.0,,,0,0.64,0.85,1,0,0,0,1,0,0,0,0,0
58695102,700.0,300.0,1.0,,,0,0.03,0.09,0,0,0,0,0,0,0,0,0,0
85704698,,,,,,0,0.11,0.15,0,0,0,0,0,0,0,0,0,2
74694807,,,,,,0,0.07,0.14,0,0,0,0,0,0,0,0,0,1
20426907,,,,,,0,0.06,0.15,0,0,0,0,0,0,0,0,0,2
18000338,1900.0,1200.0,4.0,,,0,0.07,0.11,0,0,0,0,0,0,0,1,0,0
91020571,1800.0,1200.0,4.0,,,0,0.24,0.36,0,0,0,0,0,0,0,1,0,0
79387392,500.0,500.0,4.0,,,0,0.12,0.18,0,0,0,0,0,0,0,1,0,0
31785398,,,,,,0,0.07,0.04,0,0,0,0,0,0,0,0,0,2
63854005,,,,,,0,0.3,0.76,0,0,0,0,0,0,0,0,0,1
71771004,,,,,,0,0.17,0.22,0,0,0,0,0,0,0,0,0,1
28121403,,,,,,0,0.02,0.1,0,0,0,0,0,0,0,0,0,2
17462320,,,,,,0,0.04,0.13,0,0,0,0,0,0,0,0,0,1
54851325,,,,,,0,0.05,0.11,0,0,0,0,0,0,0,0,0,1
79698395,,,,,,0,0.16,0.23,0,0,0,0,0,0,0,0,0,1
36099620,,,,,,0,0.02,0.12,0,0,0,0,0,0,0,0,0,1
36920182,,,,,,0,0.05,0.03,0,0,0,0,0,0,0,0,0,1
60312997,,,,,,0,0.23,0.2,0,0,0,0,0,0,0,0,0,2
9560338,2000.0,1600.0,6.0,,,0,1.72,0.91,0,0,0,0,0,0,0,1,0,0
33066139,1380.0,1930.0,5.0,,,0,0.02,0.46,0,0,0,0,0,0,0,1,0,0
85684223,800.0,600.0,5.0,,,0,6.1,18.79,1,0,1,0,0,0,0,0,0,0
81954378,,,,,,0,0.04,0.16,0,0,0,0,0,0,0,0,0,1
58577036,,,,,,0,0.12,0.2,0,0,0,0,0,0,0,0,0,1
87567063,,,,,,0,0.25,0.4,0,0,0,0,0,0,0,0,0,1
45064756,,,,,,0,0.28,0.27,0,0,0,0,0,0,0,0,0,2
23459650,,,,,,0,0.23,0.38,0,0,0,0,0,0,0,0,0,1
42444868,,,,,,0,0.25,0.29,0,0,0,0,0,0,0,0,0,2
83888009,,,,,,0,0.09,0.12,0,0,0,0,0,0,0,0,0,2
85775486,,,,,,0,0.02,0.08,0,0,0,0,0,0,0,0,0,1
10028593,1700.0,600.0,4.0,,,0,0.23,0.52,0,0,0,0,0,0,0,1,0,0
23421244,1000.0,1600.0,4.0,,,0,0.14,0.16,0,0,0,0,0,0,0,1,0,0
983995,,,,,,0,0.43,0.21,0,0,0,0,0,0,0,0,0,2
4550066,1800.0,800.0,4.0,,,0,0.03,0.05,0,0,0,0,0,0,0,1,0,0
96404912,,,,,,0,0.07,0.17,0,0,0,0,0,0,0,0,0,2
73271204,,,,,,0,0.17,0.33,0,0,0,0,0,0,0,0,0,1
40551410,,,,,,0,0.06,0.08,0,0,0,0,0,0,0,0,0,2
87778106,,,,,,0,0.09,0.29,0,0,0,0,0,0,0,0,0,1
14166715,,,,,,0,0.11,0.21,0,0,0,0,0,0,0,0,0,1
37576645,,,,,,0,0.09,0.21,0,0,0,0,0,0,0,0,0,2
11596936,,,,,,0,0.08,0.17,0,0,0,0,0,0,0,0,0,2
70238111,,,,,,0,0.04,0.1,0,0,0,0,0,0,0,0,0,2
31467949,1000.0,500.0,2.0,,,0,0.16,0.32,0,0,0,0,0,0,0,1,0,0
76232522,1500.0,,0.0,2.0,,2,0.02,0.12,1,0,0,0,0,0,1,0,0,0
81191584,,,,,,0,0.11,0.17,0,0,0,0,0,0,0,0,0,1
96316857,,,,,,0,0.05,0.08,0,0,0,0,0,0,0,0,0,1
99995595,,,,,,0,0.14,0.11,0,0,0,0,0,0,0,0,0,1
65570596,1400.0,1500.0,4.0,,,0,0.05,0.11,0,0,0,0,0,0,0,0,1,0
844056,,,,,,0,0.04,0.04,0,0,0,0,0,0,0,0,0,1
71521025,0.0,0.0,1.0,,,0,0.18,0.3,0,0,0,0,0,0,0,1,0,0
41197012,,,,,,0,0.09,0.26,0,0,0,0,0,0,0,0,0,2
2542230,,,,,,0,0.58,0.3,0,0,0,0,0,0,0,0,0,2
70902743,3000.0,2000.0,8.0,,,0,0.49,1.33,1,0,0,0,1,0,0,0,0,0
92936364,,,,,,0,0.0,0.0,0,0,0,0,0,0,0,0,0,2
77336644,3500.0,2500.0,10.0,,,0,0.12,0.2,0,0,0,0,0,0,0,1,0,0
58165765,2400.0,1200.0,6.0,,,0,0.06,0.2,0,0,0,0,0,0,0,1,0,0
87614611,,,,,,0,0.14,0.35,0,0,0,0,0,0,0,0,0,1
61019812,0.0,1000.0,1.0,,,0,0.46,0.16,0,0,0,0,0,0,0,1,0,0
8372133,1600.0,0.0,4.0,,,0,0.04,0.11,0,0,0,0,0,0,0,1,0,0
86445415,1300.0,1500.0,4.0,,,0,0.03,0.09,0,0,0,0,0,0,0,1,0,0
72318602,0.0,2000.0,4.0,,,0,0.1,0.21,0,0,0,0,0,0,0,1,0,0
19636995,2000.0,1800.0,5.0,,,0,0.07,0.38,0,0,0,0,0,0,0,1,0,0
30698243,4500.0,3000.0,12.0,,,0,0.3,0.32,1,0,0,0,1,0,0,0,0,0
19299793,1700.0,300.0,3.0,,,0,1.77,2.2,0,0,0,0,0,0,0,1,0,0
38199696,,,,,,0,0.02,0.08,0,0,0,0,0,0,0,0,0,1
8706701,0.0,0.0,1.0,,,0,0.08,0.18,0,0,0,0,0,0,0,1,0,0
21142671,0.0,0.0,1.0,,,0,0.16,0.2,0,0,0,0,0,0,0,0,0,0
97489701,3500.0,3000.0,12.0,,,0,0.23,0.23,1,0,0,0,1,0,0,0,0,0
65541655,3500.0,3000.0,12.0,,,0,0.0,0.0,1,0,0,0,1,0,0,0,0,0
82323997,4000.0,3500.0,12.0,,,0,0.12,0.2,0,0,0,0,0,0,0,1,0,0
68722455,2800.0,2100.0,7.0,,,0,0.16,0.23,0,0,0,0,0,0,0,1,0,0
16001119,100.0,200.0,1.0,,,0,0.03,0.09,0,0,0,0,0,0,0,1,0,0
23002292,,,,,,0,0.08,0.14,0,0,0,0,0,0,0,0,0,2
5376159,,,,,,0,0.1,0.17,0,0,0,0,0,0,0,0,0,2
40975574,600.0,200.0,2.0,,,0,0.11,0.24,0,0,0,0,0,0,0,0,0,0
66141736,2100.0,1600.0,6.0,,,0,0.24,0.36,1,0,0,0,1,0,0,0,0,0
26118970,1000.0,1800.0,3.0,,,0,0.11,0.14,0,0,0,0,0,0,0,0,0,0
18634367,,,,,,0,0.13,0.85,0,0,0,0,0,0,0,0,0,2
81354330,1600.0,1300.0,4.0,,,0,0.08,0.1,0,0,0,0,0,0,0,1,0,0
14886469,1700.0,1200.0,4.0,,,0,0.08,0.15,0,0,0,0,0,0,0,1,0,0
99585850,4000.0,3000.0,12.0,,,0,0.32,0.51,1,0,0,0,1,0,0,0,0,0
50584941,,,,,,0,0.52,0.5,0,0,0,0,0,0,0,0,0,2
45313993,1400.0,2200.0,6.0,,,0,0.06,0.1,0,0,0,0,0,0,0,1,0,0
76547525,2400.0,2000.0,6.0,,,0,0.2,0.3,1,0,0,0,1,0,0,0,0,0
50056656,,,,,,0,0.28,0.28,0,0,0,0,0,0,0,0,0,2
18491580,2400.0,2000.0,7.0,,,0,2.08,3.9,0,0,0,0,0,0,0,1,0,0
39357122,2500.0,1200.0,6.0,,,0,0.21,0.34,0,0,0,0,0,0,0,0,0,0
58257569,1200.0,700.0,3.0,,,0,3.34,4.55,0,0,0,0,0,0,0,1,0,0
74677422,2400.0,2000.0,7.0,,,0,0.13,0.24,0,0,0,0,0,0,0,0,1,0
17242022,3400.0,3000.0,9.0,,,0,5.55,12.92,1,0,1,0,0,0,0,0,0,0
19747827,2400.0,2000.0,7.0,,,0,0.16,0.39,1,0,1,0,0,0,0,0,0,0
30079770,2400.0,2000.0,7.0,,,0,0.17,0.33,0,0,0,0,0,0,0,0,0,0
80870883,3400.0,2400.0,8.0,,,0,1.44,3.97,0,0,0,0,0,0,0,1,0,0
64335805,2800.0,2400.0,8.0,,,0,0.31,0.54,0,0,0,0,0,0,0,1,0,0
27657173,2000.0,2000.0,6.0,,,0,0.17,0.32,0,0,0,0,0,0,0,1,0,0
71782404,,,,,,0,0.21,0.59,0,0,0,0,0,0,0,0,0,2
37818794,3000.0,2500.0,8.0,,,0,1.64,2.04,1,0,1,0,0,0,0,0,0,0
96561011,2400.0,2000.0,9.0,,,0,0.24,0.44,0,0,0,0,0,0,0,1,0,0
88264978,2800.0,2400.0,10.0,,,0,0.2,0.31,0,0,0,0,0,0,0,1,0,0
57135971,,,,,,0,8.39,10.82,0,0,0,0,0,0,0,0,0,2
44405066,2800.0,2400.0,7.0,,,0,0.16,0.29,1,0,0,0,0,1,0,0,0,0
6172122,,,,,,0,0.37,0.77,0,0,0,0,0,0,0,0,0,1
92353449,,,,,,0,0.26,0.34,0,0,0,0,0,0,0,0,0,1
83711531,2400.0,2000.0,7.0,,,0,0.5,1.55,0,0,0,0,0,0,0,1,0,0
53485634,1700.0,1600.0,4.0,,,0,0.15,0.18,0,0,0,0,0,0,0,1,0,0
21140872,2800.0,2400.0,7.0,,,0,0.64,1.93,1,0,1,0,0,0,0,0,0,0
6556909,900.0,2000.0,7.0,,,0,0.17,0.36,0,0,0,0,0,0,0,1,0,0
44397496,,,,,,0,0.11,0.21,0,0,0,0,0,0,0,0,0,2
31733941,2400.0,2000.0,7.0,,,0,4.55,5.44,0,0,0,0,0,0,0,0,0,0
45410988,,,,,,0,0.15,0.31,0,0,0,0,0,0,0,0,0,1
67300516,1800.0,1600.0,4.0,,,0,1.03,1.77,0,0,0,0,0,0,0,1,0,0
5186893,2400.0,2000.0,7.0,,,0,0.25,0.86,0,0,0,0,0,0,0,1,0,0
38192988,2800.0,2400.0,10.0,,,0,0.3,1.91,1,0,0,0,1,0,0,0,0,0
28240337,2400.0,2000.0,7.0,,,0,0.21,0.76,1,0,0,0,1,0,0,0,0,0
30494314,1700.0,1000.0,4.0,,,0,0.06,0.14,0,0,0,0,0,0,0,1,0,0
68769900,1000.0,1000.0,4.0,,,0,1.04,0.3,0,0,0,0,0,0,0,1,0,0
84404797,,,,,,0,0.03,0.07,0,0,0,0,0,0,0,0,0,2
90411554,1600.0,3000.0,7.0,,,0,0.06,0.13,0,0,0,0,0,0,0,1,0,0
71353388,300.0,600.0,1.0,,,0,0.08,0.13,0,0,0,0,0,0,0,1,0,0
30276969,800.0,800.0,2.0,,,0,0.16,0.25,0,0,0,0,0,0,0,0,0,0
51023024,1500.0,1000.0,3.0,,,0,0.13,0.18,0,0,0,0,0,0,0,1,0,0
8852158,200.0,2800.0,6.0,,,0,0.0,0.0,1,0,1,0,0,0,0,0,0,0
36331074,1900.0,1400.0,5.0,,,0,0.35,0.28,0,0,0,0,0,0,0,1,0,0
2851070,1700.0,1000.0,4.0,,,0,0.14,0.3,0,0,0,0,0,0,0,1,0,0
39000945,1850.0,2700.0,7.0,,2.0,0,0.43,0.42,0,1,0,0,0,0,0,1,0,0
64881644,1600.0,800.0,4.0,,1.0,0,0.07,0.17,0,1,0,0,0,0,0,1,0,0
70821187,1800.0,1500.0,4.0,,,0,0.09,0.16,0,0,0,0,0,0,0,1,0,0
31986288,0.0,1500.0,7.0,,,0,0.23,0.14,0,0,0,0,0,0,0,1,0,0
31986289,,,,,,0,1.32,1.11,0,0,0,0,0,0,0,0,0,4
31786838,,,,,,0,3.15,4.1,0,0,0,0,0,0,0,0,0,1
95718355,2500.0,2500.0,8.0,,,0,0.2,0.24,0,0,0,0,0,0,0,1,0,0
27781371,,,,,,0,0.11,0.2,0,0,0,0,0,0,0,0,0,2
67171933,,,,,,0,0.2,0.29,0,0,0,0,0,0,0,0,0,1
95382988,,,,,,0,0.04,0.16,0,0,0,0,0,0,0,0,0,2
36672909,,,,,,0,0.04,0.15,0,0,0,0,0,0,0,0,0,1
59323650,2500.0,2500.0,8.0,,,0,0.2,0.19,0,0,0,0,0,0,0,1,0,0
22812963,2500.0,2500.0,10.0,,,0,0.28,0.31,0,0,0,0,0,0,0,1,0,0
47082621,2500.0,2500.0,10.0,,,0,0.23,0.2,0,0,0,0,0,0,0,1,0,0
22938501,2500.0,2500.0,7.0,,,0,0.48,0.75,0,0,0,0,0,0,0,1,0,0
96540807,2500.0,2500.0,7.0,,,0,0.13,0.2,0,0,0,0,0,0,0,1,0,0
79544790,,,,,,0,0.34,0.22,0,0,0,0,0,0,0,0,0,2
20210570,1700.0,1000.0,4.0,,,0,0.05,0.4,0,0,0,0,0,0,0,1,0,0
61480937,1700.0,1000.0,4.0,,,0,0.03,0.14,0,0,0,0,0,0,0,1,0,0
96228804,1700.0,1300.0,4.0,,,0,2.26,2.23,0,0,0,0,0,0,0,1,0,0
60439482,,,,,,0,0.0,0.0,0,0,0,0,0,0,0,0,0,1
41406613,3000.0,1800.0,8.0,,,0,0.47,0.45,0,0,0,0,0,0,0,1,0,0
99458769,2500.0,1800.0,7.0,,,0,0.09,0.14,0,0,0,0,0,0,0,1,0,0
57499304,,,,,,0,0.08,0.1,0,0,0,0,0,0,0,0,0,2
67803035,,,,,,0,0.0,0.0,0,0,0,0,0,0,0,0,0,1
68663427,,,,,,0,0.09,0.16,0,0,0,0,0,0,0,0,0,1
101403024,1000.0,2200.0,4.0,,,0,0.0,0.0,0,0,0,1,0,0,0,1,0,0
101403057,,,,,,0,0.0,0.0,0,0,0,0,0,0,0,0,0,1
101403026,2000.0,1300.0,4.0,,,0,0.0,0.0,0,0,0,1,0,0,0,1,0,0
101403056,,,,,,0,0.0,0.0,0,0,0,0,0,0,0,0,0,1
101403055,,,,,,0,0.0,0.0,0,0,0,0,0,0,0,0,0,1
101403076,,,,,,0,0.0,0.0,0,0,0,0,0,0,0,0,0,2
101403027,3000.0,1100.0,8.0,,,0,0.0,0.0,0,0,0,1,0,0,0,1,0,0
101403028,3300.0,1300.0,8.0,,,0,0.0,0.0,0,0,0,1,0,0,0,1,0,0
101403025,1900.0,1100.0,4.0,,,0,0.0,0.0,0,0,0,1,0,0,0,1,0,0
101403058,,,,,,0,0.0,0.0,0,0,0,0,0,0,0,0,0,1
10118318,,,,,,0,0.11,0.45,0,0,0,0,0,0,0,0,0,2
71948047,,,,,,0,0.02,0.12,0,0,0,0,0,0,0,0,0,2
80102359,1500.0,800.0,4.0,,,0,2.61,5.21,0,0,0,0,0,0,0,1,0,0
11224934,,,,,,0,0.1,0.08,0,0,0,0,0,0,0,0,0,2
32807846,,,,,,0,0.05,0.16,0,0,0,0,0,0,0,0,0,1
79371897,,,,,,0,0.08,0.14,0,0,0,0,0,0,0,0,0,1
17814387,,,,,,0,0.07,0.25,0,0,0,0,0,0,0,0,0,2
78161960,,,,,,0,0.11,0.12,0,0,0,0,0,0,0,0,0,2
74845897,,,,,,0,0.18,0.29,0,0,0,0,0,0,0,0,0,1
61434639,,,,,,0,0.11,0.16,0,0,0,0,0,0,0,0,0,1
42776960,,,,,,0,0.02,0.09,0,0,0,0,0,0,0,0,0,2
85395151,,,,,,0,0.06,0.07,0,0,0,0,0,0,0,0,0,1
26956670,,,,,,0,0.53,0.3,0,0,0,0,0,0,0,0,0,2
75417459,,,,,,0,0.08,0.17,0,0,0,0,0,0,0,0,0,1
98847704,,,,,,0,0.02,0.15,0,0,0,0,0,0,0,0,0,1
38777931,,,,,,0,0.07,0.13,0,0,0,0,0,0,0,0,0,2
37507488,,,,,,0,0.26,0.24,0,0,0,0,0,0,0,0,0,2
50185950,300.0,200.0,1.0,,,0,0.28,0.37,0,0,0,0,0,0,0,1,0,0
64631466,0.0,0.0,1.0,,,0,0.2,0.52,0,0,0,1,0,0,0,1,0,0
94259633,0.0,,0.0,1.0,,1,2.43,6.09,1,0,0,0,0,0,1,0,0,0
78063197,,,,,,0,0.5,2.22,0,0,0,0,0,0,0,0,0,1
54248491,300.0,500.0,2.0,,,0,0.2,0.13,0,0,0,0,0,0,0,1,0,0
63250533,0.0,0.0,1.0,,,0,0.0,0.0,0,0,0,1,0,0,0,1,0,0
22589918,,,,,,0,0.09,0.24,0,0,0,0,0,0,0,0,0,1
54658815,,,,,,0,0.04,0.15,0,0,0,0,0,0,0,0,0,2
61656650,,,,,,0,0.08,0.11,0,0,0,0,0,0,0,0,0,2
94739788,,,,,,0,0.1,0.45,0,0,0,0,0,0,0,0,0,2
51482758,,,,,,0,0.04,0.08,0,0,0,0,0,0,0,0,0,1
81306186,,,,,,0,0.54,0.52,0,0,0,0,0,0,0,0,0,2
60606759,100.0,2100.0,4.0,,,0,0.03,0.08,0,0,0,0,0,0,0,0,1,0
8173184,1200.0,,,1.0,,1,0.21,0.21,1,0,0,0,0,0,1,0,0,0
1665819,2500.0,2500.0,7.0,,,0,0.09,0.17,0,0,0,0,0,0,0,1,0,0
34989413,800.0,,0.0,2.0,,2,0.64,0.81,1,0,0,0,0,0,1,0,0,0
81782101,0.0,0.0,1.0,,,0,0.12,0.12,0,0,0,0,0,0,0,1,0,0
89594399,1400.0,1000.0,4.0,,,0,0.07,0.18,0,0,0,0,0,0,0,0,0,0
8602351,200.0,,,2.0,,2,0.3,0.45,1,0,0,0,0,0,1,0,0,0
43002864,0.0,2000.0,4.0,,,0,0.24,0.16,0,0,0,0,0,0,0,1,0,0
43426903,1400.0,1400.0,3.0,,,0,0.1,0.1,0,0,0,0,0,0,0,1,0,0
60634565,2100.0,1500.0,6.0,,,0,0.26,0.4,1,0,0,0,1,0,0,0,0,0
57647597,0.0,0.0,2.0,,,0,0.05,0.12,0,0,0,0,0,0,0,0,0,0
89810518,2200.0,800.0,6.0,,,0,0.19,0.21,0,0,0,0,0,0,0,1,0,0
32138660,2500.0,2800.0,8.0,,,0,0.19,0.28,1,0,0,0,1,0,0,0,0,0
79491903,0.0,0.0,1.0,,,0,0.34,0.38,0,0,0,0,0,0,0,1,0,0
42090294,200.0,0.0,2.0,,,0,0.05,0.21,0,0,0,0,0,0,0,1,0,0
90576781,,,,,,0,0.24,0.36,0,0,0,0,0,0,0,0,0,1
91580102,,,,,,0,0.06,0.13,0,0,0,0,0,0,0,0,0,1
81615450,,,,,,0,0.21,0.32,0,0,0,0,0,0,0,0,0,1
17000165,,,,,,0,0.07,0.19,0,0,0,0,0,0,0,0,0,1
16909657,1800.0,1200.0,4.0,,,0,0.26,0.17,0,0,0,0,0,0,0,1,0,0
16008155,100.0,100.0,1.0,,,0,0.06,0.14,0,0,0,0,0,0,0,1,0,0
21179143,,,,,,0,0.09,0.11,0,0,0,0,0,0,0,0,0,1
21179144,,,,,,0,0.0,0.0,0,0,0,0,0,0,0,0,0,4
16886617,2600.0,0.0,8.0,,,0,2.77,5.03,0,0,0,0,0,0,0,1,0,0
42303365,0.0,0.0,2.0,,,0,0.17,0.26,0,0,0,0,0,0,0,0,0,0
14878871,300.0,100.0,4.0,,,0,0.15,0.18,0,0,0,0,0,0,0,1,0,0
56343672,300.0,100.0,4.0,,,0,0.16,0.28,0,0,0,0,0,0,0,1,0,0
50485594,300.0,100.0,4.0,,5.0,0,0.33,0.28,0,1,0,0,0,0,0,1,0,0
99742859,300.0,100.0,4.0,,,0,0.13,0.21,0,0,0,0,0,0,0,1,0,0
63009228,1000.0,1200.0,3.0,,,0,0.02,0.18,0,0,0,0,0,0,0,1,0,0
85138716,300.0,100.0,4.0,,,0,0.07,0.14,0,0,0,0,0,0,0,1,0,0
70630741,1600.0,1700.0,4.0,,,0,0.09,0.21,0,0,0,0,0,0,0,1,0,0
65734501,1700.0,1700.0,4.0,,,0,0.1,0.2,0,0,0,0,0,0,0,1,0,0
2725599,3000.0,,,4.0,,4,0.8,0.49,1,0,0,0,0,0,1,0,0,0
64612053,2200.0,2200.0,6.0,,,0,0.08,0.13,0,0,0,0,0,0,0,1,0,0
90000652,2500.0,2500.0,7.0,,,0,0.09,0.17,0,0,0,0,0,0,0,1,0,0
63899465,,,,,,0,0.04,0.14,0,0,0,0,0,0,0,0,0,1
37617348,0.0,0.0,1.0,,,0,0.38,0.4,0,0,0,0,0,0,0,1,0,0
38339996,1500.0,1500.0,3.0,,,0,0.13,0.19,0,0,0,0,0,0,0,1,0,0
91222209,1800.0,1800.0,4.0,,,0,0.09,0.17,0,0,0,0,0,0,0,1,0,0
41443249,2800.0,2800.0,8.0,,,0,0.06,0.1,0,0,0,0,0,0,0,1,0,0
47425162,1400.0,1400.0,3.0,,,0,0.8,0.92,0,0,0,0,0,0,0,1,0,0
37495766,3000.0,3000.0,9.0,,,0,0.17,0.28,0,0,0,0,0,0,0,1,0,0
99984170,,,,,,0,0.09,0.22,0,0,0,0,0,0,0,0,0,1
24311595,1600.0,1800.0,6.0,,,0,0.08,0.09,0,0,0,0,0,0,0,1,0,0
23912837,,,,,,0,0.12,0.24,0,0,0,0,0,0,0,0,0,2
62420419,2500.0,1500.0,8.0,,,0,6.56,16.3,0,0,0,1,0,0,0,1,0,0
92610868,600.0,400.0,2.0,,7.0,0,0.07,0.15,0,1,0,0,0,0,0,1,0,0
26864586,,,,,,0,0.13,0.14,0,0,0,0,0,0,0,0,0,1
96938986,1000.0,700.0,4.0,,,0,0.12,0.19,0,0,0,0,0,0,0,1,0,0
59593925,,,,,,0,0.13,0.37,0,0,0,0,0,0,0,0,0,1
23008320,,,,,,0,0.11,0.22,0,0,0,0,0,0,0,0,0,1
8559524,,,,,,0,0.1,0.1,0,0,0,0,0,0,0,0,0,1
15576074,,,,,,0,0.08,0.03,0,0,0,0,0,0,0,0,0,1
8951260,,,,,,0,0.05,0.12,0,0,0,0,0,0,0,0,0,2
98552723,,,,,,0,0.1,0.13,0,0,0,0,0,0,0,0,0,1
74163487,1000.0,,0.0,2.0,,2,0.06,0.08,1,0,0,0,0,0,1,0,0,0
99518961,,,,,,0,0.18,0.4,0,0,0,0,0,0,0,0,0,1
49082032,,,,,,0,0.04,0.1,0,0,0,0,0,0,0,0,0,2
39399168,,,,,,0,0.34,0.21,0,0,0,0,0,0,0,0,0,1
55702233,800.0,0.0,2.0,,,0,0.06,0.11,0,0,0,0,0,0,0,0,0,0
46502744,1400.0,1400.0,4.0,,,0,0.45,0.52,0,0,0,0,0,0,0,1,0,0
22747316,,,,,,0,1.74,1.41,0,0,0,0,0,0,0,0,0,2
47247413,,,,,,0,0.12,0.07,0,0,0,0,0,0,0,0,0,2
27174286,,,,,,0,0.83,1.48,0,0,0,0,0,0,0,0,0,2
19827717,,,,,,0,0.1,0.2,0,0,0,0,0,0,0,0,0,1
6853254,,,,,,0,0.2,0.31,0,0,0,0,0,0,0,0,0,1
97227123,,,,,,0,0.09,0.11,0,0,0,0,0,0,0,0,0,1
61466310,,,,,,0,1.6,0.95,0,0,0,0,0,0,0,0,0,1
39387565,,,,,,0,0.07,0.23,0,0,0,0,0,0,0,0,0,2
46874015,,,,,,0,0.05,0.1,0,0,0,0,0,0,0,0,0,2
91742238,,,,,,0,0.35,0.99,0,0,0,0,0,0,0,0,0,2
10537981,,,,,,0,0.26,0.45,0,0,0,0,0,0,0,0,0,2
3072077,1000.0,1600.0,4.0,,,0,0.04,0.37,0,0,0,0,0,0,0,1,0,0
29927283,400.0,1200.0,1.0,,,0,0.18,0.69,0,0,0,0,0,0,0,1,0,0
24892828,500.0,500.0,2.0,,,0,0.08,0.12,0,0,0,0,0,0,0,1,0,0
18319762,1700.0,1000.0,4.0,,,0,0.13,0.13,0,0,0,0,0,0,0,1,0,0
42104806,,,,,,0,0.05,0.14,0,0,0,0,0,0,0,0,0,1
7986397,,,,,,0,0.08,0.2,0,0,0,0,0,0,0,0,0,1
34093683,3000.0,0.0,8.0,,,0,0.13,0.18,0,0,0,1,0,0,0,1,0,0
94666032,,,,,,0,0.13,0.34,0,0,0,0,0,0,0,0,0,1
4388680,2400.0,0.0,6.0,,,0,0.3,0.39,0,0,0,1,0,0,0,1,0,0
26116996,,,,,,0,0.11,0.28,0,0,0,0,0,0,0,0,0,2
51686645,,,,,,0,0.19,0.26,0,0,0,0,0,0,0,0,0,2
2606417,,,,,,0,0.13,0.25,0,0,0,0,0,0,0,0,0,2
36690018,,,,,,0,0.02,0.11,0,0,0,0,0,0,0,0,0,2
5990062,,,,,,0,0.5,0.84,0,0,0,0,0,0,0,0,0,1
94950218,,,,,,0,0.08,0.15,0,0,0,0,0,0,0,0,0,1
90640901,1500.0,0.0,4.0,,,0,0.06,0.11,0,0,0,0,0,0,0,1,0,0
94156050,,,,,,0,0.06,0.12,0,0,0,0,0,0,0,0,0,2
67248304,800.0,900.0,3.0,,,0,0.02,0.07,0,0,0,0,0,0,0,1,0,0
18302224,,,,,,0,0.15,0.1,0,0,0,0,0,0,0,0,0,1
93775296,,,,,,0,0.12,0.27,0,0,0,0,0,0,0,0,0,2
77622396,,,,,,0,0.02,0.17,0,0,0,0,0,0,0,0,0,2
45702357,1100.0,1500.0,3.0,,,0,0.02,0.07,0,0,0,0,0,0,0,1,0,0
93912845,,,,,,0,0.04,0.12,0,0,0,0,0,0,0,0,0,2
87347365,100.0,2100.0,4.0,,,0,0.45,0.29,0,0,0,0,0,0,0,1,0,0
31709826,1500.0,500.0,4.0,,,0,0.2,0.2,0,0,0,0,0,0,0,1,0,0
31066283,,,,,,0,0.27,0.44,0,0,0,0,0,0,0,0,0,1
39967326,,,,,,0,0.12,0.08,0,0,0,0,0,0,0,0,0,2
12469386,1300.0,1300.0,4.0,,,0,0.07,0.27,0,0,0,0,0,0,0,1,0,0
89226534,,,,,,0,0.12,0.25,0,0,0,0,0,0,0,0,0,1
5309481,2450.0,0.0,6.0,,,0,4.76,2.87,1,0,0,0,1,0,0,0,0,0
49469105,,,,,,0,0.2,0.25,0,0,0,0,0,0,0,0,0,1
97682931,900.0,1400.0,3.0,,,0,0.37,0.28,0,0,0,0,0,0,0,0,0,0
76136345,,,,,,0,0.25,1.41,0,0,0,0,0,0,0,0,0,1
28004531,300.0,200.0,2.0,,,0,0.09,0.36,0,0,0,0,0,0,0,1,0,0
47647354,2000.0,1200.0,5.0,,,0,0.42,0.22,0,0,0,0,0,0,0,1,0,0
1259814,,,,,,0,0.12,0.19,0,0,0,0,0,0,0,0,0,2
62403074,1200.0,1300.0,4.0,,,0,4.76,16.11,0,0,0,0,0,0,0,0,1,0
83957459,1800.0,600.0,4.0,,,0,0.04,0.11,0,0,0,0,0,0,0,1,0,0
37534148,,,,,,0,0.06,0.11,0,0,0,0,0,0,0,0,0,1
65687442,,,,,,0,12.42,15.06,0,0,0,0,0,0,0,0,0,1
14235211,500.0,200.0,1.0,,,0,0.07,0.05,0,0,0,0,0,0,0,0,0,0
70903634,200.0,300.0,1.0,,,0,0.02,3.1,0,0,0,0,0,0,0,0,1,0
8124921,200.0,300.0,1.0,,,0,0.68,2.67,0,0,0,0,0,0,0,0,1,0
11845050,1500.0,1300.0,4.0,,,0,0.08,0.13,0,0,0,0,0,0,0,1,0,0
60071928,100.0,300.0,1.0,,,0,0.18,0.81,0,0,0,0,0,0,0,0,0,0
39180960,1600.0,100.0,3.0,,,0,0.09,0.17,0,0,0,0,0,0,0,1,0,0
96162588,,,,,,0,0.15,0.29,0,0,0,0,0,0,0,0,0,1
69164989,,,,,,0,0.34,3.06,0,0,0,0,0,0,0,0,0,1
76869711,,,,,,0,0.06,0.2,0,0,0,0,0,0,0,0,0,1
71734607,0.0,0.0,1.0,,,0,0.02,0.23,0,0,0,0,0,0,0,1,0,0
132308,0.0,0.0,4.0,,,0,0.08,0.11,0,0,0,0,0,0,0,1,0,0
3828844,2000.0,2000.0,4.0,,,0,0.21,0.29,1,0,0,0,0,1,0,0,0,0
68941332,,,,,,0,0.45,0.5,0,0,0,0,0,0,0,0,0,2
32557233,,,,,,0,0.15,0.3,0,0,0,0,0,0,0,0,0,2
72498838,800.0,1800.0,4.0,,,0,0.3,1.06,0,0,0,0,0,0,0,1,0,0
74689476,1000.0,2800.0,4.0,,,0,0.21,0.35,1,0,0,0,0,1,0,0,0,0
51409648,2500.0,2000.0,8.0,,,0,0.16,0.1,1,0,1,0,0,0,0,0,0,0
19544412,,,,,,0,0.15,0.23,0,0,0,0,0,0,0,0,0,1
58641905,,,,,,0,0.08,0.14,0,0,0,0,0,0,0,0,0,1
83555666,,,,,,0,0.69,1.23,0,0,0,0,0,0,0,0,0,2
20436034,,,,,,0,0.02,0.2,0,0,0,0,0,0,0,0,0,1
30765615,100.0,1100.0,2.0,,,0,0.93,1.28,0,0,0,0,0,0,0,0,0,0
38815069,100.0,100.0,2.0,,,0,0.34,0.37,0,0,0,0,0,0,0,1,0,0
51612489,,,,,,0,0.04,0.13,0,0,0,0,0,0,0,0,0,1
56410769,1000.0,0.0,1.0,,,0,0.29,0.28,1,0,0,0,0,1,0,0,0,0
34016756,,,,,,0,0.07,0.1,0,0,0,0,0,0,0,0,0,1
70344351,,,,,,0,0.04,0.1,0,0,0,0,0,0,0,0,0,2
96661780,,,,,,0,0.14,0.27,0,0,0,0,0,0,0,0,0,1
300302017,,,,,,0,0.14,0.28,0,0,0,0,0,0,0,0,0,3
38784726,,,,,,0,0.06,0.13,0,0,0,0,0,0,0,0,0,1
16067089,,,,,,0,0.08,0.07,0,0,0,0,0,0,0,0,0,2
38044854,,,,,,0,0.32,0.32,0,0,0,0,0,0,0,0,0,1
19254117,,,,,,0,0.18,0.31,0,0,0,0,0,0,0,0,0,2
25788011,800.0,800.0,3.0,,,0,0.03,0.07,0,0,0,0,0,0,0,1,0,0
14812659,1500.0,1500.0,4.0,,,0,0.08,0.11,0,0,0,0,0,0,0,1,0,0
45103815,800.0,800.0,3.0,,2.0,0,0.06,0.11,0,1,0,0,0,0,0,0,1,0
45778932,,,,,,0,0.05,0.09,0,0,0,0,0,0,0,0,0,1
78211862,,,,,,0,0.04,0.08,0,0,0,0,0,0,0,0,0,2
66947913,,,,,,0,0.03,0.13,0,0,0,0,0,0,0,0,0,1
94807487,,,,,,0,0.06,0.16,0,0,0,0,0,0,0,0,0,1
3285551,,,,,,0,0.63,0.89,0,0,0,0,0,0,0,0,0,1
30450531,,,,,,0,0.26,0.29,0,0,0,0,0,0,0,0,0,2
57815601,,,,,,0,0.02,0.15,0,0,0,0,0,0,0,0,0,2
22501005,,,,,,0,1.37,0.8,0,0,0,0,0,0,0,0,0,1
8321183,,,,,,0,0.06,0.23,0,0,0,0,0,0,0,0,0,1
11556339,,,,,,0,0.59,0.45,0,0,0,0,0,0,0,0,0,2
14513016,200.0,1000.0,2.0,,,0,0.11,0.09,0,0,0,0,0,0,0,1,0,0
87118301,100.0,2000.0,1.0,,,0,1.81,0.86,0,0,0,0,0,0,0,1,0,0
40907115,1500.0,1000.0,3.0,,,0,1.49,0.58,0,0,0,0,0,0,0,1,0,0
57777714,1000.0,1500.0,3.0,,1.0,0,0.11,0.13,0,1,0,0,0,0,0,1,0,0
23166823,1500.0,1000.0,3.0,,7.0,0,0.18,0.17,0,1,0,0,0,0,0,1,0,0
86274272,2600.0,400.0,6.0,,,0,0.76,0.98,1,0,1,0,0,0,0,0,0,0
48063985,1400.0,1600.0,6.0,,,0,0.09,0.14,1,0,1,0,0,0,0,0,0,0
56655675,3200.0,2100.0,10.0,,,0,0.27,0.28,1,0,1,0,0,0,0,0,0,0
58811192,1800.0,,0.0,2.0,,2,0.05,0.08,1,0,0,0,0,0,1,0,0,0
69718652,2400.0,1900.0,7.0,,,0,0.2,0.34,1,0,1,0,0,0,0,0,0,0
12678870,200.0,2800.0,6.0,,,0,0.51,0.4,1,0,1,0,0,0,0,0,0,0
96113307,2600.0,,,4.0,,4,0.26,0.54,1,0,0,0,0,0,1,0,0,0
75457624,,,,,,0,0.23,0.12,0,0,0,0,0,0,0,0,0,1
54094821,,,,,,0,0.19,0.5,0,0,0,0,0,0,0,0,0,2
25796442,,,,,,0,0.25,0.2,0,0,0,0,0,0,0,0,0,1
300302002,,,,,,0,0.14,0.28,0,0,0,0,0,0,0,0,0,3
65450690,,,,,,0,0.19,0.1,0,0,0,0,0,0,0,0,0,1
300204001,,,,,,0,0.13,0.21,0,0,0,0,0,0,0,0,0,3
52913738,,,,,,0,0.08,0.13,0,0,0,0,0,0,0,0,0,1
60234913,,,,,,0,0.1,0.11,0,0,0,0,0,0,0,0,0,1
70105073,,,,,,0,0.14,0.25,0,0,0,0,0,0,0,0,0,1
34334692,300.0,300.0,1.0,,,0,0.12,0.14,0,0,0,0,0,0,0,1,0,0
95658967,,,,,,0,0.19,0.28,0,0,0,0,0,0,0,0,0,1
9145181,,,,,,0,0.05,0.08,0,0,0,0,0,0,0,0,0,2
54351224,,,,,,0,0.06,0.09,0,0,0,0,0,0,0,0,0,1
90846359,,,,,,0,0.05,0.17,0,0,0,0,0,0,0,0,0,2
71971554,1600.0,800.0,4.0,,,0,0.24,0.42,0,0,0,0,0,0,0,0,0,0
2322421,3000.0,1500.0,8.0,,,0,0.52,0.87,1,0,0,0,1,0,0,0,0,0
17725109,,,,,,0,0.29,0.29,0,0,0,0,0,0,0,0,0,1
56339050,,,,,,0,0.07,0.12,0,0,0,0,0,0,0,0,0,2
4587638,,,,,,0,0.45,0.57,0,0,0,0,0,0,0,0,0,2
19066538,2100.0,1800.0,6.0,,,0,0.1,0.22,1,0,1,0,0,0,0,0,0,0
88279736,,,,,,0,0.1,0.17,0,0,0,0,0,0,0,0,0,2
83258273,,,,,,0,0.13,0.16,0,0,0,0,0,0,0,0,0,2
92421852,450.0,900.0,3.0,,,0,0.23,0.24,0,0,0,0,0,0,0,0,1,0
38601126,1600.0,1200.0,4.0,,,0,0.06,0.24,0,0,0,0,0,0,0,1,0,0
44203504,1600.0,1800.0,4.0,,,0,0.14,0.1,0,0,0,0,0,0,0,0,1,0
38916461,900.0,450.0,3.0,,,0,0.28,0.21,0,0,0,0,0,0,0,0,1,0
28143906,2400.0,1400.0,6.0,,,0,0.07,0.08,0,0,0,0,0,0,0,1,0,0
36187051,1000.0,2000.0,4.0,,,0,0.11,0.08,0,0,0,0,0,0,0,1,0,0
20781762,,,,,,0,0.08,0.13,0,0,0,0,0,0,0,0,0,2
28168628,0.0,,,1.0,,1,3.63,6.3,1,0,0,0,0,0,1,0,0,0
68846917,800.0,1200.0,3.0,,,0,0.09,0.15,0,0,0,0,0,0,0,0,1,0
62193699,700.0,1400.0,3.0,,,0,0.0,0.0,0,0,0,0,0,0,0,0,1,0
57946551,2100.0,1600.0,5.0,,,0,0.04,0.07,0,0,0,0,0,0,0,1,0,0
82818645,1650.0,1900.0,5.0,,,0,0.0,0.0,0,0,0,0,0,0,0,0,1,0
79850798,5000.0,0.0,10.0,,,0,0.1,0.1,0,0,0,0,0,0,0,1,0,0
13317419,,,,,,0,0.05,0.11,0,0,0,0,0,0,0,0,0,2
46354113,1500.0,1300.0,4.0,,,0,0.09,0.18,1,0,1,0,0,0,0,0,0,0
53890795,1000.0,800.0,3.0,,,0,0.02,0.12,0,0,0,0,0,0,0,1,0,0
27863269,,,,,,0,0.09,0.08,0,0,0,0,0,0,0,0,0,1
30860696,1500.0,1300.0,4.0,,,0,0.04,0.08,0,0,0,0,0,0,0,1,0,0
51987572,,,,,,0,0.0,0.0,0,0,0,0,0,0,0,0,0,4
51987571,1800.0,1600.0,4.0,,,0,0.18,0.31,0,0,0,0,0,0,0,1,0,0
95515060,,,,,,0,0.19,0.31,0,0,0,0,0,0,0,0,0,1
94793422,,,,,,0,0.12,0.14,0,0,0,0,0,0,0,0,0,1
13478040,100.0,100.0,1.0,,,0,0.23,0.31,0,0,0,0,0,0,0,1,0,0
91939608,1600.0,1000.0,4.0,,,0,0.08,0.14,0,0,0,0,0,0,0,0,1,0
44640691,1500.0,200.0,3.0,,,0,0.02,0.14,0,0,0,0,0,0,0,1,0,0
53481938,1500.0,1600.0,5.0,,,0,0.0,0.0,0,0,0,0,0,0,0,1,0,0
67127799,1700.0,100.0,4.0,,,0,0.1,0.31,0,0,0,0,0,0,0,0,0,0
77189532,1700.0,300.0,4.0,,,0,0.02,0.3,0,0,0,0,0,0,0,1,0,0
98937206,1800.0,2500.0,7.0,,,0,0.09,0.14,0,0,0,0,0,0,0,1,0,0
25554552,1500.0,1500.0,4.0,,,0,4.68,4.66,0,0,0,0,0,0,0,1,0,0
5969957,0.0,2100.0,4.0,,,0,0.09,0.19,0,0,0,0,0,0,0,1,0,0
48355999,0.0,0.0,1.0,,,0,0.12,0.18,0,0,0,0,0,0,0,0,0,0
68464358,1600.0,1000.0,4.0,,,0,0.05,0.12,0,0,0,0,0,0,0,0,0,0
91597389,,,,,,0,0.03,0.1,0,0,0,0,0,0,0,0,0,2
44956694,1800.0,0.0,4.0,,,0,0.05,0.28,0,0,0,0,0,0,0,1,0,0
1357146,100.0,2000.0,2.0,,,0,0.32,0.31,0,0,0,0,0,0,0,1,0,0
48214588,,,,,,0,0.06,0.22,0,0,0,0,0,0,0,0,0,1
86028783,1000.0,800.0,3.0,,,0,0.18,0.25,0,0,0,0,0,0,0,1,0,0
300302039,,,,,,0,0.0,0.06,0,0,0,0,0,0,0,0,0,3
39004808,900.0,800.0,3.0,,,0,0.02,0.1,0,0,0,0,0,0,0,0,1,0
93382620,,,,,,0,0.08,0.18,0,0,0,0,0,0,0,0,0,2
81146288,2900.0,2400.0,8.0,,,0,0.92,0.5,0,0,0,0,0,0,0,1,0,0
51852507,1000.0,100.0,3.0,,,0,0.11,0.27,0,0,0,0,0,0,0,1,0,0
80196387,,,,,,0,0.12,0.26,0,0,0,0,0,0,0,0,0,1
25090294,,,,,,0,0.16,0.22,0,0,0,0,0,0,0,0,0,1
44125452,600.0,1200.0,3.0,,,0,0.13,0.25,0,0,0,0,0,0,0,1,0,0
29177818,800.0,600.0,3.0,,,0,0.05,0.11,0,0,0,0,0,0,0,0,0,0
89252157,800.0,800.0,1.0,,,0,0.03,0.11,0,0,0,0,0,0,0,1,0,0
96385345,1800.0,200.0,4.0,,,0,0.15,0.27,0,0,0,0,0,0,0,1,0,0
8910240,1400.0,800.0,3.0,,,0,0.04,0.06,0,0,0,0,0,0,0,1,0,0
58062306,1200.0,800.0,3.0,,,0,0.12,0.14,0,0,0,0,0,0,0,1,0,0
2752099,1700.0,200.0,4.0,,,0,0.02,0.25,0,0,0,0,0,0,0,1,0,0
32485271,2000.0,1800.0,6.0,,,0,0.07,0.2,1,0,1,0,0,0,0,0,0,0
41160533,2200.0,1200.0,6.0,,,0,0.03,0.11,0,0,0,0,0,0,0,1,0,0
71645243,,,,,,0,0.0,0.0,0,0,0,0,0,0,0,0,0,4
23087070,1600.0,1000.0,4.0,,,0,0.07,0.11,0,0,0,0,0,0,0,1,0,0
1557341,1600.0,600.0,4.0,,,0,0.86,1.24,0,0,0,0,0,0,0,0,0,0
46303688,1000.0,2000.0,4.0,,,0,0.23,0.59,0,0,0,0,0,0,0,1,0,0
36708764,,,,,,0,0.07,0.07,0,0,0,0,0,0,0,0,0,1
93708824,1600.0,1200.0,3.0,,,0,0.06,0.1,0,0,0,0,0,0,0,0,0,0
58769832,2400.0,1000.0,7.0,,,0,0.83,2.04,0,0,0,0,0,0,0,1,0,0
33950246,,,,,,0,0.2,0.44,0,0,0,0,0,0,0,0,0,2
51452091,,,,,,0,0.41,0.53,0,0,0,0,0,0,0,0,0,2
54040221,1700.0,1200.0,4.0,,,0,0.08,0.14,0,0,0,0,0,0,0,1,0,0
300101004,,,,,,0,0.42,0.6,0,0,0,0,0,0,0,0,0,3
39239728,1900.0,2200.0,6.0,,,0,0.0,0.0,0,0,0,0,0,0,0,0,1,0
16509093,1600.0,1700.0,4.0,,,0,0.14,0.11,0,0,0,0,0,0,0,1,0,0
68280530,1300.0,800.0,3.0,,,0,0.18,0.15,0,0,0,0,0,0,0,1,0,0
66661678,2000.0,2000.0,5.0,,,0,0.17,0.19,0,0,0,0,0,0,0,1,0,0
70791313,0.0,2000.0,4.0,,,0,0.13,0.37,0,0,0,0,0,0,0,1,0,0
93016201,,,,,,0,9.64,9.0,0,0,0,0,0,0,0,0,0,2
80893872,,,,,,0,0.18,0.31,0,0,0,0,0,0,0,0,0,1
26586849,,,,,,0,0.05,0.15,0,0,0,0,0,0,0,0,0,2
74289646,600.0,600.0,1.0,,,0,0.07,0.1,0,0,0,0,0,0,0,1,0,0
58415502,,,,,,0,0.1,0.33,0,0,0,0,0,0,0,0,0,1
11020863,2400.0,1350.0,6.0,,,0,0.16,0.36,0,0,0,0,0,0,0,1,0,0
56058888,,,,,,0,0.17,0.24,0,0,0,0,0,0,0,0,0,2
37953640,1700.0,1200.0,4.0,,,0,1.71,2.8,0,0,0,0,0,0,0,0,0,0
72405967,,,,,,0,2.84,1.74,0,0,0,0,0,0,0,0,0,1
86742443,,,,,,0,0.12,0.11,0,0,0,0,0,0,0,0,0,2
734741,100.0,2100.0,3.0,,,0,0.47,0.89,0,0,0,0,0,0,0,0,0,0
6906306,2700.0,1600.0,9.0,,,0,0.03,0.08,1,0,0,0,0,1,0,0,0,0
24779554,800.0,1500.0,4.0,,,0,0.11,0.18,0,0,0,0,0,0,0,0,0,0
40139997,3200.0,2400.0,10.0,,,0,0.17,0.16,1,0,0,0,1,0,0,0,0,0
29107423,800.0,1700.0,1.0,,,0,0.07,0.09,0,0,0,0,0,0,0,0,0,0
26378150,1800.0,1600.0,5.0,,,0,0.02,0.91,0,0,0,0,0,0,0,0,1,0
24919805,1800.0,1000.0,4.0,,,0,0.09,0.17,0,0,0,0,0,0,0,1,0,0
50139096,1700.0,1000.0,4.0,,,0,0.04,0.19,0,0,0,1,0,0,0,1,0,0
46427957,2300.0,2000.0,8.0,,,0,0.94,0.42,0,0,0,1,0,0,0,1,0,0
13518809,2900.0,3000.0,10.0,,,0,0.15,0.25,0,0,0,1,0,0,0,1,0,0
69868555,,,,,,0,0.07,0.18,0,0,0,0,0,0,0,0,0,1
3739500,3000.0,2900.0,10.0,,,0,1.46,1.84,0,0,0,1,0,0,0,1,0,0
83831356,,,,,,0,0.04,0.12,0,0,0,0,0,0,0,0,0,1
1516510,3000.0,2000.0,8.0,,,0,0.18,0.4,1,0,1,0,0,0,0,0,0,0
29595202,,,,,,0,0.11,0.15,0,0,0,0,0,0,0,0,0,1
94445733,,,,,,0,0.47,0.34,0,0,0,0,0,0,0,0,0,1
66712905,,,,,,0,0.08,0.14,0,0,0,0,0,0,0,0,0,1
68957034,,,,,,0,0.52,0.34,0,0,0,0,0,0,0,0,0,1
92107604,,,,,,0,0.41,0.64,0,0,0,0,0,0,0,0,0,1
30430448,,,,,,0,0.64,0.33,0,0,0,0,0,0,0,0,0,1
20618850,,,,,,0,0.09,0.19,0,0,0,0,0,0,0,0,0,1
67835547,,,,,,0,0.14,0.19,0,0,0,0,0,0,0,0,0,1
93229151,,,,,,0,0.1,0.17,0,0,0,0,0,0,0,0,0,1
31562086,,,,,,0,2.92,2.86,0,0,0,0,0,0,0,0,0,1
70046172,,,,,,0,0.08,0.08,0,0,0,0,0,0,0,0,0,1
36736723,300.0,1200.0,2.0,,,0,0.07,0.14,0,0,0,0,0,0,0,1,0,0
3434362,2100.0,2100.0,5.0,,,0,0.06,0.11,0,0,0,0,0,0,0,1,0,0
73148972,,,,,,0,0.31,0.98,0,0,0,0,0,0,0,0,0,1
300302071,,,,,,0,0.0,0.07,0,0,0,0,0,0,0,0,0,3
21502796,200.0,100.0,2.0,,,0,0.23,0.25,0,0,0,0,0,0,0,1,0,0
83550869,200.0,100.0,2.0,,,0,0.09,0.3,0,0,0,0,0,0,0,1,0,0
57281778,2400.0,2000.0,6.0,,,0,0.05,0.16,0,0,0,0,0,0,0,1,0,0
63737050,2900.0,1200.0,8.0,,,0,0.04,0.06,0,0,0,0,0,0,0,1,0,0
49868263,2000.0,1200.0,6.0,,,0,3.24,3.51,1,0,1,0,0,0,0,0,0,0
90664684,,,,,,0,0.18,0.08,0,0,0,0,0,0,0,0,0,2
82661630,,,,,,0,0.12,0.1,0,0,0,0,0,0,0,0,0,1
28669235,,,,,,0,0.13,0.09,0,0,0,0,0,0,0,0,0,1
55154344,,,,,,0,0.18,0.1,0,0,0,0,0,0,0,0,0,1
29882827,,,,,,0,0.19,0.11,0,0,0,0,0,0,0,0,0,1
81549048,,,,,,0,0.18,0.09,0,0,0,0,0,0,0,0,0,2
55276522,,,,,,0,0.17,0.15,0,0,0,0,0,0,0,0,0,1
15303296,1000.0,500.0,3.0,,,0,0.1,0.69,0,0,0,0,0,0,0,0,1,0
42647539,800.0,500.0,2.0,,,0,0.11,0.09,0,0,0,0,0,0,0,1,0,0
24611934,1600.0,1200.0,4.0,,,0,0.06,0.12,0,0,0,0,0,0,0,0,1,0
2964201,2200.0,2600.0,7.0,,,0,0.05,0.11,0,0,0,0,0,0,0,0,1,0
6798031,,,,,,0,0.07,0.19,0,0,0,0,0,0,0,0,0,1
34909328,3000.0,2500.0,4.0,,,0,0.07,0.32,1,0,0,0,0,1,0,0,0,0
7511613,2500.0,2000.0,4.0,,,0,0.09,0.2,1,0,0,0,0,1,0,0,0,0
53276089,,,,,,0,0.21,0.14,0,0,0,0,0,0,0,0,0,2
33787730,,,,,,0,0.14,0.14,0,0,0,0,0,0,0,0,0,2
60394026,,,,,,0,0.11,0.15,0,0,0,0,0,0,0,0,0,1
23377425,,,,,,0,0.13,0.11,0,0,0,0,0,0,0,0,0,1
55049722,,,,,,0,1.02,2.47,0,0,0,0,0,0,0,0,0,2
65479980,1600.0,2100.0,5.0,,,0,0.07,0.15,0,0,0,0,0,0,0,1,0,0
91864689,1500.0,1300.0,4.0,,,0,0.16,0.28,0,0,0,0,0,0,0,1,0,0
21368442,2000.0,1400.0,5.0,,,0,0.9,0.36,0,0,0,0,0,0,0,1,0,0
35334193,2600.0,,,3.0,,3,0.08,0.28,1,0,0,0,0,0,1,0,0,0
27383719,2400.0,2500.0,6.0,,,0,0.1,0.16,0,0,0,0,0,0,0,1,0,0
4611341,2700.0,,,3.0,,3,0.11,0.19,1,0,0,0,0,0,1,0,0,0
67216732,1700.0,,,2.0,,2,0.12,0.2,1,0,0,0,0,0,1,0,0,0
20515672,800.0,,,1.0,,1,0.25,0.3,1,0,0,0,0,0,1,0,0,0
99199231,,,,,,0,0.07,0.12,0,0,0,0,0,0,0,0,0,1
95974848,1800.0,1000.0,4.0,,,0,0.12,0.28,0,0,0,0,0,0,0,1,0,0
58363151,2200.0,2000.0,6.0,,,0,0.67,0.64,0,0,0,0,0,0,0,1,0,0
58589739,1000.0,1500.0,3.0,,,0,0.08,0.14,0,0,0,0,0,0,0,1,0,0
22180094,800.0,1000.0,2.0,,,0,0.12,0.1,0,0,0,0,0,0,0,1,0,0
53782828,0.0,0.0,1.0,,,0,0.17,0.15,0,0,0,0,0,0,0,1,0,0
69761020,,,,,,0,0.02,0.2,0,0,0,0,0,0,0,0,0,1
19951423,1600.0,0.0,3.0,,,0,0.07,0.11,0,0,0,0,0,0,0,1,0,0
82977464,,,,,,0,0.08,0.16,0,0,0,0,0,0,0,0,0,2
11642993,,,,,,0,0.08,0.12,0,0,0,0,0,0,0,0,0,2
29301450,1600.0,,,2.0,,2,0.3,0.25,1,0,0,0,0,0,1,0,0,0
91509824,,,,,,0,0.07,0.16,0,0,0,0,0,0,0,0,0,2
46999905,1400.0,1300.0,3.0,,7.0,0,0.02,0.12,0,1,0,0,0,0,0,1,0,0
45282603,600.0,400.0,2.0,,,0,0.08,0.25,0,0,0,0,0,0,0,1,0,0
80831721,,,,,,0,0.06,0.14,0,0,0,0,0,0,0,0,0,1
49645921,2400.0,600.0,6.0,,,0,0.04,0.01,0,0,0,0,0,0,0,1,0,0
35240714,,,,,,0,0.08,0.15,0,0,0,0,0,0,0,0,0,1
44901281,,,,,,0,0.17,0.22,0,0,0,0,0,0,0,0,0,2
35037880,,,,,,0,0.13,0.26,0,0,0,0,0,0,0,0,0,1
63193879,1600.0,1200.0,4.0,,,0,0.04,0.14,0,0,0,0,0,0,0,1,0,0
11052544,,,,,,0,0.09,0.13,0,0,0,0,0,0,0,0,0,1
73787254,,,,,,0,4.62,13.0,0,0,0,0,0,0,0,0,0,1
37265642,1900.0,500.0,4.0,,,0,0.02,0.15,0,0,0,0,0,0,0,0,1,0
16261341,2800.0,2300.0,9.0,,,0,0.32,0.35,0,0,0,0,0,0,0,1,0,0
50147815,,,,,,0,0.13,0.19,0,0,0,0,0,0,0,0,0,2
38776201,,,,,,0,2.9,0.74,0,0,0,0,0,0,0,0,0,1
3441553,,,,,,0,0.13,0.27,0,0,0,0,0,0,0,0,0,1
1259915,,,,,,0,0.15,0.18,0,0,0,0,0,0,0,0,0,1
30914564,1600.0,400.0,4.0,,,0,0.1,0.22,0,0,0,0,0,0,0,1,0,0
66431519,2700.0,1700.0,8.0,,,0,0.09,0.12,0,0,0,0,0,0,0,1,0,0
10613952,2200.0,2200.0,5.0,,,0,1.43,3.72,1,0,0,0,0,1,0,0,0,0
78876707,1500.0,2500.0,4.0,,,0,0.12,0.2,1,0,0,0,0,1,0,0,0,0
61441708,2400.0,1600.0,8.0,,,0,0.15,0.19,0,0,0,0,0,0,0,1,0,0
24793135,,,,,,0,0.03,0.07,0,0,0,0,0,0,0,0,0,1
98850929,,,,,,0,0.09,0.16,0,0,0,0,0,0,0,0,0,1
44877690,1600.0,1200.0,4.0,,,0,0.05,0.18,0,0,0,0,0,0,0,0,0,0
63926180,,,,,,0,0.13,0.16,0,0,0,0,0,0,0,0,0,1
45725480,,,,,,0,0.38,0.29,0,0,0,0,0,0,0,0,0,1
9349094,2600.0,1900.0,9.0,,,0,0.08,0.15,1,0,0,0,0,1,0,0,0,0
94185340,,,,,,0,0.09,0.15,0,0,0,0,0,0,0,0,0,1
65314286,0.0,0.0,10.0,,,0,0.25,0.33,0,0,0,0,0,0,0,1,0,0
38296564,,,,,,0,0.1,0.53,0,0,0,0,0,0,0,0,0,2
10804018,2550.0,2450.0,7.0,,,0,0.04,0.15,0,0,0,1,0,0,0,1,0,0
51296484,2500.0,2400.0,6.0,,,0,1.4,1.02,0,0,0,0,0,0,0,1,0,0
56350972,2500.0,2400.0,6.0,,,0,0.18,0.18,0,0,0,1,0,0,0,1,0,0
66156348,,,,,,0,0.07,0.15,0,0,0,0,0,0,0,0,0,1
34456146,2200.0,1000.0,6.0,,,0,0.04,0.2,0,0,0,0,0,0,0,1,0,0
26669055,1400.0,1000.0,4.0,,,0,0.24,0.21,0,0,0,0,0,0,0,1,0,0
62054060,1400.0,1000.0,4.0,,,0,0.1,0.09,0,0,0,0,0,0,0,1,0,0
96795312,2400.0,200.0,5.0,,,0,0.04,0.2,0,0,0,0,0,0,0,1,0,0
22790910,500.0,2500.0,5.0,,,0,0.04,0.15,0,0,0,0,0,0,0,1,0,0
8240199,0.0,1500.0,1.0,,,0,0.1,0.19,0,0,0,0,0,0,0,0,0,0
13604200,,,,,,0,2.32,4.66,0,0,0,0,0,0,0,0,0,1
66602787,600.0,1500.0,3.0,,,0,0.11,0.21,0,0,0,0,0,0,0,0,1,0
93738004,1200.0,2400.0,5.0,,,0,0.15,0.37,0,0,0,0,0,0,0,1,0,0
36608728,2000.0,1500.0,7.0,,,0,0.0,0.0,1,0,0,0,1,0,0,0,0,0
85065943,0.0,4000.0,10.0,,,0,0.25,0.21,1,0,1,0,0,0,0,0,0,0
15130912,1100.0,1100.0,4.0,,1.0,0,0.06,0.1,0,1,0,0,0,0,0,1,0,0
67972302,400.0,900.0,4.0,,,0,0.16,0.21,0,0,0,0,0,0,0,0,0,0
47060528,2000.0,2500.0,4.0,,,0,0.13,0.23,1,0,0,0,0,1,0,0,0,0
56120475,,,,,,0,0.26,0.28,0,0,0,0,0,0,0,0,0,2
32268901,,,,,,0,0.04,0.07,0,0,0,0,0,0,0,0,0,1
9102835,,,,,,0,0.21,0.43,0,0,0,0,0,0,0,0,0,1
62091148,,,,,,0,0.22,0.41,0,0,0,0,0,0,0,0,0,2
37531679,700.0,1600.0,2.0,,,0,0.39,0.66,0,0,0,0,0,0,0,1,0,0
60303245,0.0,,,1.0,,1,0.12,0.2,1,0,0,0,0,0,1,0,0,0
14812471,500.0,,,1.0,,1,0.16,0.23,1,0,0,0,0,0,1,0,0,0
101403014,1600.0,1000.0,3.0,,,0,0.0,0.0,0,0,0,0,0,0,0,0,0,0
25166510,2800.0,1000.0,8.0,,,0,0.09,0.28,0,0,0,0,0,0,0,1,0,0
9608555,2300.0,1200.0,4.0,,,0,0.1,0.3,1,0,0,0,0,1,0,0,0,0
28534130,,,,,,0,0.04,0.09,0,0,0,0,0,0,0,0,0,1
10140443,2800.0,2000.0,8.0,,,0,0.72,0.78,1,0,0,0,1,0,0,0,0,0
83533296,,,,,,0,0.17,0.29,0,0,0,0,0,0,0,0,0,1
52155219,,,,,,0,0.04,0.08,0,0,0,0,0,0,0,0,0,1
88540324,,,,,,0,0.03,0.27,0,0,0,0,0,0,0,0,0,1
71861848,1000.0,200.0,3.0,,,0,0.13,0.25,0,0,0,0,0,0,0,1,0,0
16313112,2800.0,2000.0,8.0,,,0,0.04,0.13,0,0,0,1,0,0,0,1,0,0
20618081,1200.0,1600.0,4.0,,,0,0.06,0.12,0,0,0,0,0,0,0,1,0,0
49094491,1600.0,200.0,3.0,,,0,0.05,0.09,0,0,0,0,0,0,0,1,0,0
89662401,1800.0,200.0,4.0,,,0,0.02,0.06,0,0,0,0,0,0,0,1,0,0
86962245,1200.0,1000.0,3.0,,,0,0.06,0.12,0,0,0,0,0,0,0,1,0,0
94620082,1000.0,1200.0,3.0,,,0,0.07,0.13,0,0,0,0,0,0,0,1,0,0
26889158,1500.0,1000.0,3.0,,,0,0.04,0.14,0,0,0,0,0,0,0,1,0,0
101403063,,,,,,0,0.0,0.0,0,0,0,0,0,0,0,0,0,1
20788863,,,,,,0,0.04,0.11,0,0,0,0,0,0,0,0,0,2
41463181,2300.0,,,3.0,,3,0.05,0.1,1,0,0,0,0,0,1,0,0,0
56003780,1800.0,1200.0,4.0,,,0,0.07,0.1,0,0,0,0,0,0,0,1,0,0
101403013,300.0,2100.0,4.0,,,0,0.0,0.0,0,0,0,0,0,0,0,1,0,0
67225377,800.0,600.0,2.0,,,0,0.08,0.17,0,0,0,0,0,0,0,1,0,0
87327776,2000.0,900.0,3.0,,,0,0.15,0.12,1,0,0,0,0,1,0,0,0,0
89484053,0.0,0.0,1.0,,,0,0.07,0.19,0,0,0,0,0,0,0,1,0,0
11962031,800.0,800.0,2.0,,,0,0.61,1.02,0,0,0,0,0,0,0,1,0,0
59577547,2000.0,1000.0,5.0,,,0,0.02,0.07,0,0,0,0,0,0,0,1,0,0
31313405,2800.0,,,4.0,,4,11.2,5.61,1,0,0,0,0,0,1,0,0,0
53490455,400.0,800.0,1.0,,,0,0.07,0.34,0,0,0,0,0,0,0,1,0,0
14934922,,,,,,0,0.08,0.11,0,0,0,0,0,0,0,0,0,2
57134592,2800.0,,,4.0,,4,0.19,0.2,1,0,0,0,0,0,1,0,0,0
83554231,,,,,,0,0.02,0.15,0,0,0,0,0,0,0,0,0,1
19027895,,,,,,0,0.08,0.24,0,0,0,0,0,0,0,0,0,2
51339637,,,,,,0,0.11,0.11,0,0,0,0,0,0,0,0,0,2
1295111,,,,,,0,0.05,0.08,0,0,0,0,0,0,0,0,0,1
52277807,1000.0,1500.0,3.0,,,0,0.16,0.13,0,0,0,0,0,0,0,1,0,0
87871125,1800.0,,,2.0,,2,1.53,0.66,1,0,0,0,0,0,1,0,0,0
84755744,2000.0,500.0,5.0,,,0,0.52,0.68,0,0,0,0,0,0,0,0,0,0
54529134,,,,,,0,0.05,0.04,0,0,0,0,0,0,0,0,0,1
37261776,2800.0,2000.0,8.0,,,0,0.12,0.16,1,0,1,0,0,0,0,0,0,0
57357130,700.0,1400.0,3.0,,,0,0.73,2.0,0,0,0,0,0,0,0,0,0,0
13173832,1700.0,1000.0,4.0,,,0,0.04,0.17,0,0,0,0,0,0,0,1,0,0
44161893,1500.0,100.0,4.0,,,0,0.02,0.05,0,0,0,0,0,0,0,1,0,0
64964750,,,,,,0,0.43,0.21,0,0,0,0,0,0,0,0,0,1
2971446,,,,,,0,0.08,0.16,0,0,0,0,0,0,0,0,0,2
96947648,,,,,,0,0.02,0.22,0,0,0,0,0,0,0,0,0,1
41705642,1900.0,1600.0,5.0,,,0,0.22,0.32,0,0,0,0,0,0,0,1,0,0
62306203,2200.0,2100.0,6.0,,,0,0.1,0.1,0,0,0,0,0,0,0,1,0,0
44182827,,,,,,0,0.13,0.23,0,0,0,0,0,0,0,0,0,1
62318994,0.0,0.0,1.0,,,0,0.81,0.3,0,0,0,0,0,0,0,1,0,0
33750025,0.0,0.0,1.0,,,0,0.02,0.15,0,0,0,0,0,0,0,1,0,0
72237166,200.0,100.0,2.0,,,0,0.2,0.06,0,0,0,0,0,0,0,1,0,0
5592689,0.0,0.0,1.0,,,0,0.15,0.21,0,0,0,0,0,0,0,1,0,0
29143726,100.0,2600.0,5.0,,,0,1.5,1.13,1,0,0,0,1,0,0,0,0,0
93124273,1800.0,1200.0,4.0,,3.0,0,0.09,0.13,0,1,0,0,0,0,0,1,0,0
40509732,2600.0,1400.0,7.0,,,0,0.31,0.33,1,0,0,0,1,0,0,0,0,0
64926005,1800.0,1500.0,4.0,,,0,0.08,0.11,0,0,0,0,0,0,0,1,0,0
68989981,1700.0,0.0,4.0,,,0,0.12,0.32,0,0,0,0,0,0,0,1,0,0
14344682,1600.0,1200.0,4.0,,,0,0.55,0.61,0,0,0,0,0,0,0,1,0,0
11161666,0.0,0.0,3.0,,,0,0.93,1.13,0,0,0,0,0,0,0,1,0,0
662853,3000.0,,0.0,5.0,,5,30.89,0.0,1,0,0,0,0,0,1,0,0,0
50593156,300.0,1600.0,3.0,,,0,0.17,0.17,0,0,0,0,0,0,0,1,0,0
73648243,1000.0,2000.0,4.0,,,0,0.05,0.09,0,0,0,0,0,0,0,1,0,0
73051941,1300.0,1600.0,5.0,,,0,0.03,0.09,0,0,0,0,0,0,0,0,1,0
33015627,4000.0,4000.0,10.0,,,0,2.2,5.4,0,0,0,0,0,0,0,1,0,0
83838727,,,,,,0,0.35,0.38,0,0,0,0,0,0,0,0,0,1
25955164,2600.0,2200.0,7.0,,,0,0.06,0.19,0,0,0,0,0,0,0,1,0,0
26202165,1000.0,600.0,3.0,,,0,0.1,0.25,0,0,0,0,0,0,0,1,0,0
55484152,,,,,,0,0.05,0.1,0,0,0,0,0,0,0,0,0,1
25388971,,,,,,0,0.06,0.06,0,0,0,0,0,0,0,0,0,2
66730191,,,,,,0,0.07,0.15,0,0,0,0,0,0,0,0,0,1
30336082,,,,,,0,0.07,0.14,0,0,0,0,0,0,0,0,0,1
82570174,2600.0,2000.0,7.0,,,0,0.07,0.18,1,0,0,0,1,0,0,0,0,0
18969888,3000.0,3000.0,10.0,,,0,0.24,0.19,1,0,0,0,1,0,0,0,0,0
60627999,,,,,,0,0.05,0.05,0,0,0,0,0,0,0,0,0,2
46565218,1200.0,2500.0,6.0,,,0,0.05,1.53,0,0,0,0,0,0,0,1,0,0
53539634,2100.0,1800.0,6.0,,,0,0.09,0.31,1,0,1,0,0,0,0,0,0,0
17639150,,,,,,0,0.18,0.3,0,0,0,0,0,0,0,0,0,1
37511832,,,,,,0,0.06,0.16,0,0,0,0,0,0,0,0,0,1
1127737,,,,,,0,0.11,0.16,0,0,0,0,0,0,0,0,0,1
99801464,500.0,100.0,3.0,,,0,0.02,0.11,0,0,0,0,0,0,0,1,0,0
74997493,2800.0,,0.0,4.0,,4,0.13,0.14,1,0,0,0,0,0,1,0,0,0
11434258,,,,,,0,0.08,0.26,0,0,0,0,0,0,0,0,0,2
16222645,500.0,800.0,2.0,,,0,0.11,0.22,0,0,0,0,0,0,0,1,0,0
11760174,200.0,300.0,1.0,,,0,0.21,0.19,0,0,0,0,0,0,0,1,0,0
77379481,1000.0,1000.0,3.0,,,0,0.12,0.16,0,0,0,0,0,0,0,1,0,0
64538655,1200.0,1200.0,4.0,,,0,0.25,0.88,0,0,0,0,0,0,0,1,0,0
65056481,1400.0,1800.0,4.0,,,0,0.76,0.63,0,0,0,0,0,0,0,1,0,0
2273734,1700.0,1300.0,4.0,,,0,0.2,0.17,0,0,0,0,0,0,0,1,0,0
26057276,700.0,1900.0,4.0,,,0,0.02,0.15,0,0,0,0,0,0,0,1,0,0
86466163,1100.0,2000.0,4.0,,,0,0.07,0.16,0,0,0,0,0,0,0,1,0,0
75878039,1500.0,1000.0,4.0,,,0,0.23,0.16,0,0,0,0,0,0,0,1,0,0
99668578,1300.0,1200.0,4.0,,,0,0.09,0.16,0,0,0,0,0,0,0,1,0,0
13851202,1900.0,700.0,4.0,,,0,0.73,0.4,0,0,0,0,0,0,0,1,0,0
63274863,1600.0,900.0,4.0,,,0,0.16,0.24,0,0,0,0,0,0,0,1,0,0
18205590,,,,,,0,0.02,0.18,0,0,0,0,0,0,0,0,0,1
1050186,1800.0,1000.0,4.0,,,0,0.21,0.21,0,0,0,0,0,0,0,1,0,0
38667773,1200.0,1600.0,4.0,,,0,0.16,0.24,0,0,0,0,0,0,0,1,0,0
96223501,0.0,2100.0,4.0,,1.0,0,0.11,0.29,0,1,0,0,0,0,0,1,0,0
50400231,0.0,0.0,5.0,,,0,0.07,0.29,0,0,0,0,0,0,0,1,0,0
57458399,700.0,100.0,2.0,,,0,0.04,0.06,0,0,0,0,0,0,0,0,0,0
84664085,2500.0,2000.0,10.0,,,0,0.45,0.22,1,0,0,0,1,0,0,0,0,0
85032782,2900.0,0.0,8.0,,,0,0.1,0.1,0,0,0,0,0,0,0,1,0,0
88284599,2600.0,2800.0,7.0,,,0,0.13,0.16,0,0,0,0,0,0,0,1,0,0
4810828,2600.0,2800.0,7.0,,,0,0.08,0.12,0,0,0,1,0,0,0,1,0,0
41753322,1500.0,3000.0,8.0,,,0,0.02,0.15,0,0,0,0,0,0,0,1,0,0
32391631,,,,,,0,0.19,0.35,0,0,0,0,0,0,0,0,0,1
75198893,-1.0,-1.0,1.0,,,0,0.25,0.25,0,0,0,0,0,0,0,1,0,0
67284107,0.0,0.0,1.0,,,0,0.03,0.15,0,0,0,0,0,0,0,0,0,0
73915051,,,,,,0,0.1,0.12,0,0,0,0,0,0,0,0,0,1
1855886,2300.0,0.0,6.0,,,0,0.05,0.16,0,0,0,0,0,0,0,1,0,0
46877100,0.0,2000.0,3.0,,,0,0.05,0.16,0,0,0,0,0,0,0,1,0,0
5941982,,,,,,0,0.03,0.1,0,0,0,0,0,0,0,0,0,2
83558891,,,,,,0,0.15,0.25,0,0,0,0,0,0,0,0,0,1
83488497,0.0,1300.0,3.0,,,0,0.05,0.15,0,0,0,0,0,0,0,1,0,0
19882096,0.0,1700.0,3.0,,,0,0.05,0.11,0,0,0,0,0,0,0,1,0,0
32152870,,,,,,0,0.02,0.11,0,0,0,0,0,0,0,0,0,1
7236721,,,,,,0,0.03,0.13,0,0,0,0,0,0,0,0,0,1
78534861,0.0,2600.0,7.0,,,0,0.04,0.12,0,0,0,0,0,0,0,1,0,0
53776969,500.0,,,1.0,,1,0.52,0.46,1,0,0,0,0,0,1,0,0,0
82361809,1500.0,2100.0,4.0,,,0,0.24,0.33,0,0,0,0,0,0,0,1,0,0
79552283,,,,,,0,0.04,0.13,0,0,0,0,0,0,0,0,0,2
41619242,,,,,,0,0.02,0.11,0,0,0,0,0,0,0,0,0,1
59120809,3000.0,,,3.0,,3,0.23,0.22,1,0,0,0,0,0,1,0,0,0
95245571,,,,,,0,0.02,0.13,0,0,0,0,0,0,0,0,0,2
50215517,,,,,,0,0.17,0.54,0,0,0,0,0,0,0,0,0,1
80666118,3000.0,2500.0,8.0,,,0,0.25,0.33,1,0,0,0,1,0,0,0,0,0
84764038,800.0,2000.0,3.0,,,0,0.07,0.18,0,0,0,0,0,0,0,1,0,0
5498296,500.0,500.0,2.0,,,0,0.06,0.01,0,0,0,0,0,0,0,1,0,0
87451661,3000.0,2500.0,8.0,,,0,0.16,0.11,1,0,0,0,1,0,0,0,0,0
45298492,2100.0,1000.0,5.0,,,0,0.42,0.39,1,0,0,0,1,0,0,0,0,0
68087897,1800.0,2300.0,6.0,,,0,0.47,0.37,0,0,0,0,0,0,0,1,0,0
40597694,,,,,,0,0.07,0.13,0,0,0,0,0,0,0,0,0,1
57594700,2400.0,2000.0,6.0,,,0,0.02,0.1,1,0,1,0,0,0,0,0,0,0
18294799,2000.0,0.0,8.0,,,0,0.21,0.21,0,0,0,0,0,0,0,1,0,0
6930746,2000.0,0.0,8.0,,,0,0.15,0.41,0,0,0,0,0,0,0,1,0,0
67532912,800.0,800.0,3.0,,,0,0.06,0.14,0,0,0,0,0,0,0,0,1,0
41767843,200.0,200.0,2.0,,,0,0.09,0.13,0,0,0,0,0,0,0,1,0,0
93723936,,,,,,0,0.19,0.19,0,0,0,0,0,0,0,0,0,1
75078585,,,,,,0,0.06,0.12,0,0,0,0,0,0,0,0,0,2
83054225,,,,,,0,0.3,0.32,0,0,0,0,0,0,0,0,0,1
45815891,2700.0,1800.0,7.0,,,0,1.25,1.36,1,0,0,0,1,0,0,0,0,0
19139516,1600.0,1300.0,4.0,,,0,0.22,0.47,0,0,0,0,0,0,0,0,0,0
51555725,2100.0,700.0,6.0,,,0,0.02,0.73,0,0,0,0,0,0,0,1,0,0
56746202,1700.0,500.0,4.0,,,0,0.04,0.1,0,0,0,0,0,0,0,1,0,0
5577649,,,,,,0,0.17,0.18,0,0,0,0,0,0,0,0,0,2
76774528,2800.0,2000.0,8.0,,,0,0.22,0.23,1,0,0,0,1,0,0,0,0,0
28388296,,,,,,0,0.1,0.1,0,0,0,0,0,0,0,0,0,1
8529136,,,,,,0,0.12,0.1,0,0,0,0,0,0,0,0,0,1
91019775,,,,,,0,0.09,0.19,0,0,0,0,0,0,0,0,0,2
83135907,0.0,500.0,3.0,,,0,0.06,0.2,0,0,0,0,0,0,0,0,0,0
82012319,2300.0,1400.0,5.0,,,0,0.06,0.24,0,0,0,0,0,0,0,1,0,0
55624610,1600.0,400.0,3.0,,,0,0.16,0.17,0,0,0,0,0,0,0,1,0,0
97000273,2000.0,1000.0,4.0,,,0,0.18,0.15,0,0,0,0,0,0,0,1,0,0
22539270,,,,,,0,0.43,0.3,0,0,0,0,0,0,0,0,0,1
67038874,0.0,0.0,1.0,,,0,4.67,6.39,0,0,0,0,0,0,0,0,0,0
64550682,1700.0,1100.0,4.0,,,0,0.11,0.22,0,0,0,0,0,0,0,0,0,0
59699355,,,,,,0,0.19,0.17,0,0,0,0,0,0,0,0,0,2
80529459,1400.0,1000.0,4.0,,,0,0.06,0.2,0,0,0,0,0,0,0,0,0,0
4334811,900.0,1200.0,3.0,,,0,0.36,0.45,0,0,0,0,0,0,0,1,0,0
92901944,100.0,300.0,1.0,,,0,0.29,0.31,0,0,0,0,0,0,0,1,0,0
69155991,2100.0,0.0,4.0,,,0,0.14,0.1,0,0,0,0,0,0,0,1,0,0
74439492,,,,,,0,0.18,0.17,0,0,0,0,0,0,0,0,0,1
65503206,2100.0,700.0,5.0,,,0,0.26,0.34,0,0,0,0,0,0,0,0,0,0
16449363,700.0,100.0,1.0,,,0,0.44,0.56,0,0,0,0,0,0,0,0,0,0
50278554,3000.0,2200.0,9.0,,,0,0.11,0.29,1,0,0,0,1,0,0,0,0,0
42711820,1700.0,100.0,3.0,,,0,0.27,0.19,1,0,0,0,1,0,0,0,0,0
32761286,500.0,100.0,2.0,,,0,0.02,0.12,0,0,0,0,0,0,0,0,0,0
47363932,1700.0,,,2.0,,2,0.08,0.29,1,0,0,0,0,0,1,0,0,0
85520170,,,,,,0,0.07,0.15,0,0,0,0,0,0,0,0,0,2
98427577,,,,,,0,0.77,1.07,0,0,0,0,0,0,0,0,0,2
50947142,,,,,,0,0.09,0.09,0,0,0,0,0,0,0,0,0,2
48497555,,,,,,0,0.12,0.2,0,0,0,0,0,0,0,0,0,2
48445393,,,,,,0,0.48,0.86,0,0,0,0,0,0,0,0,0,1
1050684,,,,,,0,0.09,0.11,0,0,0,0,0,0,0,0,0,1
67100549,,,,,,0,0.04,0.09,0,0,0,0,0,0,0,0,0,2
10352095,,,,,,0,0.02,0.07,0,0,0,0,0,0,0,0,0,1
12152769,1000.0,2000.0,4.0,,,0,0.24,0.11,0,0,0,0,0,0,0,1,0,0
79205581,,,,,,0,1.38,5.04,0,0,0,0,0,0,0,0,0,2
20920083,,,,,,0,0.07,0.15,0,0,0,0,0,0,0,0,0,2
56161953,1500.0,1500.0,5.0,,,0,0.19,0.28,0,0,0,0,0,0,0,1,0,0
53309998,300.0,2100.0,3.0,,,0,0.1,0.24,0,0,0,0,0,0,0,1,0,0
76891401,2300.0,1800.0,5.0,,,0,5.68,11.52,1,0,0,0,1,0,0,0,0,0
82114013,200.0,2100.0,3.0,,7.0,0,0.09,0.11,0,1,0,0,0,0,0,0,1,0
71746462,1100.0,1300.0,4.0,,,0,6.45,17.78,0,0,0,0,0,0,0,0,1,0
23659124,2000.0,1700.0,6.0,,,0,1.89,0.0,0,0,0,0,0,0,0,0,1,0
87685879,100.0,1600.0,2.0,,,0,0.07,0.15,0,0,0,0,0,0,0,1,0,0
22842214,1300.0,1000.0,5.0,,,0,0.43,0.38,0,0,0,0,0,0,0,1,0,0
61258740,,,,,,0,0.25,0.26,0,0,0,0,0,0,0,0,0,1
96334243,2200.0,1800.0,5.0,,,0,0.28,0.27,1,0,1,0,0,0,0,0,0,0
42071342,1800.0,1500.0,4.0,,,0,0.02,0.14,0,0,0,0,0,0,0,0,1,0
19089195,,,,,,0,0.07,0.21,0,0,0,0,0,0,0,0,0,2
58203736,,,,,,0,0.18,0.25,0,0,0,0,0,0,0,0,0,1
97809599,,,,,,0,1.8,5.25,0,0,0,0,0,0,0,0,0,1
17874674,,,,,,0,0.33,0.34,0,0,0,0,0,0,0,0,0,2
20345391,1600.0,1000.0,4.0,,,0,0.2,0.2,0,0,0,0,0,0,0,1,0,0
52971944,,,,,,0,0.07,0.1,0,0,0,0,0,0,0,0,0,2
1802450,,,,,,0,0.03,0.11,0,0,0,0,0,0,0,0,0,2
42425831,,,,,,0,0.09,0.13,0,0,0,0,0,0,0,0,0,2
81443745,,,,,,0,0.05,0.1,0,0,0,0,0,0,0,0,0,2
2468169,1100.0,900.0,3.0,,,0,0.1,0.13,0,0,0,0,0,0,0,0,1,0
80885324,1600.0,1200.0,4.0,,,0,0.07,0.2,0,0,0,0,0,0,0,1,0,0
67646312,1000.0,1000.0,3.0,,,0,0.1,0.18,0,0,0,0,0,0,0,1,0,0
47658964,,,,,,0,0.21,0.23,0,0,0,0,0,0,0,0,0,1
22537443,,,,,,0,0.17,0.24,0,0,0,0,0,0,0,0,0,1
88032368,1000.0,500.0,3.0,,,0,0.06,0.11,0,0,0,0,0,0,0,1,0,0
36562627,,,,,,0,1.17,2.1,0,0,0,0,0,0,0,0,0,1
52534264,,,,,,0,0.1,0.22,0,0,0,0,0,0,0,0,0,2
19086954,100.0,100.0,1.0,,,0,0.02,0.19,0,0,0,0,0,0,0,1,0,0
27053506,,,,,,0,1.03,0.98,0,0,0,0,0,0,0,0,0,2
18252559,,,,,,0,0.12,0.19,0,0,0,0,0,0,0,0,0,2
27527047,100.0,1600.0,2.0,,,0,0.1,0.26,0,0,0,0,0,0,0,1,0,0
77876207,,,,,,0,0.19,0.23,0,0,0,0,0,0,0,0,0,1
61976639,,,,,,0,0.05,0.11,0,0,0,0,0,0,0,0,0,1
25407643,,,,,,0,0.42,0.55,0,0,0,0,0,0,0,0,0,1
24062258,1800.0,0.0,4.0,,,0,0.04,0.1,0,0,0,0,0,0,0,1,0,0
97064649,0.0,1800.0,4.0,,,0,0.06,0.08,0,0,0,0,0,0,0,1,0,0
70180284,1700.0,1200.0,4.0,,,0,0.75,1.42,0,0,0,0,0,0,0,1,0,0
71207871,200.0,1800.0,1.0,,,0,0.25,0.3,0,0,0,0,0,0,0,0,0,0
7291576,500.0,2100.0,2.0,,,0,0.49,1.06,0,0,0,0,0,0,0,0,0,0
44686185,1600.0,1500.0,3.0,,,0,0.03,0.19,0,0,0,0,0,0,0,1,0,0
6579928,1900.0,1000.0,4.0,,,0,0.13,0.23,0,0,0,0,0,0,0,1,0,0
33964637,2400.0,2400.0,5.0,,,0,3.41,9.5,1,0,1,0,0,0,0,0,0,0
79968632,,,,,,0,1.27,0.87,0,0,0,0,0,0,0,0,0,1
68462976,,,,,,0,0.02,0.36,0,0,0,0,0,0,0,0,0,1
89851827,3000.0,1500.0,8.0,,,0,0.37,0.43,1,0,1,0,0,0,0,0,0,0
59514116,,,,,,0,1.65,0.76,0,0,0,0,0,0,0,0,0,1
95096437,,,,,,0,0.13,0.13,0,0,0,0,0,0,0,0,0,2
15507080,700.0,500.0,2.0,,,0,0.27,1.61,0,0,0,0,0,0,0,0,1,0
2220237,1000.0,,0.0,1.0,,1,0.12,0.25,1,0,0,0,0,0,1,0,0,0
91665064,,,,,,0,0.05,0.07,0,0,0,0,0,0,0,0,0,1
99111753,1100.0,,,2.0,,2,0.55,0.19,1,0,0,0,0,0,1,0,0,0
26533075,,,,,,0,0.12,0.14,0,0,0,0,0,0,0,0,0,2
93104633,,,,,,0,0.0,0.0,0,0,0,0,0,0,0,0,0,4
81524977,,,,,,0,0.09,0.16,0,0,0,0,0,0,0,0,0,1
18752938,,,,,,0,0.09,0.3,0,0,0,0,0,0,0,0,0,1
38041940,1600.0,1200.0,3.0,,,0,0.14,0.18,0,0,0,0,0,0,0,1,0,0
38041941,,,,,,0,0.0,0.0,0,0,0,0,0,0,0,0,0,4
35263180,1600.0,200.0,4.0,,,0,0.06,0.16,0,0,0,0,0,0,0,1,0,0
15066114,2600.0,2400.0,7.0,,,0,0.39,0.2,0,0,0,0,0,0,0,1,0,0
114932,1400.0,300.0,3.0,,,0,0.02,0.18,0,0,0,0,0,0,0,1,0,0
79569173,,,,,,0,0.09,0.22,0,0,0,0,0,0,0,0,0,2
6740720,2500.0,2300.0,7.0,,,0,0.29,0.53,0,0,0,0,0,0,0,0,1,0
24940422,,,,,,0,0.34,0.28,0,0,0,0,0,0,0,0,0,1
29303524,2400.0,1000.0,6.0,,,0,0.29,0.26,0,0,0,0,0,0,0,1,0,0
45819647,1850.0,,,3.0,,3,0.14,0.24,1,0,0,0,0,0,1,0,0,0
23093373,1200.0,1200.0,4.0,,,0,0.83,1.0,0,0,0,0,0,0,0,1,0,0
6783559,1500.0,1000.0,3.0,,,0,0.08,0.11,0,0,0,0,0,0,0,1,0,0
57585212,,,,,,0,0.05,0.11,0,0,0,0,0,0,0,0,0,2
15103313,,,,,,0,0.19,0.24,0,0,0,0,0,0,0,0,0,1
63394872,,,,,,0,0.06,0.07,0,0,0,0,0,0,0,0,0,1
76232340,2750.0,2500.0,8.0,,,0,0.07,0.24,0,0,0,0,0,0,0,0,1,0
38775407,2750.0,2500.0,8.0,,,0,5.04,4.15,0,0,0,0,0,0,0,1,0,0
87483942,2300.0,2200.0,6.0,,,0,0.08,0.31,0,0,0,0,0,0,0,1,0,0
23401839,1400.0,1000.0,4.0,,,0,0.08,0.12,0,0,0,0,0,0,0,1,0,0
62503746,2400.0,0.0,7.0,,,0,0.02,0.12,0,0,0,0,0,0,0,1,0,0
60391791,,,,,,0,0.03,0.41,0,0,0,0,0,0,0,0,0,1
40771118,,,,,,0,0.16,0.17,0,0,0,0,0,0,0,0,0,2
85448931,1300.0,1000.0,4.0,,,0,0.7,2.16,0,0,0,0,0,0,0,0,1,0
86111442,1200.0,1400.0,3.0,,,0,0.18,0.19,0,0,0,0,0,0,0,1,0,0
57354389,1300.0,2000.0,3.0,,,0,0.22,0.12,0,0,0,0,0,0,0,1,0,0
8967776,4000.0,4000.0,10.0,,,0,0.28,0.24,0,0,0,0,0,0,0,1,0,0
91140491,2100.0,,,3.0,,3,0.13,0.27,1,0,0,0,0,0,1,0,0,0
42029847,400.0,1900.0,4.0,,,0,0.13,0.18,0,0,0,0,0,0,0,1,0,0
9213491,500.0,300.0,2.0,,,0,0.06,0.14,0,0,0,0,0,0,0,0,0,0
5848934,2400.0,2200.0,6.0,,,0,0.14,0.16,1,0,0,0,1,0,0,0,0,0
98358303,1400.0,1200.0,3.0,,,0,0.12,0.26,0,0,0,0,0,0,0,1,0,0
43359262,1600.0,1300.0,4.0,,,0,0.03,0.11,0,0,0,0,0,0,0,1,0,0
49398568,,,,,,0,0.9,1.35,0,0,0,0,0,0,0,0,0,1
82742611,700.0,600.0,2.0,,,0,0.0,0.0,0,0,0,0,0,0,0,0,1,0
66516792,2350.0,2400.0,7.0,,,0,0.27,0.26,0,0,0,0,0,0,0,0,1,0
19451302,,,,,,0,0.06,0.15,0,0,0,0,0,0,0,0,0,2
71829750,1400.0,2000.0,4.0,,,0,0.08,0.17,0,0,0,0,0,0,0,1,0,0
2792265,700.0,500.0,3.0,,,0,0.38,0.18,0,0,0,0,0,0,0,1,0,0
92559258,900.0,1500.0,3.0,,2.0,0,0.39,0.58,0,1,0,0,0,0,0,1,0,0
300103004,,,,,,0,0.57,1.05,0,0,0,0,0,0,0,0,0,3
36400569,,,,,,0,0.07,0.17,0,0,0,0,0,0,0,0,0,2
82466274,1600.0,1400.0,4.0,,,0,1.4,0.38,0,0,0,0,0,0,0,1,0,0
73468603,,,,,,0,0.1,0.14,0,0,0,0,0,0,0,0,0,1
300302072,,,,,,0,0.0,0.05,0,0,0,0,0,0,0,0,0,3
19590644,,,,,,0,0.04,0.13,0,0,0,0,0,0,0,0,0,2
95034141,,,,,,0,3.42,1.42,0,0,0,0,0,0,0,0,0,1
65114115,,,,,,0,0.05,0.1,0,0,0,0,0,0,0,0,0,1
43366227,2300.0,1800.0,7.0,,,0,0.24,0.23,1,0,0,0,1,0,0,0,0,0
3819470,,,,,,0,0.07,0.22,0,0,0,0,0,0,0,0,0,2
23153227,,,,,,0,0.19,0.16,0,0,0,0,0,0,0,0,0,1
60158866,,,,,,0,0.14,0.14,0,0,0,0,0,0,0,0,0,2
83293635,,,,,,0,0.24,0.28,0,0,0,0,0,0,0,0,0,1
7477101,,,,,,0,2.97,6.09,0,0,0,0,0,0,0,0,0,1
99162753,,,,,,0,0.09,0.16,0,0,0,0,0,0,0,0,0,1
3717252,2200.0,1700.0,5.0,,,0,0.41,0.76,0,0,0,0,0,0,0,1,0,0
86938484,1200.0,,0.0,2.0,,2,0.08,0.14,1,0,0,0,0,0,1,0,0,0
4904633,,,,,,0,0.26,0.25,0,0,0,0,0,0,0,0,0,2
77723643,1900.0,0.0,4.0,,,0,0.23,0.14,0,0,0,0,0,0,0,1,0,0
37445295,600.0,1400.0,2.0,,,0,0.15,0.16,0,0,0,0,0,0,0,1,0,0
44394295,,,,,,0,0.26,0.22,0,0,0,0,0,0,0,0,0,1
4939890,800.0,200.0,3.0,,,0,0.16,0.15,0,0,0,0,0,0,0,1,0,0
52551211,1600.0,900.0,4.0,,,0,0.07,0.11,0,0,0,0,0,0,0,1,0,0
21011044,,,,,,0,0.13,0.13,0,0,0,0,0,0,0,0,0,2
30328508,1800.0,1000.0,4.0,,,0,0.22,0.35,0,0,0,0,0,0,0,1,0,0
95401059,450.0,1950.0,4.0,,7.0,0,0.11,0.12,0,1,0,0,0,0,0,1,0,0
58016954,900.0,100.0,2.0,,1.0,0,0.09,0.11,0,1,0,0,0,0,0,1,0,0
77157846,1000.0,1000.0,4.0,,11.0,0,5.81,6.9,0,1,0,0,0,0,0,1,0,0
57827484,1500.0,500.0,4.0,,,0,0.14,0.11,0,0,0,0,0,0,0,0,0,0
30778711,1600.0,1300.0,5.0,,,0,0.12,0.19,0,0,0,0,0,0,0,1,0,0
62411811,1600.0,1300.0,5.0,,,0,0.1,0.23,0,0,0,0,0,0,0,1,0,0
35329581,,,,,,0,0.09,0.1,0,0,0,0,0,0,0,0,0,2
58621589,,,,,,0,0.05,0.14,0,0,0,0,0,0,0,0,0,2
1828513,2500.0,400.0,4.0,,,0,0.43,0.39,1,0,0,0,0,1,0,0,0,0
300205003,,,,,,0,0.18,0.27,0,0,0,0,0,0,0,0,0,3
57232301,,,,,,0,0.06,0.09,0,0,0,0,0,0,0,0,0,1
40575313,500.0,200.0,1.0,,,0,0.13,0.98,0,0,0,0,0,0,0,0,1,0
29267084,,,,,,0,0.04,0.07,0,0,0,0,0,0,0,0,0,2
37620434,800.0,700.0,3.0,,,0,0.16,0.18,0,0,0,0,0,0,0,1,0,0
6958551,,,,,,0,1.02,1.69,0,0,0,0,0,0,0,0,0,1
14212201,2000.0,0.0,5.0,,,0,0.1,0.14,0,0,0,0,0,0,0,1,0,0
99735427,,,,,,0,0.27,0.89,0,0,0,0,0,0,0,0,0,2
61322713,,,,,,0,0.46,0.71,0,0,0,0,0,0,0,0,0,1
9603356,2000.0,1600.0,4.0,,,0,0.16,0.22,0,0,0,0,0,0,0,1,0,0
27869883,1700.0,1600.0,4.0,,,0,0.16,0.22,0,0,0,0,0,0,0,1,0,0
20939559,1400.0,200.0,4.0,,,0,0.04,0.11,0,0,0,0,0,0,0,1,0,0
78936551,1200.0,400.0,3.0,,,0,0.82,0.36,0,0,0,0,0,0,0,1,0,0
35151572,1300.0,1200.0,4.0,,,0,0.08,0.19,0,0,0,0,0,0,0,1,0,0
78917791,1600.0,,,2.0,,2,0.55,0.62,1,0,0,0,0,0,1,0,0,0
16237004,1700.0,2400.0,3.0,,,0,0.11,0.17,1,0,0,0,0,1,0,0,0,0
46057733,1600.0,1200.0,3.0,,,0,0.19,0.3,1,0,0,0,1,0,0,0,0,0
92099232,,,,,,0,0.12,0.14,0,0,0,0,0,0,0,0,0,2
4035199,1200.0,1700.0,5.0,,,0,0.07,0.1,0,0,0,0,0,0,0,0,1,0
33904024,,,,,,0,0.22,0.27,0,0,0,0,0,0,0,0,0,1
56830749,,,,,,0,0.14,0.19,0,0,0,0,0,0,0,0,0,1
1372887,,,,,,0,0.36,0.32,0,0,0,0,0,0,0,0,0,1
14306092,1800.0,2000.0,3.0,,,0,0.17,0.18,1,0,0,0,0,1,0,0,0,0
20358953,1800.0,2200.0,5.0,,,0,0.16,0.11,0,0,0,0,0,0,0,1,0,0
50449881,2400.0,1800.0,5.0,,,0,0.16,0.05,1,0,0,0,0,1,0,0,0,0
20838380,200.0,1000.0,3.0,,,0,0.25,0.25,0,0,0,0,0,0,0,1,0,0
71923655,2400.0,2100.0,6.0,,,0,0.09,0.12,0,0,0,0,0,0,0,1,0,0
75728539,,,,,,0,0.03,0.03,0,0,0,0,0,0,0,0,0,2
5574510,,,,,,0,0.13,0.08,0,0,0,0,0,0,0,0,0,1
12117532,,,,,,0,0.06,0.06,0,0,0,0,0,0,0,0,0,2
73915052,,,,,,0,2.46,0.0,0,0,0,0,0,0,0,0,0,4
10163855,0.0,2000.0,4.0,,,0,0.16,0.17,0,0,0,0,0,0,0,1,0,0
77312273,1600.0,0.0,4.0,,,0,0.06,0.08,0,0,0,0,0,0,0,1,0,0
5087128,1100.0,2000.0,2.0,,,0,0.1,0.26,0,0,0,0,0,0,0,1,0,0
27416701,800.0,600.0,2.0,,,0,0.0,22.6,0,0,0,0,0,0,0,0,0,0
11035075,,,,,,0,0.03,0.07,0,0,0,0,0,0,0,0,0,2
52097679,,,,,,0,0.03,0.15,0,0,0,0,0,0,0,0,0,1
30683373,,,,,,0,0.06,0.13,0,0,0,0,0,0,0,0,0,1
93655221,,,,,,0,0.05,0.04,0,0,0,0,0,0,0,0,0,2
1164211,0.0,3000.0,5.0,,,0,2.21,2.19,0,0,0,0,0,0,0,1,0,0
3244563,,,,,,0,0.11,0.1,0,0,0,0,0,0,0,0,0,2
95360850,800.0,1600.0,3.0,,,0,0.06,0.17,0,0,0,0,0,0,0,1,0,0
28859794,0.0,900.0,2.0,,,0,0.16,0.58,0,0,0,0,0,0,0,1,0,0
15939448,800.0,2000.0,4.0,,,0,0.23,0.72,0,0,0,0,0,0,0,1,0,0
98126725,1200.0,400.0,4.0,,,0,0.14,0.11,0,0,0,0,0,0,0,1,0,0
11102908,,,,,,0,0.13,0.28,0,0,0,0,0,0,0,0,0,1
98162021,1600.0,1000.0,4.0,,,0,0.16,0.18,0,0,0,0,0,0,0,1,0,0
47436247,,,,,,0,0.11,0.14,0,0,0,0,0,0,0,0,0,1
99675356,700.0,300.0,2.0,,,0,0.14,0.2,0,0,0,0,0,0,0,1,0,0
77847678,,,,,,0,0.11,0.21,0,0,0,0,0,0,0,0,0,2
54031490,,,,,,0,0.13,0.34,0,0,0,0,0,0,0,0,0,1
7672244,,,,,,0,0.03,0.17,0,0,0,0,0,0,0,0,0,1
33883834,300.0,700.0,1.0,,,0,0.14,0.17,0,0,0,0,0,0,0,0,0,0
73421698,0.0,500.0,2.0,,,0,0.33,0.44,0,0,0,0,0,0,0,0,0,0
59560625,,,,,,0,0.07,0.08,0,0,0,0,0,0,0,0,0,2
59237154,,,,,,0,0.05,0.09,0,0,0,0,0,0,0,0,0,1
12197223,2900.0,1500.0,9.0,,,0,7.53,9.81,0,0,0,0,0,0,0,1,0,0
86327225,3300.0,3000.0,8.0,,,0,2.35,0.3,0,0,0,1,0,0,0,1,0,0
60365591,,,,,,0,0.25,0.15,0,0,0,0,0,0,0,0,0,1
86952477,400.0,1900.0,3.0,,,0,0.03,0.13,0,0,0,0,0,0,0,1,0,0
82878489,,,,,,0,1.15,1.2,0,0,0,0,0,0,0,0,0,1
87303357,1600.0,1800.0,4.0,,,0,0.02,0.16,0,0,0,0,0,0,0,0,1,0
95956346,1400.0,800.0,4.0,,,0,0.18,0.06,0,0,0,0,0,0,0,1,0,0
35906693,,,,,,0,0.12,0.24,0,0,0,0,0,0,0,0,0,1
97170107,1600.0,1000.0,2.0,,,0,0.38,0.43,1,0,0,0,0,1,0,0,0,0
82085619,1300.0,1100.0,4.0,,,0,0.3,2.04,0,0,0,0,0,0,0,0,1,0
62829077,,,,,,0,0.27,0.29,0,0,0,0,0,0,0,0,0,1
49776811,700.0,2000.0,4.0,,,0,0.08,0.09,0,0,0,0,0,0,0,1,0,0
79791878,,,,,,0,0.19,0.38,0,0,0,0,0,0,0,0,0,1
89563150,,,,,,0,0.11,0.12,0,0,0,0,0,0,0,0,0,2
75874514,0.0,0.0,4.0,,,0,0.02,1.51,0,0,0,0,0,0,0,0,0,0
3064783,0.0,2000.0,4.0,,,0,0.37,3.58,0,0,0,0,0,0,0,1,0,0
52900000,3000.0,2500.0,8.0,,,0,0.09,0.44,0,0,0,1,0,0,0,1,0,0
60823690,2000.0,1500.0,4.0,,,0,0.08,0.11,0,0,0,1,0,0,0,1,0,0
25415052,2500.0,3000.0,8.0,,,0,0.12,0.24,0,0,0,1,0,0,0,1,0,0
33325951,1500.0,2000.0,4.0,,,0,0.08,0.12,0,0,0,1,0,0,0,1,0,0
70709488,1000.0,,,2.0,,2,0.07,0.08,1,0,0,0,0,0,1,0,0,0
90020780,800.0,0.0,2.0,,,0,0.1,0.13,0,0,0,0,0,0,0,0,0,0
66815913,1500.0,1500.0,4.0,,,0,0.03,0.1,0,0,0,0,0,0,0,0,0,0
39817919,0.0,0.0,4.0,,,0,0.07,0.08,0,0,0,0,0,0,0,0,0,0
92200612,1000.0,1800.0,4.0,,,0,0.06,0.07,0,0,0,0,0,0,0,0,0,0
9553721,,,,,,0,0.1,0.27,0,0,0,0,0,0,0,0,0,1
276357,,,,,,0,0.06,0.22,0,0,0,0,0,0,0,0,0,2
25415053,,,,,,0,0.0,0.0,0,0,0,0,0,0,0,0,0,4
73055622,,,,,,0,0.05,0.11,0,0,0,0,0,0,0,0,0,1
49131917,500.0,500.0,2.0,,1.0,0,2.46,1.24,0,1,0,0,0,0,0,1,0,0
94081496,200.0,500.0,1.0,,,0,0.61,0.66,0,0,0,0,0,0,0,1,0,0
4148264,2000.0,0.0,4.0,,,0,0.03,0.12,0,0,0,0,0,0,0,0,1,0
57256127,0.0,0.0,3.0,,,0,0.02,0.09,0,0,0,0,0,0,0,0,0,0
58761791,,,,,,0,0.03,0.06,0,0,0,0,0,0,0,0,0,2
35818851,1800.0,0.0,4.0,,,0,0.1,0.12,0,0,0,0,0,0,0,1,0,0
57288064,2500.0,0.0,6.0,,,0,0.2,0.17,1,0,0,0,1,0,0,0,0,0
83283063,3000.0,0.0,8.0,,,0,1.88,1.0,1,0,0,0,1,0,0,0,0,0
86926989,2300.0,,,3.0,,3,1.12,0.85,1,0,0,0,0,0,1,0,0,0
62038047,1000.0,0.0,4.0,,,0,0.12,0.1,0,0,0,0,0,0,0,1,0,0
94801854,500.0,0.0,4.0,,,0,0.09,0.32,0,0,0,0,0,0,0,1,0,0
36630403,800.0,0.0,2.0,,,0,0.31,0.3,0,0,0,0,0,0,0,0,0,0
79783880,800.0,0.0,3.0,,,0,0.18,0.32,0,0,0,0,0,0,0,0,0,0
99423156,1500.0,0.0,4.0,,,0,0.15,0.2,0,0,0,0,0,0,0,1,0,0
41562624,1500.0,0.0,4.0,,,0,0.49,0.39,0,0,0,0,0,0,0,1,0,0
52711246,2100.0,0.0,7.0,,,0,0.11,0.16,1,0,0,0,1,0,0,0,0,0
78765160,,,,,,0,0.09,0.28,0,0,0,0,0,0,0,0,0,2
40364916,,,,,,0,0.14,0.21,0,0,0,0,0,0,0,0,0,1
74798297,,,,,,0,0.11,0.16,0,0,0,0,0,0,0,0,0,2
4333086,,,,,,0,0.22,0.2,0,0,0,0,0,0,0,0,0,2
40005099,,,,,,0,0.12,0.17,0,0,0,0,0,0,0,0,0,1
59843383,3500.0,0.0,10.0,,,0,0.33,0.43,1,0,0,0,1,0,0,0,0,0
5177985,600.0,0.0,2.0,,,0,0.1,0.2,0,0,0,0,0,0,0,1,0,0
26326541,1900.0,0.0,5.0,,,0,0.13,0.16,1,0,0,0,1,0,0,0,0,0
2420921,400.0,1400.0,3.0,,,0,0.24,0.29,0,0,0,0,0,0,0,1,0,0
15609017,,,,,,0,0.26,0.57,0,0,0,0,0,0,0,0,0,1
38528901,1500.0,800.0,3.0,,,0,0.12,0.21,0,0,0,0,0,0,0,1,0,0
2584136,1600.0,800.0,4.0,,,0,0.03,0.11,0,0,0,0,0,0,0,1,0,0
41493640,800.0,400.0,3.0,,,0,0.05,0.08,0,0,0,0,0,0,0,1,0,0
32476434,500.0,500.0,3.0,,,0,0.05,0.04,0,0,0,0,0,0,0,1,0,0
40939228,4000.0,3300.0,11.0,,,0,1.77,2.49,1,0,0,0,1,0,0,0,0,0
35952884,4000.0,4000.0,12.0,,,0,2.69,2.27,1,0,0,0,1,0,0,0,0,0
68431965,2100.0,1700.0,7.0,,,0,3.01,2.33,1,0,0,0,1,0,0,0,0,0
47264717,,,,,,0,0.09,0.24,0,0,0,0,0,0,0,0,0,2
95638658,,,,,,0,0.28,0.22,0,0,0,0,0,0,0,0,0,1
24696097,3300.0,2500.0,10.0,,,0,0.14,0.13,1,0,0,0,1,0,0,0,0,0
63180841,3300.0,2500.0,10.0,,,0,0.31,1.01,1,0,0,0,1,0,0,0,0,0
33897356,2300.0,,,3.0,,3,0.02,0.28,1,0,0,0,0,0,1,0,0,0
5908650,2300.0,1700.0,7.0,,,0,0.14,0.26,0,0,0,0,0,0,0,1,0,0
14771222,1400.0,1200.0,4.0,,,0,0.07,0.07,0,0,0,0,0,0,0,1,0,0
75967082,,,,,,0,0.1,0.13,0,0,0,0,0,0,0,0,0,1
71950093,900.0,1200.0,3.0,,,0,0.61,0.96,0,0,0,0,0,0,0,0,1,0
92080692,,,,,,0,0.02,0.09,0,0,0,0,0,0,0,0,0,2
3603242,1600.0,1000.0,4.0,,,0,0.06,0.11,0,0,0,0,0,0,0,1,0,0
4215636,,,,,,0,0.08,0.1,0,0,0,0,0,0,0,0,0,1
55713623,,,,,,0,0.08,0.15,0,0,0,0,0,0,0,0,0,1
14816688,,,,,,0,0.04,0.11,0,0,0,0,0,0,0,0,0,1
32615065,0.0,0.0,12.0,,,0,0.2,0.27,1,0,1,0,0,0,0,0,0,0
90307777,300.0,1800.0,3.0,,,0,0.27,0.26,0,0,0,0,0,0,0,1,0,0
65422840,1500.0,800.0,4.0,,,0,0.08,0.15,0,0,0,0,0,0,0,1,0,0
10449150,1000.0,1200.0,4.0,,,0,0.0,0.0,0,0,0,0,0,0,0,1,0,0
30922149,,,,,,0,0.33,0.18,0,0,0,0,0,0,0,0,0,2
9634146,2400.0,1000.0,7.0,,,0,0.17,0.27,1,0,0,0,1,0,0,0,0,0
85277313,,,,,,0,0.03,0.09,0,0,0,0,0,0,0,0,0,2
86442081,2000.0,1500.0,7.0,,,0,0.1,0.12,0,0,0,0,0,0,0,1,0,0
90303176,800.0,1400.0,4.0,,,0,0.05,0.11,0,0,0,0,0,0,0,1,0,0
44968459,,,,,,0,1.67,8.91,0,0,0,0,0,0,0,0,0,1
42534368,,,,,,0,0.08,0.09,0,0,0,0,0,0,0,0,0,1
53778229,,,,,,0,0.17,0.11,0,0,0,0,0,0,0,0,0,1
40867519,200.0,300.0,2.0,,,0,0.13,0.19,0,0,0,0,0,0,0,1,0,0
41175645,1000.0,1000.0,4.0,,,0,0.14,0.19,0,0,0,0,0,0,0,1,0,0
73665146,1000.0,1000.0,4.0,,,0,0.04,0.13,0,0,0,0,0,0,0,1,0,0
72443568,3500.0,1000.0,8.0,,,0,0.04,0.1,0,0,0,0,0,0,0,1,0,0
65726770,1000.0,1000.0,4.0,,,0,0.91,1.29,0,0,0,0,0,0,0,1,0,0
99522650,3500.0,1000.0,8.0,,,0,0.0,0.0,0,0,0,0,0,0,0,1,0,0
19502505,500.0,1500.0,4.0,,,0,1.94,7.71,0,0,0,0,0,0,0,1,0,0
16246535,2400.0,500.0,5.0,,,0,0.27,0.2,1,0,0,0,1,0,0,0,0,0
62950604,1900.0,0.0,4.0,,,0,0.13,0.24,0,0,0,0,0,0,0,1,0,0
31059809,800.0,1300.0,4.0,,,0,0.25,0.29,0,0,0,0,0,0,0,1,0,0
18235577,300.0,700.0,2.0,,,0,0.07,0.18,0,0,0,0,0,0,0,1,0,0
18563744,,,,,,0,2.01,4.9,0,0,0,0,0,0,0,0,0,1
15180041,1000.0,1000.0,4.0,,,0,0.07,0.18,0,0,0,0,0,0,0,1,0,0
1995985,1000.0,1000.0,3.0,,,0,0.05,0.18,0,0,0,0,0,0,0,1,0,0
74388798,2300.0,1000.0,5.0,,,0,0.04,0.21,0,0,0,0,0,0,0,1,0,0
37267041,2800.0,1000.0,7.0,,,0,0.09,0.28,0,0,0,0,0,0,0,1,0,0
39321065,1000.0,1000.0,4.0,,,0,0.39,1.15,0,0,0,0,0,0,0,1,0,0
71015787,1000.0,2000.0,4.0,,,0,0.43,0.92,0,0,0,0,0,0,0,1,0,0
15947754,1400.0,1400.0,4.0,,,0,0.02,0.08,0,0,0,0,0,0,0,1,0,0
1528054,1500.0,,,2.0,,2,0.71,0.23,1,0,0,0,0,0,1,0,0,0
24440742,,,,,,0,0.11,0.18,0,0,0,0,0,0,0,0,0,2
18300894,2400.0,1000.0,6.0,,,0,0.03,0.11,0,0,0,0,0,0,0,1,0,0
32619583,2300.0,1400.0,5.0,,,0,0.11,0.14,0,0,0,0,0,0,0,1,0,0
73001017,1700.0,700.0,4.0,,,0,0.03,0.1,0,0,0,0,0,0,0,1,0,0
1557499,,,,,,0,0.02,0.03,0,0,0,0,0,0,0,0,0,1
90357090,1200.0,800.0,3.0,,,0,0.02,0.17,0,0,0,0,0,0,0,0,1,0
29021114,1500.0,1000.0,4.0,,,0,0.14,0.16,0,0,0,0,0,0,0,1,0,0
9791914,1500.0,1300.0,4.0,,,0,0.42,0.24,0,0,0,0,0,0,0,1,0,0
25231813,,,,,,0,0.05,0.11,0,0,0,0,0,0,0,0,0,1
87025064,,,,,,0,0.26,0.15,0,0,0,0,0,0,0,0,0,1
41924516,1900.0,2400.0,6.0,,,0,1.16,1.18,1,0,0,0,1,0,0,0,0,0
32476603,1900.0,100.0,4.0,,,0,0.15,0.13,0,0,0,0,0,0,0,1,0,0
13382806,0.0,0.0,2.0,,,0,0.04,0.09,0,0,0,0,0,0,0,1,0,0
98385955,1500.0,200.0,4.0,,,0,0.1,0.22,0,0,0,0,0,0,0,0,0,0
67218327,0.0,1800.0,5.0,,,0,0.05,0.08,0,0,0,0,0,0,0,1,0,0
22586618,2900.0,2000.0,8.0,,,0,0.15,0.17,0,0,0,0,0,0,0,1,0,0
28617139,,,,,,0,0.02,0.13,0,0,0,0,0,0,0,0,0,1
64002884,,,,,,0,0.13,0.17,0,0,0,0,0,0,0,0,0,1
57823578,,,,,,0,0.04,0.16,0,0,0,0,0,0,0,0,0,2
86489182,2900.0,2000.0,8.0,,,0,0.02,0.53,0,0,0,0,0,0,0,1,0,0
50820852,0.0,1600.0,1.0,,,0,0.03,0.1,0,0,0,0,0,0,0,1,0,0
96214561,1000.0,1000.0,2.0,,,0,0.09,0.21,0,0,0,0,0,0,0,1,0,0
23619206,1500.0,200.0,3.0,,,0,0.04,0.16,0,0,0,0,0,0,0,1,0,0
14989021,2700.0,1000.0,7.0,,,0,0.48,0.49,0,0,0,0,0,0,0,1,0,0
52843699,1800.0,500.0,4.0,,,0,0.1,0.18,0,0,0,0,0,0,0,1,0,0
59707204,1400.0,1000.0,4.0,,,0,0.03,0.15,0,0,0,0,0,0,0,1,0,0
72330894,2400.0,,,3.0,,3,0.28,0.55,1,0,0,0,0,0,1,0,0,0
95192919,2900.0,2000.0,8.0,,,0,0.13,0.18,0,0,0,0,0,0,0,1,0,0
94423983,,,,,,0,0.13,0.25,0,0,0,0,0,0,0,0,0,2
25096909,,,,,,0,0.09,0.11,0,0,0,0,0,0,0,0,0,2
92219931,,,,,,0,0.18,0.11,0,0,0,0,0,0,0,0,0,2
2006591,,,,,,0,0.17,0.19,0,0,0,0,0,0,0,0,0,2
38511382,,,,,,0,0.2,0.35,0,0,0,0,0,0,0,0,0,2
16240772,,,,,,0,0.1,0.2,0,0,0,0,0,0,0,0,0,1
53329234,,,,,,0,0.07,0.16,0,0,0,0,0,0,0,0,0,2
24081957,,,,,,0,4.0,4.57,0,0,0,0,0,0,0,0,0,1
3496543,,,,,,0,0.08,0.24,0,0,0,0,0,0,0,0,0,1
101403012,2500.0,2000.0,7.0,,,0,0.0,0.0,0,0,0,0,0,0,0,0,0,0
90386276,,,,,,0,0.05,0.08,0,0,0,0,0,0,0,0,0,2
67457739,,,,,,0,0.03,0.13,0,0,0,0,0,0,0,0,0,1
26334139,,,,,,0,0.11,0.14,0,0,0,0,0,0,0,0,0,2
68661341,,,,,,0,0.14,0.1,0,0,0,0,0,0,0,0,0,1
32484853,0.0,0.0,1.0,,,0,0.7,0.39,0,0,0,0,0,0,0,1,0,0
60406592,,,,,,0,0.44,0.0,0,0,0,0,0,0,0,0,0,4
60406591,,,,,,0,0.06,0.1,0,0,0,0,0,0,0,0,0,2
8131171,300.0,250.0,1.0,,,0,1.54,1.95,0,0,0,0,0,0,0,1,0,0
77505534,,,,,,0,0.12,0.2,0,0,0,0,0,0,0,0,0,2
61632317,400.0,0.0,1.0,,,0,0.84,0.66,0,0,0,0,0,0,0,0,0,0
72497366,,,,,,0,0.1,0.15,0,0,0,0,0,0,0,0,0,2
70391589,,,,,,0,0.0,0.0,0,0,0,0,0,0,0,0,0,4
63481713,1400.0,1800.0,4.0,,,0,0.54,4.59,0,0,0,0,0,0,0,1,0,0
50074392,2200.0,1000.0,5.0,,,0,0.08,0.08,0,0,0,0,0,0,0,1,0,0
57019473,900.0,400.0,4.0,,,0,0.21,0.24,0,0,0,0,0,0,0,1,0,0
72345736,,,,,,0,0.07,0.2,0,0,0,0,0,0,0,0,0,1
54913680,,,,,,0,0.12,0.43,0,0,0,0,0,0,0,0,0,1
28273805,,,,,,0,0.07,0.19,0,0,0,0,0,0,0,0,0,1
90939874,,,,,,0,0.05,0.17,0,0,0,0,0,0,0,0,0,2
23212990,,,,,,0,0.27,0.62,0,0,0,0,0,0,0,0,0,2
81426505,,,,,,0,0.18,0.51,0,0,0,0,0,0,0,0,0,1
75525309,,,,,,0,0.08,0.31,0,0,0,0,0,0,0,0,0,2
3280747,,,,,,0,0.4,0.73,0,0,0,0,0,0,0,0,0,2
60694662,900.0,400.0,2.0,,,0,0.07,0.23,0,0,0,0,0,0,0,1,0,0
89362180,1700.0,1400.0,4.0,,,0,0.07,0.07,0,0,0,0,0,0,0,0,0,0
65187687,2800.0,2800.0,8.0,,,0,0.13,0.35,1,0,0,0,1,0,0,0,0,0
32355828,1700.0,1900.0,6.0,,,0,0.12,0.24,1,0,1,0,0,0,0,0,0,0
82732705,,,,,,0,0.28,0.27,0,0,0,0,0,0,0,0,0,2
63227401,,,,,,0,0.31,0.31,0,0,0,0,0,0,0,0,0,2
73729209,,,,,,0,0.09,0.1,0,0,0,0,0,0,0,0,0,2
88901771,1800.0,1800.0,4.0,,,0,0.15,0.48,0,0,0,0,0,0,0,1,0,0
88232397,300.0,200.0,4.0,,,0,0.11,0.16,0,0,0,0,0,0,0,1,0,0
73752131,1900.0,1700.0,4.0,,,0,0.09,0.18,0,0,0,0,0,0,0,1,0,0
65338781,1600.0,1600.0,4.0,,,0,0.05,0.13,0,0,0,0,0,0,0,1,0,0
46363422,1700.0,1900.0,4.0,,,0,0.04,0.1,0,0,0,0,0,0,0,1,0,0
27655513,1500.0,400.0,4.0,,,0,0.14,0.14,0,0,0,0,0,0,0,1,0,0
24088928,2500.0,1200.0,6.0,,,0,0.59,2.63,0,0,0,0,0,0,0,1,0,0
61370518,2500.0,1200.0,6.0,,,0,0.02,0.34,0,0,0,0,0,0,0,1,0,0
62782218,2000.0,0.0,4.0,,,0,0.2,0.23,0,0,0,0,0,0,0,1,0,0
126218,,,,,,0,0.17,0.59,0,0,0,0,0,0,0,0,0,2
86652646,1350.0,2000.0,4.0,,,0,0.05,0.22,0,0,0,0,0,0,0,0,1,0
99899504,2600.0,2000.0,8.0,,,0,1.44,36.41,0,0,0,0,0,0,0,1,0,0
3627449,2050.0,2500.0,7.0,,,0,8.72,223.48,0,0,0,1,0,0,0,0,0,0
10774240,2050.0,2500.0,7.0,,,0,0.54,0.63,0,0,0,1,0,0,0,1,0,0
98139712,,,,,,0,0.1,0.12,0,0,0,0,0,0,0,0,0,2
2504891,2650.0,2250.0,7.0,,,0,0.07,0.14,1,0,1,0,0,0,0,0,0,0
15653824,1000.0,1200.0,3.0,,,0,0.12,0.2,0,0,0,0,0,0,0,1,0,0
98649372,600.0,1600.0,3.0,,,0,0.05,0.08,0,0,0,0,0,0,0,1,0,0
6733059,,,,,,0,0.04,0.37,0,0,0,0,0,0,0,0,0,2
5265750,1600.0,900.0,4.0,,,0,0.05,0.12,0,0,0,0,0,0,0,0,1,0
67750322,1700.0,400.0,4.0,,,0,0.08,0.15,0,0,0,0,0,0,0,1,0,0
10202894,1550.0,1200.0,4.0,,,0,0.02,0.1,0,0,0,0,0,0,0,0,1,0
32274490,300.0,200.0,1.0,,,0,0.07,0.29,0,0,0,0,0,0,0,0,1,0
54844990,900.0,800.0,3.0,,,0,2.22,1.4,0,0,0,0,0,0,0,0,1,0
64306248,500.0,1500.0,4.0,,,0,0.05,0.25,0,0,0,0,0,0,0,1,0,0
8327462,1900.0,1700.0,6.0,,,0,2.17,4.27,1,0,1,0,0,0,0,0,0,0
36776089,2000.0,0.0,2.0,,,0,0.18,0.24,1,0,0,0,0,1,0,0,0,0
95288024,1900.0,1800.0,6.0,,,0,18.44,21.91,0,0,0,0,0,0,0,0,1,0
68182934,2200.0,200.0,5.0,,7.0,0,0.09,0.09,0,1,0,0,0,0,0,0,1,0
2519690,2600.0,2100.0,7.0,,,0,6.41,7.71,1,0,1,0,0,0,0,0,0,0
27813661,,,,,,0,0.08,0.11,0,0,0,0,0,0,0,0,0,1
15792576,2200.0,1600.0,6.0,,,0,0.05,0.15,0,0,0,0,0,0,0,1,0,0
11458071,2400.0,1500.0,8.0,,,0,1.17,0.95,0,0,0,0,0,0,0,1,0,0
74841885,2200.0,1600.0,6.0,,,0,0.86,0.7,0,0,0,0,0,0,0,1,0,0
48453776,2400.0,1500.0,8.0,,,0,7.23,8.94,0,0,0,0,0,0,0,1,0,0
30532390,1800.0,600.0,4.0,,,0,0.02,0.15,0,0,0,0,0,0,0,0,1,0
98462037,1500.0,,,2.0,,2,0.3,0.24,1,0,0,0,0,0,1,0,0,0
56741506,2500.0,,,3.0,,3,1.44,1.26,1,0,0,0,0,0,1,0,0,0
63013339,1500.0,,,2.0,,2,0.34,0.31,1,0,0,0,0,0,1,0,0,0
8491308,1500.0,,0.0,1.0,,1,0.11,0.07,1,0,0,0,0,0,1,0,0,0
63288573,1500.0,,,1.0,,1,0.16,0.18,1,0,0,0,0,0,1,0,0,0
12421694,1500.0,,,1.0,,1,0.12,0.09,1,0,0,0,0,0,1,0,0,0
26077387,1500.0,1500.0,4.0,,,0,0.13,0.07,0,0,0,0,0,0,0,1,0,0
37351133,1500.0,1500.0,4.0,,,0,0.14,0.06,0,0,0,0,0,0,0,1,0,0
90673288,1500.0,,0.0,1.0,,1,0.02,0.05,1,0,0,0,0,0,1,0,0,0
75147529,1500.0,,,2.0,,2,0.13,0.09,1,0,0,0,0,0,1,0,0,0
76072561,2000.0,,,2.0,,2,3.67,6.34,1,0,0,0,0,0,1,0,0,0
52340445,,,,,,0,0.14,0.18,0,0,0,0,0,0,0,0,0,4
50005218,,,,,,0,0.1,0.12,0,0,0,0,0,0,0,0,0,1
99550630,,,,,,0,0.08,0.09,0,0,0,0,0,0,0,0,0,1
25955749,,,,,,0,0.02,0.12,0,0,0,0,0,0,0,0,0,1
46271408,,,,,,0,0.27,0.37,0,0,0,0,0,0,0,0,0,1
21623008,,,,,,0,0.55,0.64,0,0,0,0,0,0,0,0,0,1
61151074,1500.0,1500.0,7.0,,,0,0.23,0.15,0,0,0,0,0,0,0,1,0,0
25733157,,,,,,0,0.11,0.1,0,0,0,0,0,0,0,0,0,1
52340444,,,,,,0,0.09,0.12,0,0,0,0,0,0,0,0,0,1
51227866,,,,,,0,0.1,0.14,0,0,0,0,0,0,0,0,0,1
98338152,,,,,,0,0.2,0.09,0,0,0,0,0,0,0,0,0,1
24010609,,,,,,0,0.02,0.1,0,0,0,0,0,0,0,0,0,1
97616504,,,,,,0,0.06,0.11,0,0,0,0,0,0,0,0,0,1
63166095,,,,,,0,0.02,0.11,0,0,0,0,0,0,0,0,0,1
9726840,,,,,,0,0.18,0.1,0,0,0,0,0,0,0,0,0,1
34433770,,,,,,0,0.42,0.23,0,0,0,0,0,0,0,0,0,1
61033809,1000.0,2500.0,5.0,,,0,0.0,0.0,0,0,0,0,0,0,0,1,0,0
12958920,,,,,,0,0.41,0.0,0,0,0,0,0,0,0,0,0,4
51307986,2800.0,1800.0,8.0,,,0,0.18,4.76,1,0,1,0,0,0,0,0,0,0
40522482,,,,,,0,0.33,0.44,0,0,0,0,0,0,0,0,0,1
3814632,3400.0,3000.0,10.0,,,0,0.36,0.24,1,0,0,0,0,1,0,0,0,0
63035430,,,,,,0,0.09,0.14,0,0,0,0,0,0,0,0,0,1
47596607,,,,,,0,0.08,0.14,0,0,0,0,0,0,0,0,0,1
47349310,600.0,300.0,3.0,,,0,0.08,0.11,0,0,0,0,0,0,0,1,0,0
58058134,200.0,2100.0,1.0,,,0,2.17,1.32,1,0,0,0,0,1,0,0,0,0
71344451,,,,,,0,0.39,1.41,0,0,0,0,0,0,0,0,0,1
78636495,1900.0,400.0,4.0,,,0,0.15,0.25,0,0,0,0,0,0,0,1,0,0
40200834,700.0,1700.0,4.0,,,0,0.51,0.63,0,0,0,0,0,0,0,0,1,0
3129527,,,,,,0,0.13,0.25,0,0,0,0,0,0,0,0,0,1
74659582,1500.0,1500.0,9.0,,,0,1.58,2.16,1,0,1,0,0,0,0,0,0,0
10000020,-1.0,-1.0,10.0,,,0,0.45,0.53,0,0,0,0,0,0,0,1,0,0
68638985,700.0,500.0,2.0,,,0,0.67,0.43,0,0,0,0,0,0,0,0,1,0
21770261,,,,,,0,0.68,0.71,0,0,0,0,0,0,0,0,0,4
72885174,,,,,,0,0.02,0.19,0,0,0,0,0,0,0,0,0,2
94484482,,,,,,0,0.06,0.11,0,0,0,0,0,0,0,0,0,2
42081767,200.0,100.0,1.0,,,0,0.12,0.14,0,0,0,0,0,0,0,1,0,0
3797883,2000.0,2300.0,7.0,,,0,0.05,0.13,0,0,0,0,0,0,0,0,1,0
10505300,100.0,100.0,1.0,,,0,0.04,0.12,0,0,0,0,0,0,0,1,0,0
84650463,0.0,0.0,2.0,,,0,0.11,0.11,0,0,0,0,0,0,0,1,0,0
22754505,1100.0,0.0,3.0,,,0,0.17,0.14,0,0,0,0,0,0,0,1,0,0
300302052,,,,,,0,0.0,0.11,0,0,0,0,0,0,0,0,0,3
15967552,,,,,,0,0.03,0.09,0,0,0,0,0,0,0,0,0,2
89558743,,,,,,0,0.16,0.23,0,0,0,0,0,0,0,0,0,1
97169186,,,,,,0,0.46,0.72,0,0,0,0,0,0,0,0,0,1
93396832,,,,,,0,1.53,0.72,0,0,0,0,0,0,0,0,0,2
47870325,,,,,,0,0.04,0.05,0,0,0,0,0,0,0,0,0,1
16720314,,,,,,0,0.05,0.06,0,0,0,0,0,0,0,0,0,2
35259350,,,,,,0,0.02,0.1,0,0,0,0,0,0,0,0,0,1
2099841,,,,,,0,0.1,0.18,0,0,0,0,0,0,0,0,0,1
63789924,,,,,,0,0.63,1.05,0,0,0,0,0,0,0,0,0,1
28427869,0.0,0.0,1.0,,,0,0.02,0.07,0,0,0,0,0,0,0,1,0,0
80678380,,,,,,0,0.86,0.47,0,0,0,0,0,0,0,0,0,2
596051,,,,,,0,0.04,0.1,0,0,0,0,0,0,0,0,0,2
17189677,,,,,,0,0.18,0.29,0,0,0,0,0,0,0,0,0,1
81791932,,,,,,0,0.36,0.23,0,0,0,0,0,0,0,0,0,2
9674034,800.0,1000.0,1.0,,,0,1.93,4.19,0,0,0,0,0,0,0,1,0,0
12058741,0.0,2100.0,1.0,,,0,0.28,0.31,0,0,0,0,0,0,0,1,0,0
45663742,900.0,200.0,1.0,,,0,0.41,0.39,0,0,0,0,0,0,0,1,0,0
27260347,2800.0,2600.0,8.0,,,0,0.86,0.9,0,0,0,0,0,0,0,1,0,0
58071334,3000.0,2500.0,8.0,,,0,0.18,0.21,1,0,1,0,0,0,0,0,0,0
48452496,3000.0,2500.0,8.0,,,0,0.21,0.2,0,0,0,0,0,0,0,1,0,0
90241276,700.0,200.0,1.0,,,0,0.49,0.81,0,0,0,0,0,0,0,1,0,0
79415624,3000.0,2500.0,12.0,,,0,5.43,6.82,1,0,0,0,1,0,0,0,0,0
29802344,1000.0,1200.0,4.0,,,0,0.23,3.05,0,0,0,0,0,0,0,0,1,0
75673220,300.0,100.0,2.0,,,0,0.06,0.11,0,0,0,0,0,0,0,1,0,0
45986603,,,,,,0,0.17,0.31,0,0,0,0,0,0,0,0,0,1
25137581,1300.0,2500.0,7.0,,,0,0.21,0.27,0,0,0,0,0,0,0,1,0,0
27877771,800.0,400.0,2.0,,,0,0.03,0.12,0,0,0,0,0,0,0,1,0,0
84290642,1500.0,600.0,4.0,,,0,0.15,0.16,0,0,0,0,0,0,0,1,0,0
39522887,2100.0,0.0,6.0,,,0,0.26,0.31,0,0,0,0,0,0,0,1,0,0
3070049,1400.0,900.0,4.0,,,0,0.12,0.11,0,0,0,0,0,0,0,1,0,0
24731453,2500.0,3000.0,10.0,,,0,0.03,0.15,0,0,0,0,0,0,0,1,0,0
33491462,1200.0,2600.0,8.0,,,0,5.75,8.66,0,0,0,0,0,0,0,1,0,0
67675300,2800.0,1800.0,8.0,,,0,0.09,0.1,0,0,0,0,0,0,0,1,0,0
73659078,2200.0,800.0,4.0,,,0,1.11,0.49,1,0,0,0,0,1,0,0,0,0
15893860,1600.0,1000.0,4.0,,,0,0.12,0.1,0,0,0,0,0,0,0,1,0,0
91133740,0.0,1900.0,3.0,,,0,1.9,2.51,0,0,0,0,0,0,0,1,0,0
62370023,,,,,,0,0.06,0.22,0,0,0,0,0,0,0,0,0,2
60228941,1700.0,0.0,4.0,,,0,0.51,0.23,0,0,0,0,0,0,0,1,0,0
35448319,100.0,100.0,1.0,,,0,2.85,2.43,0,0,0,0,0,0,0,0,0,0
26381750,100.0,0.0,1.0,,,0,0.1,0.16,0,0,0,0,0,0,0,0,0,0
86318356,,,,,,0,0.02,0.17,0,0,0,0,0,0,0,0,0,1
60246171,0.0,0.0,3.0,,,0,0.06,0.21,0,0,0,0,0,0,0,0,1,0
19739265,,,,,,0,0.07,0.09,0,0,0,0,0,0,0,0,0,1
45985838,1500.0,1000.0,4.0,,,0,0.26,0.46,0,0,0,0,0,0,0,1,0,0
44472639,,,,,,0,0.2,0.53,0,0,0,0,0,0,0,0,0,2
691925,,,,,,0,1.15,2.4,0,0,0,0,0,0,0,0,0,1
33911264,800.0,2400.0,5.0,,,0,0.06,0.06,0,0,0,0,0,0,0,1,0,0
7805147,700.0,800.0,2.0,,,0,0.13,0.22,0,0,0,0,0,0,0,1,0,0
33318980,2600.0,2100.0,8.0,,,0,0.16,0.14,0,0,0,0,0,0,0,1,0,0
78114463,,,,,,0,37.92,54.3,0,0,0,0,0,0,0,0,0,2
16308000,,,,,,0,0.07,0.15,0,0,0,0,0,0,0,0,0,2
41420027,,,,,,0,0.82,1.16,0,0,0,0,0,0,0,0,0,2
92512625,,,,,,0,1.18,0.74,0,0,0,0,0,0,0,0,0,2
40605147,,,,,,0,0.22,0.26,0,0,0,0,0,0,0,0,0,2
84749824,,,,,,0,0.27,0.35,0,0,0,0,0,0,0,0,0,2
35346968,,,,,,0,0.1,0.34,0,0,0,0,0,0,0,0,0,2
27870337,,,,,,0,0.21,0.46,0,0,0,0,0,0,0,0,0,1
92043888,,,,,,0,0.06,0.16,0,0,0,0,0,0,0,0,0,2
93481594,,,,,,0,0.13,0.12,0,0,0,0,0,0,0,0,0,1
29650040,,,,,,0,0.27,0.28,0,0,0,0,0,0,0,0,0,1
56058749,,,,,,0,0.07,0.18,0,0,0,0,0,0,0,0,0,2
11688916,0.0,400.0,1.0,,0.0,0,0.09,0.12,0,1,0,0,0,0,0,1,0,0
53265336,,,,,,0,0.08,0.18,0,0,0,0,0,0,0,0,0,1
84693918,400.0,400.0,2.0,,9.0,0,0.11,0.11,0,1,0,0,0,0,0,1,0,0
56510115,,,,,,0,0.07,0.16,0,0,0,0,0,0,0,0,0,1
86780027,,,,,,0,3.47,3.29,0,0,0,0,0,0,0,0,0,1
28966434,1600.0,1300.0,4.0,,,0,0.13,0.32,0,0,0,0,0,0,0,1,0,0
93377803,,,,,,0,0.03,0.11,0,0,0,0,0,0,0,0,0,1
84794011,1050.0,1000.0,3.0,,,0,2.5,0.0,0,0,0,0,0,0,0,0,1,0
14763299,1600.0,1000.0,4.0,,,0,0.08,0.08,0,0,0,0,0,0,0,1,0,0
23471572,,,,,,0,0.02,0.12,0,0,0,0,0,0,0,0,0,2
91598270,2100.0,1400.0,5.0,,4.0,0,0.03,0.1,0,1,0,0,0,0,0,1,0,0
5208118,,,,,,0,0.03,0.06,0,0,0,0,0,0,0,0,0,2
38406364,1600.0,,,2.0,,2,0.12,0.2,1,0,0,0,0,0,1,0,0,0
76990617,1200.0,1000.0,3.0,,,0,0.91,0.46,0,0,0,0,0,0,0,1,0,0
58053438,,,,,,0,0.34,0.29,0,0,0,0,0,0,0,0,0,2
57617178,1400.0,1000.0,4.0,,,0,0.07,0.09,0,0,0,0,0,0,0,1,0,0
93211810,,,,,,0,0.1,0.2,0,0,0,0,0,0,0,0,0,2
36472900,300.0,300.0,1.0,,,0,0.06,0.18,0,0,0,0,0,0,0,1,0,0
84696266,1700.0,700.0,3.0,,,0,0.02,0.11,0,0,0,0,0,0,0,0,1,0
84550200,350.0,650.0,2.0,,,0,0.12,0.34,0,0,0,0,0,0,0,1,0,0
38942059,1200.0,900.0,3.0,,,0,95.06,87.0,0,0,0,0,0,0,0,0,1,0
40384720,1300.0,600.0,4.0,,,0,0.09,0.1,0,0,0,0,0,0,0,1,0,0
93138457,,,,,,0,0.02,0.12,0,0,0,0,0,0,0,0,0,2
17888577,,,,,,0,0.02,0.08,0,0,0,0,0,0,0,0,0,1
17932494,1000.0,0.0,2.0,,,0,0.03,0.14,0,0,0,0,0,0,0,1,0,0
4335427,3600.0,3400.0,11.0,,,0,0.06,0.13,0,0,0,0,0,0,0,1,0,0
62895219,1400.0,1400.0,4.0,,,0,0.2,0.55,0,0,0,0,0,0,0,1,0,0
88619463,3200.0,2800.0,9.0,,,0,3.94,2.43,0,0,0,0,0,0,0,1,0,0
39767432,2000.0,,,2.0,,2,0.06,0.13,1,0,0,0,0,0,1,0,0,0
49218300,1450.0,1200.0,4.0,,,0,0.03,0.52,0,0,0,0,0,0,0,0,1,0
45223540,500.0,1100.0,3.0,,,0,0.13,0.2,0,0,0,0,0,0,0,1,0,0
81231742,,,,,,0,0.18,0.32,0,0,0,0,0,0,0,0,0,1
36405256,2900.0,0.0,8.0,,,0,0.03,0.14,0,0,0,0,0,0,0,1,0,0
92487128,3500.0,2500.0,10.0,,0.0,0,2.45,1.4,0,1,0,1,0,0,0,1,0,0
68073522,,,,,,0,0.04,0.18,0,0,0,0,0,0,0,0,0,1
6909330,,,,,,0,0.17,0.12,0,0,0,0,0,0,0,0,0,1
54447022,,,,,,0,0.35,0.48,0,0,0,0,0,0,0,0,0,1
5253985,,,,,,0,0.34,0.32,0,0,0,0,0,0,0,0,0,1
76297408,,,,,,0,0.13,0.1,0,0,0,0,0,0,0,0,0,2
51670553,,,,,,0,0.02,0.62,0,0,0,0,0,0,0,0,0,1
73599290,,,,,,0,4.29,3.66,0,0,0,0,0,0,0,0,0,2
55735315,4000.0,0.0,8.0,,,0,0.08,0.07,0,0,0,0,0,0,0,1,0,0
79339613,,,,,,0,0.2,0.24,0,0,0,0,0,0,0,0,0,2
68005187,,,,,,0,0.13,0.13,0,0,0,0,0,0,0,0,0,1
69533836,,,,,,0,0.19,0.19,0,0,0,0,0,0,0,0,0,1
72869010,2200.0,1800.0,6.0,,,0,12.23,16.84,1,0,1,0,0,0,0,0,0,0
87844926,,,,,,0,0.16,0.28,0,0,0,0,0,0,0,0,0,2
95026693,,,,,,0,0.71,0.5,0,0,0,0,0,0,0,0,0,1
77527210,2000.0,1800.0,6.0,,,0,0.06,0.6,0,0,0,0,0,0,0,1,0,0
91895091,1800.0,2200.0,3.0,,,0,5.35,5.09,1,0,0,0,0,1,0,0,0,0
47852924,,,,,,0,0.15,0.36,0,0,0,0,0,0,0,0,0,1
76840111,,,,,,0,0.09,0.19,0,0,0,0,0,0,0,0,0,2
92428405,,,,,,0,0.16,0.23,0,0,0,0,0,0,0,0,0,2
34884015,,,,,,0,0.13,0.11,0,0,0,0,0,0,0,0,0,1
5758500,,,,,,0,0.2,0.35,0,0,0,0,0,0,0,0,0,1
62991792,500.0,200.0,3.0,,,0,1.48,3.68,0,0,0,0,0,0,0,0,0,0
92924317,,,,,,0,0.08,0.17,0,0,0,0,0,0,0,0,0,2
78864369,,,,,,0,0.1,0.13,0,0,0,0,0,0,0,0,0,1
37383714,,,,,,0,0.04,0.13,0,0,0,0,0,0,0,0,0,2
12061457,550.0,350.0,2.0,,,0,0.07,0.15,0,0,0,0,0,0,0,1,0,0
23020408,,,,,,0,16.65,6.34,0,0,0,0,0,0,0,0,0,1
36376145,,,,,,0,0.04,0.13,0,0,0,0,0,0,0,0,0,2
81510157,,,,,,0,0.04,0.3,0,0,0,0,0,0,0,0,0,1
15734813,0.0,2100.0,4.0,,,0,0.05,0.19,0,0,0,0,0,0,0,0,1,0
82324106,,,,,,0,19.16,1.15,0,0,0,0,0,0,0,0,0,4
88197162,,,,,,0,1.9,0.79,0,0,0,0,0,0,0,0,0,2
69389481,,,,,,0,0.18,0.16,0,0,0,0,0,0,0,0,0,2
90506641,,,,,,0,5.03,0.0,0,0,0,0,0,0,0,0,0,1
63012333,400.0,1500.0,3.0,,,0,0.25,0.46,0,0,0,0,0,0,0,1,0,0
31242786,1200.0,0.0,4.0,,,0,0.28,0.16,0,0,0,0,0,0,0,0,1,0
44335251,1800.0,500.0,4.0,,,0,0.08,0.11,0,0,0,0,0,0,0,1,0,0
24514503,300.0,1900.0,6.0,,,0,0.12,0.09,0,0,0,0,0,0,0,1,0,0
4920010,900.0,200.0,2.0,,,0,0.02,0.18,0,0,0,0,0,0,0,0,1,0
81665333,,,,,,0,0.37,0.22,0,0,0,0,0,0,0,0,0,2
42314669,,,,,,0,4.74,5.09,0,0,0,0,0,0,0,0,0,1
65107325,,,,,,0,0.04,0.05,0,0,0,0,0,0,0,0,0,2
69176131,,,,,,0,0.03,0.07,0,0,0,0,0,0,0,0,0,1
92092092,,,,,,0,0.04,0.11,0,0,0,0,0,0,0,0,0,2
1539051,,,,,,0,0.05,0.09,0,0,0,0,0,0,0,0,0,1
4914353,1200.0,,,2.0,,2,0.05,0.08,1,0,0,0,0,0,1,0,0,0
36119641,1700.0,1000.0,4.0,,,0,0.09,0.21,0,0,0,0,0,0,0,0,1,0
47126872,2300.0,1500.0,5.0,,,0,0.29,0.22,0,0,0,0,0,0,0,1,0,0
97151365,,,,,,0,0.09,0.08,0,0,0,0,0,0,0,0,0,2
39041729,,,,,,0,0.03,0.08,0,0,0,0,0,0,0,0,0,1
97362768,,,,,,0,0.14,0.11,0,0,0,0,0,0,0,0,0,1
76103675,,,,,,0,0.02,0.16,0,0,0,0,0,0,0,0,0,1
20644748,,,,,,0,0.05,0.16,0,0,0,0,0,0,0,0,0,2
39984786,2200.0,1000.0,5.0,,,0,0.1,0.28,0,0,0,0,0,0,0,1,0,0
44308317,1000.0,1800.0,4.0,,,0,1.01,1.2,0,0,0,0,0,0,0,1,0,0
58551308,500.0,500.0,2.0,,,0,0.1,0.11,0,0,0,0,0,0,0,1,0,0
31553716,1900.0,0.0,4.0,,,0,0.11,0.16,0,0,0,0,0,0,0,1,0,0
70655556,1600.0,1400.0,4.0,,,0,0.08,0.11,0,0,0,0,0,0,0,1,0,0
84569017,1700.0,1100.0,4.0,,,0,0.06,0.14,0,0,0,0,0,0,0,1,0,0
62156277,1700.0,100.0,4.0,,,0,0.07,0.16,0,0,0,0,0,0,0,1,0,0
42598242,,,,,,0,0.46,0.75,0,0,0,0,0,0,0,0,0,1
97520701,,,,,,0,0.02,0.09,0,0,0,0,0,0,0,0,0,1
12292422,,,,,,0,0.06,0.17,0,0,0,0,0,0,0,0,0,1
58201062,600.0,1000.0,2.0,,,0,3.84,5.26,0,0,0,0,0,0,0,1,0,0
86174055,1200.0,1000.0,4.0,,,0,0.06,0.15,0,0,0,0,0,0,0,1,0,0
88204302,,,,,,0,0.04,0.12,0,0,0,0,0,0,0,0,0,1
9365703,900.0,400.0,2.0,,,0,0.02,0.12,0,0,0,0,0,0,0,1,0,0
12950294,2400.0,600.0,6.0,,,0,0.12,0.16,0,0,0,0,0,0,0,1,0,0
36730805,,,,,,0,0.1,0.12,0,0,0,0,0,0,0,0,0,1
69550259,1000.0,1800.0,4.0,,,0,0.1,0.16,0,0,0,0,0,0,0,1,0,0
96945958,800.0,1200.0,3.0,,,0,0.04,0.06,0,0,0,0,0,0,0,0,0,0
66002986,,,,,,0,0.03,0.16,0,0,0,0,0,0,0,0,0,2
65155517,200.0,1800.0,2.0,,8.0,0,0.08,0.13,0,1,0,0,0,0,0,1,0,0
85482105,200.0,1600.0,4.0,,,0,0.12,0.33,0,0,0,0,0,0,0,0,0,0
59640711,1000.0,1000.0,3.0,,,0,0.03,0.09,0,0,0,0,0,0,0,0,0,0
28151978,100.0,300.0,2.0,,8.0,0,2.81,8.49,0,1,0,0,0,0,0,1,0,0
53054833,1400.0,1400.0,4.0,,,0,0.02,0.09,0,0,0,0,0,0,0,1,0,0
58543073,,,,,,0,0.15,0.12,0,0,0,0,0,0,0,0,0,2
50482813,1000.0,1000.0,4.0,,,0,0.39,0.34,0,0,0,0,0,0,0,0,0,0
70939418,0.0,800.0,1.0,,,0,0.04,0.2,0,0,0,0,0,0,0,0,0,0
23792058,100.0,1600.0,4.0,,6.0,0,0.08,0.21,0,1,0,0,0,0,0,1,0,0
17328157,1100.0,1100.0,4.0,,,0,0.04,0.13,0,0,0,0,0,0,0,1,0,0
62899696,0.0,0.0,1.0,,,0,0.07,0.16,0,0,0,0,0,0,0,0,0,0
96708940,200.0,100.0,2.0,,1.0,0,0.05,0.12,0,1,0,0,0,0,0,1,0,0
16947147,100.0,2000.0,4.0,,,0,0.28,0.54,0,0,0,0,0,0,0,1,0,0
89326990,1000.0,200.0,3.0,,,0,0.36,1.42,0,0,0,0,0,0,0,1,0,0
85034450,1800.0,1000.0,4.0,,,0,0.15,0.19,0,0,0,0,0,0,0,1,0,0
26420373,2200.0,2000.0,5.0,,3.0,0,0.07,0.2,0,1,0,0,0,0,0,1,0,0
80559548,2000.0,0.0,4.0,,,0,0.31,0.42,0,0,0,0,0,0,0,1,0,0
16725505,100.0,100.0,1.0,,,0,0.05,0.13,0,0,0,0,0,0,0,0,0,0
8284390,1800.0,0.0,5.0,,,0,0.22,0.33,0,0,0,0,0,0,0,1,0,0
29114773,,,,,,0,0.02,0.11,0,0,0,0,0,0,0,0,0,1
35494087,0.0,3000.0,7.0,,,0,0.07,0.24,0,0,0,0,0,0,0,1,0,0
53932291,600.0,1200.0,3.0,,,0,0.08,0.13,0,0,0,0,0,0,0,1,0,0
81275020,1200.0,600.0,3.0,,,0,0.11,0.14,0,0,0,0,0,0,0,1,0,0
27660735,300.0,1500.0,3.0,,,0,0.18,0.26,0,0,0,0,0,0,0,0,0,0
86976918,800.0,800.0,3.0,,,0,0.08,0.13,0,0,0,0,0,0,0,1,0,0
12148078,,,,,,0,0.08,0.12,0,0,0,0,0,0,0,0,0,1
2254222,1500.0,1000.0,5.0,,4.0,0,0.06,0.15,0,1,0,0,0,0,0,1,0,0
51481927,,,,,,0,0.16,0.55,0,0,0,0,0,0,0,0,0,1
41160595,,,,,,0,0.24,0.17,0,0,0,0,0,0,0,0,0,1
84636823,1800.0,1600.0,5.0,,,0,0.16,0.29,0,0,0,0,0,0,0,1,0,0
49122098,,,,,,0,0.0,0.0,0,0,0,0,0,0,0,0,0,1
28958464,,,,,,0,0.55,0.67,0,0,0,0,0,0,0,0,0,1
15735108,,,,,,0,0.42,0.85,0,0,0,0,0,0,0,0,0,1
74402414,,,,,,0,0.21,0.14,0,0,0,0,0,0,0,0,0,1
4259068,,,,,,0,0.52,0.59,0,0,0,0,0,0,0,0,0,1
313513,,,,,,0,0.09,0.09,0,0,0,0,0,0,0,0,0,1
300302018,,,,,,0,0.1,0.23,0,0,0,0,0,0,0,0,0,3
300302053,,,,,,0,0.0,0.0,0,0,0,0,0,0,0,0,0,3
76714458,,,,,,0,0.52,0.93,0,0,0,0,0,0,0,0,0,1
39123673,,,,,,0,0.31,4.29,0,0,0,0,0,0,0,0,0,1
75014062,,,,,,0,0.07,0.12,0,0,0,0,0,0,0,0,0,1
38943357,,,,,,0,5.11,6.46,0,0,0,0,0,0,0,0,0,1
300103002,,,,,,0,1.07,1.25,0,0,0,0,0,0,0,0,0,3
1669772,,,,,,0,0.06,0.08,0,0,0,0,0,0,0,0,0,2
15175429,1200.0,900.0,3.0,,,0,0.15,0.26,0,0,0,0,0,0,0,1,0,0
76137276,,,,,,0,0.31,0.4,0,0,0,0,0,0,0,0,0,2
45118716,0.0,0.0,1.0,,,0,0.04,0.08,0,0,0,0,0,0,0,1,0,0
29228529,,,,,,0,0.21,0.16,0,0,0,0,0,0,0,0,0,1
93260132,,,,,,0,0.02,0.09,0,0,0,0,0,0,0,0,0,1
77456448,,,,,,0,0.16,0.26,0,0,0,0,0,0,0,0,0,1
38275183,,,,,,0,0.1,0.2,0,0,0,0,0,0,0,0,0,2
93966624,1800.0,600.0,4.0,,,0,0.06,0.17,0,0,0,0,0,0,0,1,0,0
93187568,600.0,200.0,3.0,,,0,0.15,0.12,0,0,0,0,0,0,0,1,0,0
29735721,,,,,,0,0.02,0.46,0,0,0,0,0,0,0,0,0,2
84117021,,,,,,0,0.15,0.17,0,0,0,0,0,0,0,0,0,1
10069180,,,,,,0,0.22,0.12,0,0,0,0,0,0,0,0,0,2
18807109,,,,,,0,0.05,0.15,0,0,0,0,0,0,0,0,0,2
40230018,,,,,,0,1.83,0.57,0,0,0,0,0,0,0,0,0,1
20822520,,,,,,0,0.43,0.4,0,0,0,0,0,0,0,0,0,1
14824019,500.0,400.0,2.0,,,0,0.3,0.19,0,0,0,0,0,0,0,1,0,0
61592395,,,,,,0,0.95,0.58,0,0,0,0,0,0,0,0,0,1
97997309,,,,,,0,0.18,0.3,0,0,0,0,0,0,0,0,0,1
46448938,,,,,,0,0.05,0.17,0,0,0,0,0,0,0,0,0,1
23314220,,,,,,0,0.18,0.16,0,0,0,0,0,0,0,0,0,1
52628687,,,,,,0,6.21,8.78,0,0,0,0,0,0,0,0,0,1
43841694,,,,,,0,0.08,0.21,0,0,0,0,0,0,0,0,0,1
25123082,,,,,,0,0.14,0.33,0,0,0,0,0,0,0,0,0,1
89739383,,,,,,0,0.18,0.21,0,0,0,0,0,0,0,0,0,1
11911336,,,,,,0,0.55,0.16,0,0,0,0,0,0,0,0,0,1
56981417,,,,,,0,1.46,0.74,0,0,0,0,0,0,0,0,0,1
88616795,,,,,,0,0.18,0.26,0,0,0,0,0,0,0,0,0,1
96677818,,,,,,0,0.11,0.18,0,0,0,0,0,0,0,0,0,1
56321639,,,,,,0,0.57,0.33,0,0,0,0,0,0,0,0,0,1
3259760,,,,,,0,0.6,0.95,0,0,0,0,0,0,0,0,0,1
73061465,1200.0,2000.0,4.0,,,0,0.02,0.16,0,0,0,0,0,0,0,1,0,0
20630765,800.0,1900.0,3.0,,,0,2.5,1.18,0,0,0,0,0,0,0,1,0,0
42544773,1000.0,1000.0,4.0,,,0,9.36,12.0,0,0,0,0,0,0,0,1,0,0
33245030,300.0,200.0,1.0,,,0,0.13,0.2,0,0,0,0,0,0,0,1,0,0
82693042,1600.0,0.0,5.0,,,0,24.25,38.07,0,0,0,0,0,0,0,1,0,0
52121290,400.0,1400.0,3.0,,,0,0.04,0.12,0,0,0,0,0,0,0,0,1,0
46148485,2500.0,3000.0,8.0,,,0,0.05,0.09,0,0,0,0,0,0,0,1,0,0
51402177,2500.0,3000.0,10.0,,,0,0.46,0.57,0,0,0,0,0,0,0,1,0,0
56051648,,,,,,0,0.08,0.14,0,0,0,0,0,0,0,0,0,2
56051649,,,,,,0,13.31,2.63,0,0,0,0,0,0,0,0,0,4
69408987,,,,,,0,0.27,0.18,0,0,0,0,0,0,0,0,0,1
26640671,,,,,,0,0.0,0.11,0,0,0,0,0,0,0,0,0,1
85326399,1600.0,1300.0,5.0,,,0,0.03,0.09,0,0,0,0,0,0,0,0,1,0
87511987,1800.0,1700.0,5.0,,,0,0.02,0.13,0,0,0,0,0,0,0,0,1,0
98075147,700.0,1300.0,3.0,,,0,0.0,0.0,0,0,0,0,0,0,0,0,1,0
6691855,,,,,,0,0.03,0.08,0,0,0,0,0,0,0,0,0,2
22866836,,,,,,0,0.1,0.17,0,0,0,0,0,0,0,0,0,2
42463414,1300.0,0.0,3.0,,,0,0.5,1.59,0,0,0,0,0,0,0,1,0,0
44689689,,,,,,0,0.0,0.0,0,0,0,0,0,0,0,0,0,4
29477860,,,,,,0,0.04,0.2,0,0,0,0,0,0,0,0,0,2
82768499,,,,,,0,0.12,0.16,0,0,0,0,0,0,0,0,0,1
38590361,,,,,,0,0.03,0.2,0,0,0,0,0,0,0,0,0,1
56461575,,,,,,0,0.09,0.22,0,0,0,0,0,0,0,0,0,2
32626733,2900.0,2900.0,8.0,,,0,0.02,0.17,0,0,0,0,0,0,0,0,1,0
49328340,,,,,,0,0.12,0.58,0,0,0,0,0,0,0,0,0,1
53239672,,,,,,0,1.3,1.87,0,0,0,0,0,0,0,0,0,2
50418970,,,,,,0,0.03,0.14,0,0,0,0,0,0,0,0,0,1
48659020,1000.0,1000.0,3.0,,,0,0.1,0.11,0,0,0,0,0,0,0,1,0,0
91530236,,,,,,0,0.06,0.12,0,0,0,0,0,0,0,0,0,1
20802187,,,,,,0,0.12,0.1,0,0,0,0,0,0,0,0,0,1
69832741,,,,,,0,0.05,0.12,0,0,0,0,0,0,0,0,0,1
16674846,,,,,,0,0.09,0.16,0,0,0,0,0,0,0,0,0,2
71939275,,,,,,0,0.1,0.2,0,0,0,0,0,0,0,0,0,1
94772232,,,,,,0,0.04,0.13,0,0,0,0,0,0,0,0,0,1
31893528,,,,,,0,0.02,0.14,0,0,0,0,0,0,0,0,0,1
30170981,,,,,,0,0.03,0.14,0,0,0,0,0,0,0,0,0,1
67287533,,,,,,0,0.04,0.12,0,0,0,0,0,0,0,0,0,1
13522325,1700.0,1000.0,4.0,,,0,0.02,0.1,0,0,0,0,0,0,0,1,0,0
14037717,1400.0,1200.0,4.0,,,0,16.26,3.77,0,0,0,0,0,0,0,0,1,0
53530069,0.0,1800.0,3.0,,,0,0.14,0.19,0,0,0,0,0,0,0,1,0,0
26517393,1800.0,900.0,4.0,,,0,0.03,0.1,0,0,0,0,0,0,0,1,0,0
80770678,800.0,2000.0,4.0,,,0,0.06,0.11,0,0,0,0,0,0,0,0,1,0
34690519,1300.0,1800.0,5.0,,,0,0.0,0.0,0,0,0,0,0,0,0,0,1,0
25343280,2500.0,2000.0,6.0,,,0,0.04,0.25,0,0,0,0,0,0,0,1,0,0
4896788,100.0,100.0,1.0,,,0,0.1,0.19,0,0,0,0,0,0,0,1,0,0
65685470,500.0,500.0,3.0,,,0,0.28,0.83,0,0,0,0,0,0,0,1,0,0
54615781,1700.0,1400.0,5.0,,,0,0.0,0.0,0,0,0,0,0,0,0,0,1,0
90829280,0.0,0.0,10.0,,,0,0.56,1.11,0,0,0,0,0,0,0,1,0,0
85150300,,,,,,0,0.06,0.07,0,0,0,0,0,0,0,0,0,2
23205979,300.0,200.0,3.0,,,0,0.5,0.85,0,0,0,0,0,0,0,1,0,0
67957315,1000.0,1000.0,4.0,,,0,0.11,0.14,0,0,0,0,0,0,0,1,0,0
19307353,1600.0,2100.0,4.0,,,0,0.14,0.24,0,0,0,0,0,0,0,1,0,0
8324284,,,,,,0,0.06,0.15,0,0,0,0,0,0,0,0,0,2
42097666,300.0,,,1.0,,1,0.34,0.37,1,0,0,0,0,0,1,0,0,0
92394653,,,,,,0,0.02,0.28,0,0,0,0,0,0,0,0,0,2
45538320,1500.0,200.0,4.0,,,0,0.05,0.22,0,0,0,0,0,0,0,1,0,0
86396750,1800.0,200.0,4.0,,,0,0.54,0.4,0,0,0,0,0,0,0,1,0,0
49885567,1400.0,600.0,4.0,,,0,2.03,0.57,0,0,0,0,0,0,0,1,0,0
13890468,0.0,2000.0,4.0,,,0,0.58,0.22,0,0,0,0,0,0,0,1,0,0
88123329,1600.0,400.0,4.0,,,0,0.12,0.13,0,0,0,0,0,0,0,1,0,0
23623653,100.0,2000.0,1.0,,,0,7.15,6.63,0,0,0,0,0,0,0,1,0,0
65193366,1600.0,1800.0,4.0,,,0,0.1,0.2,0,0,0,0,0,0,0,1,0,0
70156997,,,,,,0,0.08,0.07,0,0,0,0,0,0,0,0,0,2
99173029,,,,,,0,0.22,0.19,0,0,0,0,0,0,0,0,0,1
28234578,,,,,,0,0.04,0.13,0,0,0,0,0,0,0,0,0,1
42945701,,,,,,0,0.06,0.13,0,0,0,0,0,0,0,0,0,2
69112325,,,,,,0,0.05,0.23,0,0,0,0,0,0,0,0,0,1
5037726,,,,,,0,0.83,1.07,0,0,0,0,0,0,0,0,0,2
61082944,,,,,,0,0.04,0.18,0,0,0,0,0,0,0,0,0,1
78625592,,,,,,0,0.29,0.3,0,0,0,0,0,0,0,0,0,2
6540606,,,,,,0,0.39,1.22,0,0,0,0,0,0,0,0,0,2
50155385,200.0,2000.0,4.0,,,0,0.17,0.22,0,0,0,0,0,0,0,1,0,0
79333300,,,,,,0,0.12,0.12,0,0,0,0,0,0,0,0,0,2
15866454,,,,,,0,0.19,1.33,0,0,0,0,0,0,0,0,0,1
39765115,,,,,,0,0.09,0.13,0,0,0,0,0,0,0,0,0,2
59859086,1100.0,,,2.0,,2,0.02,0.12,1,0,0,0,0,0,1,0,0,0
4290468,2200.0,2000.0,6.0,,,0,0.08,0.1,1,0,0,0,1,0,0,0,0,0
5645210,2800.0,2400.0,8.0,,,0,0.12,0.23,0,0,0,0,0,0,0,1,0,0
101403077,,,,,,0,0.0,0.0,0,0,0,0,0,0,0,0,0,2
42952160,,,,,,0,0.05,0.09,0,0,0,0,0,0,0,0,0,2
44175358,1000.0,800.0,4.0,,,0,0.14,0.13,0,0,0,0,0,0,0,1,0,0
2625939,,,,,,0,0.22,0.28,0,0,0,0,0,0,0,0,0,1
11747708,400.0,800.0,1.0,,,0,0.1,0.14,0,0,0,0,0,0,0,0,0,0
98888032,400.0,800.0,1.0,,,0,0.07,0.16,0,0,0,0,0,0,0,0,0,0
76145933,1100.0,1000.0,2.0,,,0,0.14,0.13,0,0,0,0,0,0,0,1,0,0
2311090,1000.0,1900.0,2.0,,,0,0.18,0.09,0,0,0,0,0,0,0,1,0,0
68250822,,,,,,0,0.27,0.37,0,0,0,0,0,0,0,0,0,2
27381364,1400.0,,,2.0,,2,6.92,4.29,1,0,0,0,0,0,1,0,0,0
42431833,,,,,,0,0.09,0.11,0,0,0,0,0,0,0,0,0,1
13533678,1300.0,700.0,2.0,,,0,0.05,0.1,0,0,0,0,0,0,0,1,0,0
49928686,1400.0,1400.0,2.0,,,0,0.09,0.07,0,0,0,0,0,0,0,1,0,0
75922381,1200.0,1800.0,2.0,,,0,0.09,0.12,0,0,0,0,0,0,0,1,0,0
88836438,,,,,,0,0.09,0.04,0,0,0,0,0,0,0,0,0,1
72329844,1400.0,,,2.0,,2,0.6,2.49,1,0,0,0,0,0,1,0,0,0
15443125,,,,,,0,0.06,0.12,0,0,0,0,0,0,0,0,0,1
1906812,2500.0,2000.0,8.0,,,0,0.05,0.07,1,0,1,0,0,0,0,0,0,0
60600821,,,,,,0,0.05,0.15,0,0,0,0,0,0,0,0,0,1
94425169,,,,,,0,0.34,0.06,0,0,0,0,0,0,0,0,0,1
10584050,,,,,,0,0.04,0.16,0,0,0,0,0,0,0,0,0,2
7496001,,,,,,0,0.09,0.13,0,0,0,0,0,0,0,0,0,1
83203672,500.0,2500.0,8.0,,,0,0.06,0.13,0,0,0,0,0,0,0,1,0,0
67436768,300.0,1800.0,4.0,,,0,0.03,0.19,0,0,0,0,0,0,0,1,0,0
83199011,,,,,,0,0.07,0.15,0,0,0,0,0,0,0,0,0,2
29601381,1500.0,2800.0,8.0,,,0,0.06,0.16,0,0,0,0,0,0,0,1,0,0
25415161,,,,,,0,0.07,0.18,0,0,0,0,0,0,0,0,0,2
45484331,1700.0,1000.0,4.0,,,0,0.09,0.09,0,0,0,0,0,0,0,1,0,0
48285768,1100.0,2000.0,4.0,,,0,2.58,1.76,1,0,0,0,0,1,0,0,0,0
56818977,0.0,2000.0,4.0,,,0,0.05,0.16,0,0,0,0,0,0,0,1,0,0
20424878,1800.0,800.0,4.0,,,0,0.03,0.21,0,0,0,0,0,0,0,1,0,0
62941499,1600.0,2500.0,8.0,,,0,0.85,0.8,1,0,0,0,0,1,0,0,0,0
23499963,,,,,,0,0.19,0.33,0,0,0,0,0,0,0,0,0,1
37626500,,,,,,0,0.04,0.08,0,0,0,0,0,0,0,0,0,1
21088856,1200.0,1300.0,3.0,,,0,0.05,0.11,0,0,0,0,0,0,0,1,0,0
80637190,1500.0,1000.0,4.0,,,0,0.32,0.17,0,0,0,0,0,0,0,1,0,0
94096018,1500.0,1600.0,4.0,,,0,0.47,0.46,0,0,0,0,0,0,0,1,0,0
88124568,1400.0,600.0,4.0,,,0,0.19,0.16,0,0,0,0,0,0,0,1,0,0
1322368,1900.0,,0.0,2.0,,2,0.06,0.15,1,0,0,0,0,0,1,0,0,0
30979619,,,,,,0,0.15,0.46,0,0,0,0,0,0,0,0,0,1
4474060,100.0,100.0,1.0,,,0,0.15,0.21,0,0,0,0,0,0,0,1,0,0
73828446,,,,,,0,0.24,0.37,0,0,0,0,0,0,0,0,0,1
37433748,1000.0,1000.0,4.0,,,0,0.07,0.24,0,0,0,0,0,0,0,1,0,0
53989821,,,,,,0,0.12,0.18,0,0,0,0,0,0,0,0,0,2
91258852,1200.0,2800.0,7.0,,,0,0.2,0.32,0,0,0,0,0,0,0,1,0,0
27642961,,,,,,0,0.22,0.42,0,0,0,0,0,0,0,0,0,1
39373426,,,,,,0,0.08,0.19,0,0,0,0,0,0,0,0,0,2
9212051,,,,,,0,0.1,0.18,0,0,0,0,0,0,0,0,0,2
78080961,500.0,400.0,1.0,,,0,0.04,0.15,0,0,0,0,0,0,0,1,0,0
54631665,,,,,,0,0.2,0.15,0,0,0,0,0,0,0,0,0,1
35699,2800.0,1200.0,8.0,,,0,0.12,0.24,0,0,0,0,0,0,0,1,0,0
41091257,1900.0,1200.0,4.0,,,0,0.23,0.17,0,0,0,0,0,0,0,1,0,0
20584712,1900.0,1500.0,4.0,,,0,0.09,0.2,0,0,0,0,0,0,0,1,0,0
38783169,500.0,500.0,1.0,,,0,0.03,0.14,0,0,0,0,0,0,0,1,0,0
54458867,,,,,,0,0.07,0.19,0,0,0,0,0,0,0,0,0,1
65500515,0.0,1800.0,2.0,,,0,0.04,0.22,0,0,0,0,0,0,0,1,0,0
21175632,2800.0,2000.0,7.0,,,0,0.08,0.31,1,0,1,0,0,0,0,0,0,0
9523599,100.0,600.0,2.0,,,0,0.03,0.1,0,0,0,0,0,0,0,1,0,0
42232157,,,,,,0,0.0,0.0,0,0,0,0,0,0,0,0,0,2
16598965,,,,,,0,0.05,0.08,0,0,0,0,0,0,0,0,0,2
19671102,,,,,,0,0.08,0.21,0,0,0,0,0,0,0,0,0,1
22555834,,,,,,0,0.03,0.07,0,0,0,0,0,0,0,0,0,1
54562327,,,,,,0,0.08,0.11,0,0,0,0,0,0,0,0,0,1
86060749,,,,,,0,0.11,0.12,0,0,0,0,0,0,0,0,0,2
81385346,,,,,,0,0.03,0.07,0,0,0,0,0,0,0,0,0,1
49154689,,,,,,0,0.06,0.15,0,0,0,0,0,0,0,0,0,1
41371602,,,,,,0,0.14,0.17,0,0,0,0,0,0,0,0,0,1
65384188,,,,,,0,0.15,0.13,0,0,0,0,0,0,0,0,0,1
67196946,,,,,,0,0.27,0.17,0,0,0,0,0,0,0,0,0,1
8201910,550.0,500.0,2.0,,,0,0.02,0.27,0,0,0,0,0,0,0,1,0,0
63485233,,,,,,0,0.04,0.1,0,0,0,0,0,0,0,0,0,1
24610207,1600.0,1000.0,4.0,,,0,0.07,0.05,0,0,0,0,0,0,0,1,0,0
41517789,3200.0,2800.0,11.0,,,0,7.04,9.89,1,0,0,0,1,0,0,0,0,0
43661068,,,,,,0,0.02,0.05,0,0,0,0,0,0,0,0,0,1
49407319,2000.0,200.0,4.0,,,0,0.03,0.08,1,0,0,0,1,0,0,0,0,0
74850403,,,,,,0,0.31,0.47,0,0,0,0,0,0,0,0,0,1
76500786,,,,,,0,0.06,0.1,0,0,0,0,0,0,0,0,0,1
84433129,1800.0,0.0,4.0,,,0,2.16,2.2,0,0,0,0,0,0,0,1,0,0
44273680,1600.0,1400.0,4.0,,,0,0.15,0.09,0,0,0,0,0,0,0,1,0,0
64726269,1500.0,900.0,4.0,,,0,0.1,0.15,0,0,0,0,0,0,0,1,0,0
38331564,1800.0,400.0,4.0,,,0,0.04,0.09,0,0,0,0,0,0,0,1,0,0
8875971,1200.0,1800.0,4.0,,,0,0.12,0.13,0,0,0,0,0,0,0,1,0,0
91110378,800.0,2000.0,4.0,,,0,0.07,0.09,0,0,0,0,0,0,0,1,0,0
70668285,1400.0,1000.0,4.0,,,0,0.12,0.1,0,0,0,0,0,0,0,1,0,0
70391588,,,,,,0,0.07,0.13,0,0,0,0,0,0,0,0,0,2
34244455,1000.0,1500.0,4.0,,,0,0.08,0.06,0,0,0,0,0,0,0,1,0,0
97792247,2100.0,1200.0,6.0,,,0,0.09,0.26,1,0,0,0,1,0,0,0,0,0
64880894,2000.0,1300.0,6.0,,,0,0.2,0.18,1,0,0,0,1,0,0,0,0,0
89474727,3000.0,2500.0,10.0,,,0,0.93,0.75,1,0,0,0,1,0,0,0,0,0
44508094,2500.0,2000.0,8.0,,,0,0.61,0.61,1,0,0,0,1,0,0,0,0,0
76636978,2500.0,2000.0,8.0,,,0,1.01,1.17,1,0,0,0,1,0,0,0,0,0
61257789,3000.0,2500.0,10.0,,,0,0.76,1.56,0,0,0,0,0,0,0,1,0,0
27196937,,,,,,0,0.16,0.19,0,0,0,0,0,0,0,0,0,2
37750912,,,,,,0,0.21,0.26,0,0,0,0,0,0,0,0,0,1
13556444,,,,,,0,0.21,0.42,0,0,0,0,0,0,0,0,0,2
80244114,0.0,0.0,1.0,,,0,0.42,0.41,0,0,0,0,0,0,0,1,0,0
20590784,,,,,,0,0.62,0.41,0,0,0,0,0,0,0,0,0,2
89181369,,,,,,0,1.28,0.97,0,0,0,0,0,0,0,0,0,1
26268488,4000.0,4000.0,12.0,,,0,6.02,4.89,1,0,0,0,1,0,0,0,0,0
83994433,2500.0,2000.0,8.0,,,0,0.26,0.34,1,0,0,0,1,0,0,0,0,0
37799519,1500.0,1000.0,4.0,,,0,0.2,0.13,0,0,0,0,0,0,0,0,0,0
63184227,500.0,2000.0,4.0,,,0,0.08,0.24,0,0,0,0,0,0,0,1,0,0
74892653,3000.0,2500.0,10.0,,,0,0.09,0.16,1,0,0,0,1,0,0,0,0,0
35129241,,,,,,0,0.08,0.21,0,0,0,0,0,0,0,0,0,2
91262474,0.0,0.0,1.0,,,0,0.06,0.12,0,0,0,0,0,0,0,1,0,0
68543408,100.0,100.0,1.0,,,0,0.04,0.15,0,0,0,0,0,0,0,1,0,0
95403418,-1.0,-1.0,1.0,,,0,0.46,0.12,0,0,0,0,0,0,0,1,0,0
54077752,1500.0,1200.0,6.0,,,0,3.51,11.71,0,0,0,0,0,0,0,1,0,0
44717069,300.0,300.0,3.0,,,0,0.05,0.06,0,0,0,0,0,0,0,1,0,0
94415058,1200.0,2400.0,5.0,,1.0,0,0.1,0.15,0,1,0,0,0,0,0,1,0,0
97729135,,,,,,0,0.02,0.08,0,0,0,0,0,0,0,0,0,1
13021682,1300.0,500.0,3.0,,,0,0.52,0.62,0,0,0,0,0,0,0,0,0,0
40390147,2000.0,2100.0,4.0,,,0,0.19,1.1,1,0,0,0,0,1,0,0,0,0
61344030,2000.0,1000.0,4.0,,,0,0.17,0.26,1,0,0,0,0,1,0,0,0,0
16643334,1800.0,2500.0,4.0,,,0,0.02,0.39,1,0,0,0,0,1,0,0,0,0
15381421,1800.0,0.0,4.0,,,0,0.1,0.27,0,0,0,0,0,0,0,1,0,0
1003840,,,,,,0,0.15,0.29,0,0,0,0,0,0,0,0,0,1
58120309,,,,,,0,0.16,0.25,0,0,0,0,0,0,0,0,0,2
92341815,,,,,,0,0.05,0.09,0,0,0,0,0,0,0,0,0,1
5916510,1900.0,1000.0,4.0,,,0,0.06,0.14,1,0,0,0,0,1,0,0,0,0
6278008,,,,,,0,0.14,0.22,0,0,0,0,0,0,0,0,0,2
21985407,,,,,,0,0.21,0.3,0,0,0,0,0,0,0,0,0,2
59228631,500.0,2000.0,4.0,,,0,0.1,0.24,0,0,0,0,0,0,0,1,0,0
22007085,,,,,,0,0.2,0.38,0,0,0,0,0,0,0,0,0,1
58374502,,,,,,0,0.13,0.25,0,0,0,0,0,0,0,0,0,2
85590798,,,,,,0,0.21,0.4,0,0,0,0,0,0,0,0,0,1
27036706,1700.0,800.0,4.0,,,0,0.02,0.2,0,0,0,0,0,0,0,1,0,0
86613346,1500.0,1000.0,4.0,,,0,0.15,0.41,0,0,0,0,0,0,0,1,0,0
44818,400.0,2100.0,4.0,,,0,0.02,0.12,0,0,0,0,0,0,0,1,0,0
23220533,1800.0,700.0,4.0,,,0,0.3,0.54,0,0,0,0,0,0,0,1,0,0
58406094,,,,,,0,0.17,0.33,0,0,0,0,0,0,0,0,0,1
90835938,2500.0,2300.0,7.0,,,0,0.61,1.08,0,0,0,0,0,0,0,1,0,0
15306543,,,,,,0,0.03,0.07,0,0,0,0,0,0,0,0,0,1
20417688,,,,,,0,0.02,0.07,0,0,0,0,0,0,0,0,0,2
37720300,500.0,1100.0,3.0,,,0,0.09,0.08,0,0,0,0,0,0,0,1,0,0
15458892,1100.0,500.0,4.0,,,0,0.06,0.06,0,0,0,0,0,0,0,1,0,0
74906081,,,,,,0,0.08,0.15,0,0,0,0,0,0,0,0,0,2
93729065,2500.0,2000.0,7.0,,1.0,0,0.25,0.29,1,1,1,0,0,0,0,1,0,0
22070401,2800.0,2000.0,8.0,,1.0,0,0.18,0.79,1,1,1,0,0,0,0,1,0,0
41209827,2800.0,2000.0,8.0,,,0,0.93,0.64,1,0,1,0,0,0,0,0,0,0
27118421,2800.0,2000.0,8.0,,,0,0.0,0.0,1,0,1,0,0,0,0,0,0,0
39915560,3600.0,2500.0,10.0,,,0,0.25,0.74,1,0,1,0,0,0,0,0,0,0
5148778,3300.0,2500.0,10.0,,10.0,0,0.16,0.26,1,1,1,0,0,0,0,1,0,0
23626223,,,,,,0,0.02,0.21,0,0,0,0,0,0,0,0,0,2
65810489,,,,,,0,0.1,0.18,0,0,0,0,0,0,0,0,0,2
92854392,,,,,,0,0.19,0.3,0,0,0,0,0,0,0,0,0,2
49964567,1600.0,300.0,4.0,,,0,0.04,0.15,0,0,0,0,0,0,0,0,0,0
64413994,2700.0,2700.0,8.0,,,0,0.06,0.12,0,0,0,0,0,0,0,0,1,0
3510565,700.0,1700.0,3.0,,,0,0.2,0.27,0,0,0,0,0,0,0,1,0,0
94942656,1900.0,1500.0,4.0,,,0,0.72,0.53,1,0,0,0,0,1,0,0,0,0
98049038,1200.0,0.0,4.0,,,0,0.14,0.13,0,0,0,0,0,0,0,1,0,0
5368615,2200.0,1600.0,6.0,,,0,0.16,0.11,1,0,1,0,0,0,0,0,0,0
98588427,1800.0,200.0,4.0,,,0,29.9,0.0,0,0,0,0,0,0,0,0,1,0
23923758,2500.0,200.0,8.0,,,0,9.58,0.0,0,0,0,0,0,0,0,0,1,0
83295594,600.0,800.0,3.0,,,0,0.21,0.31,0,0,0,0,0,0,0,0,0,0
9047461,,,,,,0,0.0,0.0,0,0,0,0,0,0,0,0,0,4
3743515,2000.0,600.0,4.0,,,0,0.04,0.14,1,0,0,0,0,1,0,0,0,0
44729197,1800.0,1800.0,4.0,,,0,0.07,0.11,0,0,0,0,0,0,0,1,0,0
2396042,1600.0,2600.0,4.0,,5.0,0,0.07,0.11,0,1,0,0,0,0,0,1,0,0
29172562,1400.0,1800.0,5.0,,,0,0.02,0.16,0,0,0,0,0,0,0,0,1,0
90908427,1900.0,2200.0,6.0,,,0,0.06,0.1,0,0,0,0,0,0,0,0,1,0
13599884,250.0,300.0,1.0,,,0,0.07,0.12,0,0,0,0,0,0,0,1,0,0
2370081,,,,,,0,1.57,39.32,0,0,0,0,0,0,0,0,0,1
32986898,1000.0,,,3.0,,3,0.08,0.06,1,0,0,0,0,0,1,0,0,0
7166709,800.0,1000.0,1.0,,,0,0.1,0.14,0,0,0,0,0,0,0,1,0,0
53116300,1700.0,0.0,4.0,,,0,0.25,0.22,0,0,0,0,0,0,0,1,0,0
84488827,2800.0,0.0,8.0,,,0,0.98,0.81,0,0,0,0,0,0,0,1,0,0
54338958,0.0,0.0,1.0,,,0,0.06,0.25,0,0,0,0,0,0,0,1,0,0
26722601,1500.0,1900.0,4.0,,,0,0.06,0.21,0,0,0,0,0,0,0,1,0,0
62729173,1000.0,0.0,2.0,,,0,0.08,0.2,0,0,0,0,0,0,0,1,0,0
58494728,2600.0,0.0,7.0,,,0,0.28,0.27,0,0,0,0,0,0,0,1,0,0
94092230,3200.0,0.0,10.0,,,0,1.18,0.5,0,0,0,0,0,0,0,1,0,0
62007535,3000.0,0.0,9.0,,,0,0.74,0.34,0,0,0,0,0,0,0,1,0,0
85505315,2200.0,0.0,5.0,,,0,0.19,0.29,0,0,0,0,0,0,0,1,0,0
22009013,2400.0,0.0,6.0,,,0,0.15,0.19,0,0,0,0,0,0,0,1,0,0
61888819,2000.0,,0.0,2.0,,2,0.12,0.23,1,0,0,0,0,0,1,0,0,0
37926346,1900.0,0.0,4.0,,,0,0.43,0.45,1,0,0,0,0,1,0,0,0,0
90727556,200.0,0.0,1.0,,,0,0.09,0.15,0,0,0,0,0,0,0,1,0,0
99214782,1100.0,0.0,3.0,,,0,0.12,0.16,0,0,0,0,0,0,0,1,0,0
35618486,1850.0,0.0,4.0,,,0,0.1,0.16,0,0,0,0,0,0,0,1,0,0
99733359,1200.0,2400.0,6.0,,,0,0.08,0.14,0,0,0,0,0,0,0,1,0,0
3322931,2500.0,0.0,9.0,,,0,0.22,0.14,1,0,0,0,1,0,0,0,0,0
81810441,,,,,,0,0.06,0.2,0,0,0,0,0,0,0,0,0,1
9272381,2700.0,2000.0,5.0,,,0,0.23,0.25,1,0,0,0,0,1,0,0,0,0
56638325,2500.0,2100.0,4.0,,,0,0.27,0.45,1,0,0,0,0,1,0,0,0,0
42589641,2100.0,2500.0,4.0,,,0,0.19,0.12,1,0,0,0,0,1,0,0,0,0
22617205,1900.0,0.0,4.0,,7.0,0,0.14,0.11,0,1,0,0,0,0,0,1,0,0
41510920,,,,,,0,3.26,9.56,0,0,0,0,0,0,0,0,0,2
69678646,,,,,,0,0.0,0.0,0,0,0,0,0,0,0,0,0,1
5026221,,,,,,0,0.07,0.15,0,0,0,0,0,0,0,0,0,2
83225447,,,,,,0,0.02,0.17,0,0,0,0,0,0,0,0,0,1
57649113,800.0,1000.0,3.0,,,0,0.18,0.16,0,0,0,0,0,0,0,0,1,0
68167124,300.0,600.0,1.0,,,0,0.05,0.08,0,0,0,0,0,0,0,1,0,0
37364101,,,,,,0,0.29,0.17,0,0,0,0,0,0,0,0,0,1
54359696,300.0,200.0,1.0,,,0,0.12,0.13,0,0,0,0,0,0,0,1,0,0
63432835,800.0,1200.0,3.0,,,0,1.15,0.78,0,0,0,0,0,0,0,0,1,0
68171737,2000.0,2300.0,7.0,,,0,8.64,0.89,0,0,0,0,0,0,0,0,1,0
72269672,1200.0,1000.0,4.0,,,0,0.0,0.0,0,0,0,0,0,0,0,0,1,0
15023985,1600.0,1500.0,5.0,,,0,0.02,0.08,0,0,0,0,0,0,0,0,1,0
31812496,300.0,2000.0,4.0,,,0,0.08,0.19,0,0,0,0,0,0,0,1,0,0
70786111,,,,,,0,0.03,0.09,0,0,0,0,0,0,0,0,0,1
86555018,,,,,,0,0.16,0.14,0,0,0,0,0,0,0,0,0,2
63102017,,,,,,0,0.05,0.3,0,0,0,0,0,0,0,0,0,1
24232799,2500.0,2500.0,6.0,,,0,0.03,0.06,1,0,1,0,0,0,0,0,0,0
13210191,,,,,,0,0.07,0.14,0,0,0,0,0,0,0,0,0,1
15935204,2300.0,2000.0,6.0,,,0,0.06,0.12,0,0,0,0,0,0,0,1,0,0
89571015,2400.0,0.0,4.0,,,0,0.03,0.22,0,0,0,0,0,0,0,1,0,0
83195035,,,,,,0,0.26,0.21,0,0,0,0,0,0,0,0,0,2
39188539,2300.0,500.0,7.0,,,0,0.41,0.27,0,0,0,0,0,0,0,1,0,0
94641726,3000.0,2800.0,11.0,,,0,0.15,0.2,1,0,0,0,1,0,0,0,0,0
5650082,,,,,,0,0.22,0.24,0,0,0,0,0,0,0,0,0,2
29013526,800.0,1500.0,4.0,,,0,0.2,0.23,0,0,0,0,0,0,0,1,0,0
25173686,,,,,,0,0.16,0.11,0,0,0,0,0,0,0,0,0,2
300101002,,,,,,0,0.49,0.43,0,0,0,0,0,0,0,0,0,3
50032342,1600.0,1600.0,4.0,,,0,0.06,0.14,0,0,0,0,0,0,0,1,0,0
3841104,0.0,,,2.0,,2,0.1,0.34,1,0,0,0,0,0,1,0,0,0
86209650,1300.0,1700.0,3.0,,,0,0.11,0.1,0,0,0,0,0,0,0,1,0,0
60764581,,,,,,0,0.12,0.15,0,0,0,0,0,0,0,0,0,1
20212491,,,,,,0,0.15,0.34,0,0,0,0,0,0,0,0,0,1
27415516,1600.0,2000.0,4.0,,,0,0.27,0.39,0,0,0,0,0,0,0,1,0,0
96239878,,,,,,0,0.5,0.64,0,0,0,0,0,0,0,0,0,1
13002461,1500.0,1400.0,4.0,,,0,0.05,0.19,0,0,0,0,0,0,0,1,0,0
41006930,1700.0,1200.0,4.0,,,0,0.12,0.22,0,0,0,0,0,0,0,1,0,0
5795980,,,,,,0,0.1,0.17,0,0,0,0,0,0,0,0,0,1
30643162,,,,,,0,0.1,0.14,0,0,0,0,0,0,0,0,0,2
73539069,1000.0,,,1.0,,1,0.08,0.21,1,0,0,0,0,0,1,0,0,0
74715061,1200.0,1600.0,4.0,,,0,0.05,0.1,0,0,0,0,0,0,0,1,0,0
23770284,2400.0,1000.0,6.0,,,0,3.4,2.26,0,0,0,0,0,0,0,1,0,0
23535429,0.0,1500.0,4.0,,,0,0.11,0.16,0,0,0,0,0,0,0,1,0,0
27157727,,,,,,0,0.06,0.07,0,0,0,0,0,0,0,0,0,2
13955608,,,,,,0,0.06,0.1,0,0,0,0,0,0,0,0,0,2
71068263,1200.0,900.0,3.0,,,0,4.56,1.74,0,0,0,0,0,0,0,0,1,0
34646691,,,,,,0,0.04,0.38,0,0,0,0,0,0,0,0,0,1
81489939,,,,,,0,0.3,0.6,0,0,0,0,0,0,0,0,0,2
50732780,100.0,600.0,1.0,,,0,0.46,0.31,0,0,0,0,0,0,0,0,0,0
86137485,2200.0,1800.0,5.0,,,0,0.29,0.14,1,0,0,0,1,0,0,0,0,0
13521194,1600.0,1200.0,4.0,,,0,0.14,0.18,0,0,0,0,0,0,0,1,0,0
30106950,1900.0,0.0,4.0,,,0,1.07,1.14,0,0,0,0,0,0,0,1,0,0
54485355,1300.0,200.0,3.0,,,0,0.1,0.29,0,0,0,0,0,0,0,1,0,0
87116749,2200.0,0.0,6.0,,,0,0.05,0.09,0,0,0,0,0,0,0,1,0,0
63948258,1200.0,600.0,2.0,,,0,0.25,0.32,0,0,0,0,0,0,0,1,0,0
99861526,800.0,1800.0,4.0,,,0,0.1,0.12,0,0,0,0,0,0,0,1,0,0
5014629,1900.0,1000.0,3.0,,,0,0.27,0.74,1,0,0,0,0,1,0,0,0,0
89693655,,,,,,0,0.15,0.23,0,0,0,0,0,0,0,0,0,1
20663556,100.0,2000.0,1.0,,,0,0.97,0.19,0,0,0,0,0,0,0,1,0,0
43994202,,,,,,0,0.05,0.06,0,0,0,0,0,0,0,0,0,2
28369508,,,,,,0,0.24,0.37,0,0,0,0,0,0,0,0,0,2
95218695,2400.0,1600.0,6.0,,,0,0.18,0.11,0,0,0,0,0,0,0,1,0,0
74937659,2000.0,,0.0,2.0,,2,1.72,0.57,1,0,0,0,0,0,1,0,0,0
1151281,2600.0,2500.0,8.0,,,0,0.08,0.18,0,0,0,0,0,0,0,1,0,0
47556396,3000.0,1400.0,11.0,,,0,0.08,0.18,0,0,0,0,0,0,0,1,0,0
78202553,2800.0,2100.0,10.0,,,0,1.47,1.43,0,0,0,0,0,0,0,1,0,0
65976795,1400.0,2600.0,5.0,,,0,0.13,0.21,0,0,0,0,0,0,0,1,0,0
92970404,3000.0,1800.0,12.0,,,0,2.07,1.58,0,0,0,0,0,0,0,1,0,0
42713844,2000.0,2700.0,7.0,,,0,4.88,5.93,0,0,0,0,0,0,0,1,0,0
21607304,1900.0,3000.0,9.0,,,0,0.3,0.45,0,0,0,0,0,0,0,1,0,0
68001309,,,,,,0,0.13,0.16,0,0,0,0,0,0,0,0,0,1
74762582,800.0,500.0,1.0,,,0,0.2,0.2,0,0,0,0,0,0,0,1,0,0
74640994,,,,,,0,0.18,0.12,0,0,0,0,0,0,0,0,0,2
16428514,1600.0,1800.0,4.0,,,0,0.05,0.12,0,0,0,0,0,0,0,1,0,0
39581190,1600.0,1400.0,3.0,,,0,0.38,0.49,0,0,0,0,0,0,0,1,0,0
68823957,100.0,2000.0,2.0,,,0,0.21,0.33,0,0,0,0,0,0,0,1,0,0
16719140,1800.0,1200.0,4.0,,,0,0.15,0.49,0,0,0,0,0,0,0,1,0,0
73575650,,,,,,0,0.05,0.13,0,0,0,0,0,0,0,0,0,2
6859683,,,,,,0,0.07,0.1,0,0,0,0,0,0,0,0,0,2
69145169,,,,,,0,0.92,1.25,0,0,0,0,0,0,0,0,0,1
55291359,1650.0,1300.0,5.0,,,0,0.03,0.13,0,0,0,0,0,0,0,0,1,0
81756619,,,,,,0,1.52,1.24,0,0,0,0,0,0,0,0,0,1
23611122,,,,,,0,0.11,0.13,0,0,0,0,0,0,0,0,0,1
98434877,2500.0,2400.0,7.0,,,0,0.09,0.2,0,0,0,0,0,0,0,1,0,0
97254001,,,,,,0,0.09,0.1,0,0,0,0,0,0,0,0,0,1
77751766,,,,,,0,0.02,0.1,0,0,0,0,0,0,0,0,0,2
18114794,,,,,,0,1.9,0.74,0,0,0,0,0,0,0,0,0,1
55375684,,,,,,0,0.09,0.16,0,0,0,0,0,0,0,0,0,1
41139112,,,,,,0,0.23,0.61,0,0,0,0,0,0,0,0,0,1
29724053,,,,,,0,0.07,0.13,0,0,0,0,0,0,0,0,0,2
23516703,,,,,,0,0.02,0.09,0,0,0,0,0,0,0,0,0,2
48015771,,,,,,0,0.07,0.1,0,0,0,0,0,0,0,0,0,1
89493368,2000.0,1400.0,5.0,,,0,0.13,0.18,0,0,0,0,0,0,0,1,0,0
42719764,,,,,,0,0.07,0.1,0,0,0,0,0,0,0,0,0,2
61665245,2400.0,,0.0,3.0,,3,0.41,0.37,1,0,0,0,0,0,1,0,0,0
71459861,,,,,,0,0.07,0.25,0,0,0,0,0,0,0,0,0,1
70781052,2500.0,1200.0,6.0,,,0,0.09,0.53,0,0,0,0,0,0,0,0,1,0
423585,800.0,1600.0,4.0,,,0,0.04,0.15,0,0,0,0,0,0,0,1,0,0
14644902,800.0,900.0,3.0,,,0,0.02,0.23,0,0,0,0,0,0,0,1,0,0
22734799,2300.0,3000.0,8.0,,,0,0.34,0.3,0,0,0,0,0,0,0,1,0,0
79816536,,,,,,0,0.21,0.35,0,0,0,0,0,0,0,0,0,1
61650133,,,,,,0,0.02,0.14,0,0,0,0,0,0,0,0,0,1
52838896,,,,,,0,0.09,0.29,0,0,0,0,0,0,0,0,0,1
39823987,3000.0,2800.0,8.0,,,0,0.05,0.14,1,0,0,0,1,0,0,0,0,0
101403072,,,,,,0,0.0,0.0,0,0,0,0,0,0,0,0,0,2
77432167,,,,,,0,0.16,0.29,0,0,0,0,0,0,0,0,0,2
54340229,,,,,,0,0.21,0.22,0,0,0,0,0,0,0,0,0,2
7984540,0.0,,,2.0,,2,0.08,0.11,1,0,0,0,0,0,1,0,0,0
39880350,0.0,,,2.0,,2,0.28,0.25,1,0,0,0,0,0,1,0,0,0
65285459,0.0,,,3.0,,3,0.29,0.21,1,0,0,0,0,0,1,0,0,0
93896655,0.0,,,1.0,,1,0.81,0.71,1,0,0,0,0,0,1,0,0,0
92770064,0.0,,,4.0,,4,0.49,0.36,1,0,0,0,0,0,1,0,0,0
44478599,0.0,,,3.0,,3,0.06,0.06,1,0,0,0,0,0,1,0,0,0
10321588,1800.0,1000.0,4.0,,,0,0.08,0.16,0,0,0,0,0,0,0,1,0,0
78360952,2300.0,1500.0,6.0,,,0,0.04,0.07,0,0,0,0,0,0,0,1,0,0
73837870,300.0,400.0,1.0,,,0,0.02,0.25,0,0,0,0,0,0,0,0,0,0
27520594,0.0,600.0,1.0,,,0,0.96,0.4,0,0,0,0,0,0,0,0,1,0
30013902,0.0,400.0,1.0,,,0,0.13,0.2,0,0,0,0,0,0,0,1,0,0
66407907,0.0,800.0,2.0,,,0,0.36,0.27,0,0,0,0,0,0,0,1,0,0
42510430,,,,,,0,0.07,0.09,0,0,0,0,0,0,0,0,0,1
70473293,,,,,,0,0.03,0.06,0,0,0,0,0,0,0,0,0,1
28168762,600.0,,,1.0,,1,0.31,0.18,1,0,0,0,0,0,1,0,0,0
65563871,600.0,,,1.0,,1,0.63,0.26,1,0,0,0,0,0,1,0,0,0
53618293,0.0,0.0,1.0,,,0,0.21,0.22,0,0,0,0,0,0,0,1,0,0
27946124,,,,,,0,0.22,0.2,0,0,0,0,0,0,0,0,0,1
53286626,,,,,,0,0.04,0.11,0,0,0,0,0,0,0,0,0,1
91557476,800.0,,,1.0,,1,0.82,0.32,1,0,0,0,0,0,1,0,0,0
78552773,300.0,100.0,1.0,,,0,0.06,0.11,0,0,0,0,0,0,0,0,0,0
17315396,2200.0,1900.0,5.0,,,0,0.56,0.5,0,0,0,0,0,0,0,1,0,0
16780318,,,,,,0,0.17,0.21,0,0,0,0,0,0,0,0,0,1
84769941,-1.0,2000.0,8.0,,,0,0.17,0.24,0,0,0,0,0,0,0,1,0,0
29913783,2200.0,2100.0,9.0,,,0,0.41,0.27,0,0,0,0,0,0,0,1,0,0
77754169,2400.0,2000.0,8.0,,,0,0.13,0.21,0,0,0,0,0,0,0,1,0,0
41516133,3100.0,3100.0,11.0,,,0,0.11,0.21,0,0,0,0,0,0,0,1,0,0
85520851,3300.0,1400.0,8.0,,,0,0.17,0.1,0,0,0,0,0,0,0,1,0,0
86804246,0.0,3000.0,4.0,,,0,0.39,0.29,0,0,0,0,0,0,0,1,0,0
51193716,,,,,,0,0.0,0.0,0,0,0,0,0,0,0,0,0,1
45496268,1400.0,2500.0,8.0,,,0,0.07,0.12,0,0,0,0,0,0,0,1,0,0
8091563,1200.0,1600.0,4.0,,,0,0.04,0.09,0,0,0,0,0,0,0,1,0,0
71880877,800.0,1200.0,3.0,,,0,0.07,0.06,0,0,0,0,0,0,0,1,0,0
26120084,,,,,,0,0.13,0.15,0,0,0,0,0,0,0,0,0,1
44886582,,,,,,0,0.89,0.99,0,0,0,0,0,0,0,0,0,1
52481437,3000.0,0.0,10.0,,,0,0.29,0.25,0,0,0,0,0,0,0,1,0,0
11050415,,,,,,0,0.07,0.2,0,0,0,0,0,0,0,0,0,1
29590905,,,,,,0,0.08,0.14,0,0,0,0,0,0,0,0,0,2
66171432,,,,,,0,0.4,0.51,0,0,0,0,0,0,0,0,0,1
48130397,,,,,,0,2.59,3.0,0,0,0,0,0,0,0,0,0,1
72332074,,,,,,0,0.16,0.5,0,0,0,0,0,0,0,0,0,1
15721392,,,,,,0,0.1,0.17,0,0,0,0,0,0,0,0,0,1
58753372,0.0,0.0,1.0,,,0,0.29,2.98,0,0,0,0,0,0,0,1,0,0
66646087,0.0,0.0,1.0,,,0,0.08,0.12,0,0,0,0,0,0,0,1,0,0
11646785,2200.0,2400.0,4.0,,,0,1.52,2.45,1,0,0,0,0,1,0,0,0,0
85252081,1800.0,2800.0,3.0,,,0,0.05,0.12,1,0,0,0,0,1,0,0,0,0
57450198,2700.0,1900.0,7.0,,,0,0.23,0.41,1,0,0,0,0,1,0,0,0,0
57031794,2600.0,2000.0,5.0,,,0,0.53,1.05,1,0,0,0,0,1,0,0,0,0
84025439,3600.0,3200.0,12.0,,,0,0.32,0.63,1,0,0,0,0,1,0,0,0,0
10424147,,,,,,0,0.21,0.65,0,0,0,0,0,0,0,0,0,1
47819246,,,,,,0,0.11,0.64,0,0,0,0,0,0,0,0,0,2
1825445,,,,,,0,0.06,0.17,0,0,0,0,0,0,0,0,0,2
92034192,2400.0,2400.0,7.0,,,0,0.06,0.12,0,0,0,0,0,0,0,1,0,0
12369277,1200.0,2000.0,3.0,,,0,0.05,0.09,0,0,0,0,0,0,0,1,0,0
85374678,1600.0,1400.0,4.0,,,0,2.36,2.87,0,0,0,0,0,0,0,1,0,0
59975920,2000.0,800.0,5.0,,,0,0.06,0.11,0,0,0,0,0,0,0,1,0,0
73422829,2400.0,2400.0,7.0,,,0,0.25,1.84,0,0,0,0,0,0,0,1,0,0
27770341,,,,,,0,0.77,1.05,0,0,0,0,0,0,0,0,0,1
75923050,1200.0,500.0,6.0,,,0,0.43,0.41,1,0,1,0,0,0,0,0,0,0
1412158,1200.0,500.0,6.0,,,0,0.7,0.34,1,0,1,0,0,0,0,0,0,0
48422921,,,,,,0,0.07,0.09,0,0,0,0,0,0,0,0,0,1
32854013,,,,,,0,0.05,0.1,0,0,0,0,0,0,0,0,0,2
28529976,,,,,,0,0.29,0.36,0,0,0,0,0,0,0,0,0,1
73694478,,,,,,0,0.05,0.22,0,0,0,0,0,0,0,0,0,2
14094090,,,,,,0,0.15,0.24,0,0,0,0,0,0,0,0,0,1
799183,,,,,,0,0.52,0.38,0,0,0,0,0,0,0,0,0,2
79234734,0.0,0.0,1.0,,,0,0.08,0.25,0,0,0,0,0,0,0,1,0,0
45948430,,,,,,0,0.16,0.49,0,0,0,0,0,0,0,0,0,1
93039339,2900.0,2900.0,12.0,,,0,0.37,0.33,1,0,0,0,0,1,0,0,0,0
81193865,,,,,,0,0.04,0.18,0,0,0,0,0,0,0,0,0,1
8608979,,,,,,0,0.11,0.15,0,0,0,0,0,0,0,0,0,2
17745969,0.0,5000.0,10.0,,,0,0.35,0.33,1,0,1,0,0,0,0,0,0,0
3897065,3600.0,3000.0,9.0,,,0,0.09,0.1,1,0,1,0,0,0,0,0,0,0
36256625,3000.0,2000.0,8.0,,,0,0.12,0.16,1,0,1,0,0,0,0,0,0,0
33951077,2300.0,2100.0,7.0,,,0,0.14,0.21,0,0,0,1,0,0,0,0,0,0
6849042,2700.0,1400.0,8.0,,,0,0.16,0.12,0,0,0,0,0,0,0,1,0,0
20529766,2400.0,1000.0,5.0,,,0,0.63,0.49,0,0,0,0,0,0,0,1,0,0
5220687,1100.0,1800.0,4.0,,,0,0.16,0.21,0,0,0,0,0,0,0,1,0,0
64463828,2200.0,2200.0,8.0,,,0,0.9,0.55,1,0,1,0,0,0,0,0,0,0
88307361,2800.0,2200.0,7.0,,,0,0.27,0.32,0,0,0,0,0,0,0,1,0,0
97705809,,,,,,0,0.09,0.15,0,0,0,0,0,0,0,0,0,2
51869363,,,,,,0,0.1,0.16,0,0,0,0,0,0,0,0,0,1
66523544,5000.0,2000.0,10.0,,,0,0.07,0.13,1,0,0,0,0,1,0,0,0,0
38354018,3800.0,3000.0,10.0,,,0,0.81,1.0,1,0,0,0,0,1,0,0,0,0
56910167,3000.0,3000.0,10.0,,,0,0.21,0.12,1,0,0,0,0,1,0,0,0,0
92359409,5000.0,3000.0,10.0,,,0,1.17,0.95,1,0,0,0,0,1,0,0,0,0
26096328,4000.0,4000.0,11.0,,,0,0.18,0.16,1,0,0,0,0,1,0,0,0,0
9402966,100.0,800.0,2.0,,,0,0.58,1.01,0,0,0,0,0,0,0,0,0,0
85528209,1900.0,2500.0,9.0,,,0,0.26,0.24,1,0,0,0,1,0,0,0,0,0
3117804,1000.0,3500.0,8.0,,,0,0.26,0.28,0,0,0,0,0,0,0,1,0,0
36523152,800.0,1800.0,5.0,,,0,0.08,0.11,0,0,0,0,0,0,0,1,0,0
7864030,500.0,300.0,1.0,,,0,0.07,0.09,0,0,0,0,0,0,0,1,0,0
41628550,0.0,2000.0,4.0,,,0,0.06,0.11,0,0,0,0,0,0,0,1,0,0
64193046,2100.0,4000.0,12.0,,,0,0.5,2.68,1,0,0,0,1,0,0,0,0,0
90587641,2000.0,2500.0,8.0,,1.0,0,0.11,0.2,1,1,0,0,1,0,0,1,0,0
87535691,300.0,300.0,1.0,,,0,0.1,0.08,0,0,0,0,0,0,0,0,0,0
71386411,900.0,900.0,2.0,,,0,0.28,0.24,0,0,0,0,0,0,0,0,0,0
27978707,500.0,1000.0,3.0,,,0,1.9,0.94,0,0,0,0,0,0,0,1,0,0
78274190,300.0,500.0,1.0,,8.0,0,0.09,0.11,0,1,0,0,0,0,0,1,0,0
42880485,1800.0,2800.0,8.0,,1.0,0,0.07,0.06,0,1,0,0,0,0,0,1,0,0
62017867,100.0,1000.0,3.0,,,0,0.05,0.11,0,0,0,0,0,0,0,1,0,0
44891812,0.0,0.0,1.0,,,0,0.32,0.17,0,0,0,0,0,0,0,1,0,0
41307269,1000.0,2000.0,4.0,,,0,0.08,0.13,0,0,0,0,0,0,0,1,0,0
89091772,900.0,1900.0,4.0,,,0,0.1,0.09,0,0,0,0,0,0,0,1,0,0
19510093,1000.0,3500.0,8.0,,1.0,0,0.12,0.13,0,1,0,0,0,0,0,1,0,0
83334932,800.0,1200.0,2.0,,,0,0.11,0.21,0,0,0,0,0,0,0,0,0,0
76471944,2000.0,2800.0,8.0,,,0,0.41,0.38,1,0,0,0,1,0,0,0,0,0
36953371,500.0,2500.0,6.0,,,0,0.44,1.01,1,0,0,0,1,0,0,0,0,0
15495787,100.0,2100.0,3.0,,,0,0.06,0.11,0,0,0,0,0,0,0,1,0,0
82112494,1000.0,1500.0,4.0,,8.0,0,0.28,0.44,0,1,0,0,0,0,0,1,0,0
78391364,800.0,1800.0,4.0,,,0,0.7,0.78,0,0,0,0,0,0,0,1,0,0
33918636,0.0,,,1.0,,1,0.06,0.08,1,0,0,0,0,0,1,0,0,0
5182107,500.0,1500.0,4.0,,,0,0.03,0.15,0,0,0,0,0,0,0,1,0,0
3064425,1000.0,1000.0,3.0,,,0,0.09,0.1,0,0,0,0,0,0,0,1,0,0
27756115,0.0,0.0,1.0,,,0,0.06,0.1,0,0,0,0,0,0,0,1,0,0
77679716,0.0,500.0,1.0,,,0,0.09,0.12,0,0,0,0,0,0,0,1,0,0
35800511,0.0,400.0,1.0,,,0,0.09,0.1,0,0,0,0,0,0,0,1,0,0
40028305,500.0,500.0,2.0,,,0,0.14,0.16,0,0,0,0,0,0,0,1,0,0
4786063,800.0,800.0,2.0,,,0,0.1,0.09,0,0,0,0,0,0,0,1,0,0
56727340,0.0,0.0,4.0,,,0,0.06,0.13,0,0,0,0,0,0,0,1,0,0
14624296,0.0,300.0,1.0,,,0,0.07,0.22,0,0,0,0,0,0,0,1,0,0
95500396,0.0,0.0,1.0,,,0,0.52,0.62,0,0,0,0,0,0,0,1,0,0
90361010,1200.0,0.0,4.0,,,0,0.32,0.33,0,0,0,0,0,0,0,1,0,0
31181711,1200.0,1200.0,3.0,,,0,0.12,0.13,0,0,0,0,0,0,0,1,0,0
50065971,1200.0,2800.0,7.0,,,0,0.03,0.25,1,0,0,0,1,0,0,0,0,0
10333641,200.0,700.0,1.0,,,0,0.04,0.11,0,0,0,0,0,0,0,1,0,0
17775525,2000.0,4800.0,12.0,,,0,0.34,0.23,1,0,0,0,1,0,0,0,0,0
75988594,300.0,2300.0,5.0,,,0,0.07,0.17,1,0,0,0,1,0,0,0,0,0
77013169,1000.0,1800.0,3.0,,,0,0.06,0.13,0,0,0,0,0,0,0,1,0,0
14756848,1000.0,1000.0,10.0,,,0,0.07,0.2,0,0,0,0,0,0,0,1,0,0
41141943,1200.0,1800.0,5.0,,,0,0.07,0.11,0,0,0,0,0,0,0,1,0,0
64373401,300.0,600.0,2.0,,,0,0.92,0.84,0,0,0,0,0,0,0,0,0,0
34496660,1200.0,1800.0,4.0,,,0,0.03,0.13,0,0,0,0,0,0,0,1,0,0
494922,2400.0,3800.0,10.0,,,0,0.92,0.66,1,0,0,0,1,0,0,0,0,0
53363708,,,,,,0,0.92,1.17,0,0,0,0,0,0,0,0,0,1
16165939,,,,,,0,0.02,0.07,0,0,0,0,0,0,0,0,0,1
49980185,,,,,,0,0.03,0.09,0,0,0,0,0,0,0,0,0,2
93918159,,,,,,0,0.15,0.09,0,0,0,0,0,0,0,0,0,2
63804806,2600.0,2000.0,10.0,,,0,1.95,12.42,0,0,0,0,0,0,0,1,0,0
95750695,,,,,,0,0.22,0.11,0,0,0,0,0,0,0,0,0,1
44072894,1300.0,800.0,4.0,,,0,0.02,0.21,0,0,0,0,0,0,0,1,0,0
23738096,600.0,300.0,5.0,,,0,0.1,0.1,0,0,0,0,0,0,0,1,0,0
17626381,,,,,,0,0.05,0.07,0,0,0,0,0,0,0,0,0,1
41422426,1000.0,1000.0,3.0,,,0,1.41,0.0,0,0,0,0,0,0,0,0,1,0
92176681,2800.0,2600.0,8.0,,,0,0.12,0.07,0,0,0,0,0,0,0,0,1,0
98380593,,,,,,0,0.19,0.23,0,0,0,0,0,0,0,0,0,1
21113684,1400.0,2800.0,10.0,,,0,10.02,17.7,1,0,1,0,0,0,0,0,0,0
70771599,2500.0,2000.0,8.0,,,0,0.11,0.16,1,0,0,0,1,0,0,0,0,0
42160203,2500.0,2000.0,4.0,,,0,0.09,0.19,1,0,0,0,0,1,0,0,0,0
69610326,1800.0,1200.0,4.0,,5.0,0,0.15,0.18,0,1,0,0,0,0,0,1,0,0
41908872,1200.0,1800.0,4.0,,8.0,0,0.11,0.22,0,1,0,0,0,0,0,1,0,0
96733134,2500.0,2000.0,8.0,,4.0,0,0.1,0.13,0,1,0,0,0,0,0,1,0,0
43387895,2800.0,2000.0,8.0,,,0,0.15,0.27,1,0,1,0,0,0,0,0,0,0
22211622,0.0,0.0,7.0,,13.0,0,0.12,0.13,0,1,0,0,0,0,0,1,0,0
14513273,2500.0,2000.0,7.0,,1.0,0,0.78,5.85,0,1,0,0,0,0,0,1,0,0
96227613,0.0,0.0,7.0,,0.0,0,0.12,0.15,0,1,0,0,0,0,0,1,0,0
13331639,4000.0,4000.0,12.0,,1.0,0,0.14,0.4,1,1,1,0,0,0,0,1,0,0
48654267,4000.0,4000.0,12.0,,1.0,0,0.02,0.2,1,1,0,0,1,0,0,1,0,0
72043279,,,,,,0,0.18,0.27,0,0,0,0,0,0,0,0,0,1
84869738,,,,,,0,0.02,0.19,0,0,0,0,0,0,0,0,0,2
31259606,1500.0,1600.0,4.0,,,0,0.06,0.13,0,0,0,0,0,0,0,1,0,0
31042659,-1.0,0.0,8.0,,,0,0.14,0.25,0,0,0,0,0,0,0,1,0,0
33057951,,,,,,0,0.12,0.22,0,0,0,0,0,0,0,0,0,1
55697723,1800.0,300.0,4.0,,,0,0.4,0.66,0,0,0,0,0,0,0,1,0,0
22912101,1800.0,1200.0,4.0,,,0,5.8,6.47,0,0,0,0,0,0,0,1,0,0
33331231,2500.0,2500.0,8.0,,,0,0.02,0.59,0,0,0,0,0,0,0,1,0,0
23530726,3000.0,,,4.0,,4,0.17,0.14,1,0,0,0,0,0,1,0,0,0
70491413,,,,,,0,0.04,0.08,0,0,0,0,0,0,0,0,0,1
35167375,,,,,,0,0.63,0.65,0,0,0,0,0,0,0,0,0,1
58419204,,,,,,0,0.23,0.2,0,0,0,0,0,0,0,0,0,2
58272005,,,,,,0,0.1,0.2,0,0,0,0,0,0,0,0,0,2
44612603,,,,,,0,0.05,0.22,0,0,0,0,0,0,0,0,0,2
40473581,2000.0,1600.0,4.0,,,0,0.27,0.53,0,0,0,0,0,0,0,0,0,0
62173132,,,,,,0,0.06,0.21,0,0,0,0,0,0,0,0,0,1
70083592,,,,,,0,0.2,0.15,0,0,0,0,0,0,0,0,0,1
77060848,1400.0,1600.0,5.0,,,0,0.09,0.14,0,0,0,0,0,0,0,0,0,0
10651797,,,,,,0,0.55,0.95,0,0,0,0,0,0,0,0,0,2
5993144,,,,,,0,0.11,0.18,0,0,0,0,0,0,0,0,0,1
94145683,,,,,,0,0.77,0.47,0,0,0,0,0,0,0,0,0,1
79972330,1800.0,1200.0,4.0,,,0,0.06,0.11,0,0,0,0,0,0,0,1,0,0
40453765,1800.0,1500.0,5.0,,,0,0.09,0.15,0,0,0,0,0,0,0,1,0,0
50277973,,,,,,0,0.06,0.11,0,0,0,0,0,0,0,0,0,2
30968774,500.0,1000.0,2.0,,,0,0.05,0.11,0,0,0,0,0,0,0,1,0,0
9126351,1000.0,500.0,2.0,,,0,0.28,0.2,0,0,0,0,0,0,0,1,0,0
6116731,1500.0,500.0,3.0,,,0,0.02,0.06,0,0,0,0,0,0,0,1,0,0
41039846,1200.0,1800.0,5.0,,,0,0.16,0.12,0,0,0,0,0,0,0,1,0,0
41872150,1000.0,500.0,3.0,,,0,0.24,0.21,0,0,0,0,0,0,0,1,0,0
15383415,500.0,1000.0,3.0,,,0,0.36,0.25,0,0,0,0,0,0,0,1,0,0
74983881,0.0,0.0,2.0,,,0,0.1,0.1,0,0,0,0,0,0,0,1,0,0
44843954,,,,,,0,0.06,0.17,0,0,0,0,0,0,0,0,0,1
36848764,,,,,,0,0.09,0.23,0,0,0,0,0,0,0,0,0,1
81896370,2300.0,1400.0,6.0,,,0,0.18,0.13,0,0,0,0,0,0,0,1,0,0
16589042,2300.0,2100.0,7.0,,,0,0.14,0.54,0,0,0,0,0,0,0,1,0,0
71934924,,,,,,0,0.06,0.15,0,0,0,0,0,0,0,0,0,2
18964575,0.0,0.0,1.0,,,0,0.06,0.23,0,0,0,0,0,0,0,1,0,0
84613836,,,,,,0,0.1,0.21,0,0,0,0,0,0,0,0,0,2
77482666,2000.0,1600.0,4.0,,,0,0.29,3.91,0,0,0,0,0,0,0,1,0,0
96765646,,,,,,0,0.11,0.14,0,0,0,0,0,0,0,0,0,1
47961342,,,,,,0,0.12,0.17,0,0,0,0,0,0,0,0,0,2
300104005,,,,,,0,3.91,5.75,0,0,0,0,0,0,0,0,0,3
30426226,,,,,,0,0.17,0.12,0,0,0,0,0,0,0,0,0,2
13069066,1750.0,2030.0,6.0,,,0,11.36,10.37,0,0,0,0,0,0,0,0,1,0
64689404,2700.0,1000.0,6.0,,,0,0.82,0.45,1,0,0,0,0,1,0,0,0,0
51345461,2450.0,1700.0,7.0,,,0,0.02,0.22,0,0,0,0,0,0,0,1,0,0
81336148,1200.0,0.0,3.0,,,0,0.07,0.17,0,0,0,0,0,0,0,0,0,0
37120512,,,,,,0,0.04,0.12,0,0,0,0,0,0,0,0,0,1
17589298,,,,,,0,0.13,0.49,0,0,0,0,0,0,0,0,0,1
98495314,,,,,,0,0.04,0.2,0,0,0,0,0,0,0,0,0,1
61405855,,,,,,0,0.35,0.43,0,0,0,0,0,0,0,0,0,1
48716139,,,,,,0,0.11,0.09,0,0,0,0,0,0,0,0,0,1
48447192,,,,,,0,0.11,0.24,0,0,0,0,0,0,0,0,0,1
5371656,,,,,,0,0.09,0.12,0,0,0,0,0,0,0,0,0,1
35844557,1500.0,200.0,4.0,,,0,4.7,6.69,0,0,0,0,0,0,0,1,0,0
73911410,1450.0,1500.0,5.0,,,0,2.51,0.64,0,0,0,0,0,0,0,0,1,0
25067275,,,,,,0,0.08,0.12,0,0,0,0,0,0,0,0,0,1
93087299,,,,,,0,0.09,0.46,0,0,0,0,0,0,0,0,0,1
12923641,,,,,,0,0.1,0.19,0,0,0,0,0,0,0,0,0,1
72302403,,,,,,0,0.02,0.14,0,0,0,0,0,0,0,0,0,1
85255550,250.0,250.0,1.0,,,0,0.06,0.1,0,0,0,0,0,0,0,1,0,0
3573512,500.0,1200.0,3.0,,,0,0.02,0.28,0,0,0,0,0,0,0,0,1,0
64605089,0.0,2400.0,8.0,,,0,1.09,1.15,0,0,0,0,0,0,0,1,0,0
78836195,,,,,,0,0.02,0.15,0,0,0,0,0,0,0,0,0,2
29884951,2400.0,1800.0,6.0,,,0,0.15,0.2,0,0,0,0,0,0,0,1,0,0
14821890,,,,,,0,0.11,0.2,0,0,0,0,0,0,0,0,0,2
56465981,,,,,,0,0.25,0.27,0,0,0,0,0,0,0,0,0,1
69248256,2800.0,1000.0,8.0,,,0,0.15,0.18,1,0,0,0,1,0,0,0,0,0
20001443,1700.0,1800.0,4.0,,,0,0.78,0.62,0,0,0,0,0,0,0,1,0,0
56495147,1800.0,1500.0,4.0,,,0,0.1,0.12,0,0,0,0,0,0,0,1,0,0
83308376,,,,,,0,0.02,0.2,0,0,0,0,0,0,0,0,0,1
93850690,,,,,,0,0.23,0.27,0,0,0,0,0,0,0,0,0,1
47710198,2900.0,2300.0,10.0,,,0,0.09,0.13,1,0,0,0,1,0,0,0,0,0
93490856,1200.0,2300.0,6.0,,,0,0.13,0.19,0,0,0,0,0,0,0,1,0,0
99137266,,,,,,0,0.04,0.14,0,0,0,0,0,0,0,0,0,2
96633955,3000.0,3000.0,10.0,,,0,0.13,0.12,1,0,0,0,1,0,0,0,0,0
50005633,2000.0,1600.0,6.0,,,0,0.06,0.12,0,0,0,0,0,0,0,0,1,0
11682713,1900.0,700.0,4.0,,,0,0.19,0.22,0,0,0,0,0,0,0,1,0,0
91650245,,,,,,0,0.1,0.01,0,0,0,0,0,0,0,0,0,2
82016179,,,,,,0,0.72,0.38,0,0,0,0,0,0,0,0,0,1
10753491,100.0,100.0,1.0,,,0,0.19,0.13,0,0,0,0,0,0,0,1,0,0
21903613,1200.0,,,2.0,,2,0.21,0.26,1,0,0,0,0,0,1,0,0,0
62434031,1800.0,1000.0,4.0,,,0,0.31,0.29,0,0,0,0,0,0,0,1,0,0
99429730,2400.0,1500.0,6.0,,,0,0.06,0.07,0,0,0,0,0,0,0,1,0,0
25824484,2700.0,1800.0,8.0,,,0,5.18,4.48,0,0,0,0,0,0,0,1,0,0
99641328,100.0,2000.0,2.0,,,0,0.17,0.44,0,0,0,0,0,0,0,1,0,0
73136204,2300.0,1100.0,5.0,,,0,0.09,0.17,0,0,0,0,0,0,0,1,0,0
36046926,1500.0,1200.0,3.0,,,0,2.0,1.91,0,0,0,0,0,0,0,1,0,0
47077318,400.0,1100.0,3.0,,,0,0.13,0.19,0,0,0,0,0,0,0,1,0,0
63257623,400.0,100.0,1.0,,,0,0.18,0.2,0,0,0,0,0,0,0,1,0,0
33909817,1800.0,100.0,1.0,,,0,0.39,0.29,1,0,0,0,0,1,0,0,0,0
20579538,100.0,100.0,1.0,,,0,2.55,2.12,0,0,0,0,0,0,0,1,0,0
10530913,2600.0,2100.0,7.0,,,0,0.73,0.31,0,0,0,0,0,0,0,1,0,0
47741109,900.0,400.0,1.0,,,0,0.11,0.09,0,0,0,0,0,0,0,1,0,0
49838105,,,,,,0,0.08,0.11,0,0,0,0,0,0,0,0,0,2
2295831,,,,,,0,0.09,0.26,0,0,0,0,0,0,0,0,0,1
45305419,,,,,,0,0.29,0.16,0,0,0,0,0,0,0,0,0,1
78794994,,,,,,0,0.04,0.06,0,0,0,0,0,0,0,0,0,1
75304793,,,,,,0,0.02,0.08,0,0,0,0,0,0,0,0,0,1
68933343,600.0,400.0,1.0,,,0,0.15,0.36,0,0,0,0,0,0,0,0,0,0
70204022,1200.0,1200.0,4.0,,8.0,0,0.02,0.05,0,1,0,0,0,0,0,1,0,0
94331452,700.0,700.0,2.0,,,0,0.05,0.18,0,0,0,0,0,0,0,0,0,0
12525049,1500.0,100.0,3.0,,7.0,0,0.02,0.18,0,1,0,0,0,0,0,1,0,0
43210483,1100.0,500.0,3.0,,0.0,0,0.02,0.05,0,1,0,0,0,0,0,1,0,0
5399521,2300.0,1100.0,5.0,,1.0,0,0.06,0.12,0,1,0,0,0,0,0,1,0,0
31826057,900.0,1300.0,3.0,,,0,0.16,0.13,0,0,0,0,0,0,0,0,0,0
24070330,2500.0,1500.0,7.0,,10.0,0,0.05,0.11,1,1,0,0,1,0,0,1,0,0
49919798,1200.0,1900.0,4.0,,,0,0.05,0.09,0,0,0,0,0,0,0,1,0,0
75646173,800.0,900.0,3.0,,,0,0.0,0.0,0,0,0,0,0,0,0,0,1,0
21879581,,,,,,0,0.02,0.15,0,0,0,0,0,0,0,0,0,2
35537860,,,,,,0,0.05,0.1,0,0,0,0,0,0,0,0,0,1
98143165,,,,,,0,0.08,0.09,0,0,0,0,0,0,0,0,0,1
89974904,,,,,,0,0.3,0.54,0,0,0,0,0,0,0,0,0,2
36737092,,,,,,0,0.15,0.11,0,0,0,0,0,0,0,0,0,1
23442438,,,,,,0,0.09,0.13,0,0,0,0,0,0,0,0,0,1
88289295,,,,,,0,4.53,9.14,0,0,0,0,0,0,0,0,0,1
41097056,,,,,,0,0.22,0.24,0,0,0,0,0,0,0,0,0,1
22414174,,,,,,0,0.18,0.31,0,0,0,0,0,0,0,0,0,1
24545464,,,,,,0,0.19,0.23,0,0,0,0,0,0,0,0,0,2
47699948,,,,,,0,0.09,0.14,0,0,0,0,0,0,0,0,0,1
75105429,,,,,,0,0.25,0.18,0,0,0,0,0,0,0,0,0,2
49415281,,,,,,0,1.76,1.56,0,0,0,0,0,0,0,0,0,2
43834302,,,,,,0,1.23,1.06,0,0,0,0,0,0,0,0,0,1
50727844,,,,,,0,0.17,0.2,0,0,0,0,0,0,0,0,0,2
15839054,800.0,600.0,2.0,,,0,0.29,1.03,0,0,0,0,0,0,0,1,0,0
52128900,,,,,,0,0.08,0.18,0,0,0,0,0,0,0,0,0,1
50702124,1000.0,600.0,3.0,,,0,0.1,0.14,0,0,0,0,0,0,0,0,0,0
14507213,,,,,,0,0.19,0.19,0,0,0,0,0,0,0,0,0,2
99243014,,,,,,0,0.09,0.21,0,0,0,0,0,0,0,0,0,1
653675,,,,,,0,0.09,0.17,0,0,0,0,0,0,0,0,0,1
83962752,,,,,,0,0.04,0.17,0,0,0,0,0,0,0,0,0,2
88901994,,,,,,0,0.36,0.35,0,0,0,0,0,0,0,0,0,1
79796561,0.0,0.0,1.0,,,0,0.12,0.21,0,0,0,0,0,0,0,1,0,0
30123142,,,,,,0,0.1,0.18,0,0,0,0,0,0,0,0,0,2
57246528,,,,,,0,0.07,0.21,0,0,0,0,0,0,0,0,0,1
35817848,,,,,,0,0.02,0.07,0,0,0,0,0,0,0,0,0,2
36742774,,,,,,0,0.13,0.19,0,0,0,0,0,0,0,0,0,1
60306277,,,,,,0,0.1,0.17,0,0,0,0,0,0,0,0,0,2
62125438,0.0,1000.0,2.0,,,0,1.03,0.39,0,0,0,0,0,0,0,1,0,0
36643046,0.0,700.0,2.0,,,0,0.06,0.15,0,0,0,0,0,0,0,1,0,0
62125439,,,,,,0,0.0,0.0,0,0,0,0,0,0,0,0,0,4
61032879,,,,,,0,0.02,0.29,0,0,0,0,0,0,0,0,0,1
77360173,100.0,100.0,1.0,,,0,0.18,0.32,0,0,0,0,0,0,0,0,0,0
72446038,,,,,,0,0.2,0.19,0,0,0,0,0,0,0,0,0,1
16946849,,,,,,0,0.05,0.12,0,0,0,0,0,0,0,0,0,2
16946850,,,,,,0,0.2,0.28,0,0,0,0,0,0,0,0,0,4
18895832,,,,,,0,0.73,1.14,0,0,0,0,0,0,0,0,0,1
12927849,1800.0,1100.0,4.0,,,0,0.02,0.1,0,0,0,0,0,0,0,1,0,0
10456559,0.0,0.0,1.0,,,0,0.1,0.23,0,0,0,0,0,0,0,1,0,0
54573517,,,,,,0,0.12,0.25,0,0,0,0,0,0,0,0,0,1
51447164,3300.0,2200.0,10.0,,,0,2.7,0.95,1,0,0,0,1,0,0,0,0,0
48633301,400.0,300.0,1.0,,,0,0.06,0.09,0,0,0,0,0,0,0,1,0,0
64898834,900.0,1300.0,2.0,,,0,0.1,0.22,0,0,0,0,0,0,0,1,0,0
2339825,,,,,,0,0.1,0.15,0,0,0,0,0,0,0,0,0,2
64910482,0.0,0.0,1.0,,,0,0.14,0.29,0,0,0,0,0,0,0,0,0,0
30348744,100.0,800.0,1.0,,,0,0.02,0.12,0,0,0,0,0,0,0,1,0,0
94350039,600.0,0.0,1.0,,,0,0.08,0.17,0,0,0,0,0,0,0,0,0,0
95973569,4000.0,4000.0,12.0,,,0,0.19,0.32,1,0,0,0,1,0,0,0,0,0
97836203,4000.0,4000.0,12.0,,,0,1.9,7.8,1,0,0,0,1,0,0,0,0,0
47027714,4500.0,4500.0,12.0,,,0,0.07,0.31,0,0,0,0,0,0,0,1,0,0
90953320,2400.0,1800.0,5.0,,,0,0.11,0.17,1,0,0,0,1,0,0,0,0,0
37300735,1400.0,1200.0,3.0,,,0,0.09,0.19,0,0,0,0,0,0,0,0,0,0
28189908,,,,,,0,0.34,0.63,0,0,0,0,0,0,0,0,0,1
66733743,1100.0,0.0,2.0,,,0,0.02,0.16,0,0,0,0,0,0,0,1,0,0
32480825,1800.0,0.0,2.0,,,0,0.09,0.24,1,0,0,0,1,0,0,0,0,0
68989420,2100.0,1900.0,5.0,,,0,0.2,0.3,1,0,0,0,1,0,0,0,0,0
24943456,2300.0,1000.0,5.0,,,0,1.03,0.9,1,0,0,0,1,0,0,0,0,0
62560742,300.0,300.0,2.0,,,0,0.19,0.53,1,0,0,0,1,0,0,0,0,0
77392987,600.0,600.0,1.0,,,0,0.11,0.24,0,0,0,0,0,0,0,1,0,0
36687247,1600.0,800.0,4.0,,,0,0.3,0.27,0,0,0,0,0,0,0,1,0,0
11234702,1300.0,500.0,4.0,,,0,0.2,0.33,0,0,0,0,0,0,0,0,0,0
99937842,100.0,2200.0,5.0,,,0,0.13,0.18,1,0,0,0,1,0,0,0,0,0
1315120,800.0,0.0,2.0,,,0,0.53,0.64,0,0,0,0,0,0,0,0,0,0
74627016,0.0,0.0,1.0,,,0,0.08,0.25,0,0,0,0,0,0,0,0,0,0
50750868,2200.0,,,3.0,,3,0.04,0.2,1,0,0,0,0,0,1,0,0,0
293542,1200.0,0.0,3.0,,,0,0.14,0.51,0,0,0,0,0,0,0,1,0,0
98558751,1900.0,0.0,5.0,,,0,0.2,0.24,1,0,0,0,1,0,0,0,0,0
86449372,,,,,,0,0.06,0.04,0,0,0,0,0,0,0,0,0,1
59650656,,,,,,0,1.39,0.9,0,0,0,0,0,0,0,0,0,2
72705654,300.0,250.0,4.0,,,0,0.16,0.24,0,0,0,0,0,0,0,1,0,0
89789152,,,,,,0,0.1,0.23,0,0,0,0,0,0,0,0,0,2
71083002,,,,,,0,0.15,0.18,0,0,0,0,0,0,0,0,0,1
8038143,,,,,,0,0.09,0.14,0,0,0,0,0,0,0,0,0,2
12467005,1500.0,1800.0,4.0,,,0,0.09,0.09,0,0,0,0,0,0,0,1,0,0
89698120,1300.0,1200.0,3.0,,,0,0.13,0.17,0,0,0,0,0,0,0,1,0,0
58421530,,,,,,0,0.17,0.17,0,0,0,0,0,0,0,0,0,2
16968936,200.0,1200.0,2.0,,,0,0.1,0.23,0,0,0,0,0,0,0,0,0,0
83682725,,,,,,0,0.14,0.15,0,0,0,0,0,0,0,0,0,1
43641473,,,,,,0,0.05,0.1,0,0,0,0,0,0,0,0,0,1
82119326,,,,,,0,0.13,0.17,0,0,0,0,0,0,0,0,0,1
1187243,,,,,,0,0.05,0.16,0,0,0,0,0,0,0,0,0,1
50281477,2000.0,0.0,5.0,,,0,0.27,0.29,0,0,0,0,0,0,0,1,0,0
28725004,1250.0,800.0,3.0,,,0,0.05,0.16,0,0,0,0,0,0,0,1,0,0
44073668,1500.0,1200.0,4.0,,,0,3.25,0.82,0,0,0,0,0,0,0,0,1,0
3170832,1450.0,1000.0,4.0,,,0,0.99,4.65,0,0,0,0,0,0,0,0,1,0
80190753,2800.0,1200.0,8.0,,,0,0.09,0.26,0,0,0,0,0,0,0,1,0,0
99289828,,,,,,0,0.93,0.96,0,0,0,0,0,0,0,0,0,1
71983925,,,,,,0,0.06,0.05,0,0,0,0,0,0,0,0,0,2
19312169,,,,,,0,0.07,0.07,0,0,0,0,0,0,0,0,0,1
96380700,1200.0,,,1.0,,1,0.08,0.21,1,0,0,0,0,0,1,0,0,0
9175957,,,,,,0,0.03,0.09,0,0,0,0,0,0,0,0,0,1
74150658,2100.0,2050.0,6.0,,,0,0.03,0.13,0,0,0,0,0,0,0,1,0,0
79757784,1000.0,2000.0,4.0,,,0,0.07,0.25,0,0,0,0,0,0,0,1,0,0
14677495,800.0,1100.0,3.0,,,0,0.04,0.12,0,0,0,0,0,0,0,1,0,0
15394083,1200.0,800.0,3.0,,,0,0.08,0.1,0,0,0,0,0,0,0,1,0,0
9831539,,,,,,0,0.07,0.21,0,0,0,0,0,0,0,0,0,1
7020743,0.0,0.0,1.0,,,0,0.07,0.12,1,0,0,0,0,1,0,0,0,0
45016904,900.0,600.0,2.0,,,0,0.04,0.09,0,0,0,0,0,0,0,0,0,0
46247516,1200.0,900.0,3.0,,,0,1.58,0.0,0,0,0,0,0,0,0,0,1,0
82566662,2500.0,,,3.0,,3,0.19,0.17,1,0,0,0,0,0,1,0,0,0
99946920,2200.0,0.0,5.0,,,0,0.34,0.07,0,0,0,0,0,0,0,1,0,0
8152834,0.0,0.0,4.0,,,0,0.02,0.04,0,0,0,0,0,0,0,1,0,0
64892035,2200.0,0.0,4.0,,,0,0.2,0.14,0,0,0,0,0,0,0,1,0,0
86039057,1700.0,100.0,4.0,,,0,0.06,0.11,0,0,0,0,0,0,0,1,0,0
18444902,1500.0,0.0,4.0,,,0,0.03,0.11,0,0,0,0,0,0,0,1,0,0
3096468,500.0,1700.0,3.0,,,0,0.08,0.19,0,0,0,0,0,0,0,0,0,0
55863245,1700.0,500.0,3.0,,,0,0.05,0.1,1,0,0,0,1,0,0,0,0,0
47922711,1350.0,1600.0,5.0,,,0,0.0,0.0,0,0,0,0,0,0,0,0,1,0
90740329,,,,,,0,0.06,0.19,0,0,0,0,0,0,0,0,0,2
73490148,3200.0,2500.0,8.0,,,0,2.9,0.0,0,0,0,1,0,0,0,1,0,0
33779875,2800.0,2800.0,8.0,,,0,2.91,3.52,1,0,0,0,0,1,0,0,0,0
1329620,,,,,,0,0.17,0.14,0,0,0,0,0,0,0,0,0,2
33878367,,,,,,0,0.27,0.21,0,0,0,0,0,0,0,0,0,1
37961969,1600.0,1000.0,3.0,,,0,0.15,0.19,0,0,0,0,0,0,0,1,0,0
60362066,,,,,,0,0.13,0.2,0,0,0,0,0,0,0,0,0,1
28226490,3000.0,3000.0,9.0,,,0,10.57,5.03,1,0,1,0,0,0,0,0,0,0
4928565,2300.0,1200.0,7.0,,,0,0.2,0.24,0,0,0,0,0,0,0,1,0,0
92731385,2300.0,1200.0,5.0,,,0,6.35,4.21,1,0,1,0,0,0,0,0,0,0
74078255,800.0,2000.0,2.0,,,0,0.16,0.09,0,0,0,0,0,0,0,1,0,0
38436986,,,,,,0,0.21,0.09,0,0,0,0,0,0,0,0,0,2
34225426,,,,,,0,0.08,0.11,0,0,0,0,0,0,0,0,0,1
73956664,1500.0,2100.0,4.0,,,0,9.26,9.53,0,0,0,0,0,0,0,1,0,0
84330567,3000.0,2500.0,8.0,,,0,10.4,10.65,1,0,1,0,0,0,0,0,0,0
572850,1800.0,1300.0,4.0,,,0,4.37,1.18,0,0,0,0,0,0,0,1,0,0
6767771,,,,,,0,0.18,0.25,0,0,0,0,0,0,0,0,0,1
74920585,,,,,,0,0.23,0.19,0,0,0,0,0,0,0,0,0,2
68392533,,,,,,0,0.18,0.2,0,0,0,0,0,0,0,0,0,1
28741524,,,,,,0,1.63,1.74,0,0,0,0,0,0,0,0,0,1
84847656,1700.0,700.0,4.0,,,0,0.13,0.09,0,0,0,0,0,0,0,1,0,0
23323812,,,,,,0,0.08,0.09,0,0,0,0,0,0,0,0,0,2
6795211,,,,,,0,0.08,0.15,0,0,0,0,0,0,0,0,0,1
36494597,,,,,,0,0.09,0.15,0,0,0,0,0,0,0,0,0,1
42822433,1700.0,1300.0,4.0,,,0,0.24,0.27,0,0,0,0,0,0,0,1,0,0
58858807,2500.0,1650.0,4.0,,,0,0.15,0.47,1,0,0,0,0,1,0,0,0,0
32289031,2500.0,2500.0,4.0,,,0,0.5,0.28,1,0,0,0,0,1,0,0,0,0
60700283,1500.0,1000.0,4.0,,,0,4.68,2.46,0,0,0,0,0,0,0,1,0,0
65236257,,,,,,0,0.18,0.29,0,0,0,0,0,0,0,0,0,1
79210531,1200.0,1600.0,4.0,,,0,0.28,0.23,0,0,0,0,0,0,0,1,0,0
18326736,550.0,2600.0,4.0,,,0,0.38,0.32,1,0,0,0,0,1,0,0,0,0
4026187,1850.0,1000.0,4.0,,,0,2.33,2.8,1,0,1,0,0,0,0,0,0,0
19280589,500.0,500.0,3.0,,,0,0.18,0.16,0,0,0,0,0,0,0,1,0,0
24431911,2500.0,2500.0,8.0,,,0,0.29,0.27,0,0,0,0,0,0,0,1,0,0
87608852,1000.0,1000.0,3.0,,,0,14.71,18.9,0,0,0,0,0,0,0,1,0,0
63101919,2200.0,1400.0,6.0,,,0,8.52,11.19,1,0,0,0,1,0,0,0,0,0
89399912,2400.0,2200.0,7.0,,,0,0.1,0.19,0,0,0,0,0,0,0,1,0,0
24521325,0.0,0.0,1.0,,,0,0.05,0.11,0,0,0,0,0,0,0,1,0,0
732302,900.0,1300.0,4.0,,,0,0.89,3.26,0,0,0,0,0,0,0,0,1,0
29762407,,,,,,0,0.1,0.15,0,0,0,0,0,0,0,0,0,1
92481084,,,,,,0,0.04,0.11,0,0,0,0,0,0,0,0,0,1
53819808,,,,,,0,0.29,0.3,0,0,0,0,0,0,0,0,0,1
91468551,,,,,,0,0.19,0.18,0,0,0,0,0,0,0,0,0,1
86304179,1600.0,0.0,3.0,,8.0,0,0.02,0.12,0,1,0,0,0,0,0,0,1,0
52558805,1700.0,1000.0,3.0,,,0,0.14,0.59,1,0,0,0,0,1,0,0,0,0
10000,-1.0,-1.0,10.0,,,0,522.11,718.76,0,0,0,0,0,0,0,1,0,0
33609262,,,,,,0,0.29,0.39,0,0,0,0,0,0,0,0,0,1
9597987,,,,,,0,0.03,0.08,0,0,0,0,0,0,0,0,0,1
57935140,700.0,1400.0,3.0,,,0,3.07,0.0,0,0,0,0,0,0,0,0,1,0
4103668,2600.0,1500.0,7.0,,,0,1.5,1.56,1,0,0,0,1,0,0,0,0,0
41589166,1500.0,1000.0,4.0,,,0,0.07,0.15,0,0,0,0,0,0,0,1,0,0
33837653,2100.0,1000.0,5.0,,,0,0.06,0.18,0,0,0,0,0,0,0,1,0,0
90122655,2400.0,1000.0,5.0,,,0,0.07,0.12,0,0,0,0,0,0,0,1,0,0
91810826,1500.0,1000.0,4.0,,,0,0.12,0.15,0,0,0,0,0,0,0,0,0,0
65326118,1600.0,1000.0,3.0,,,0,0.05,0.13,0,0,0,0,0,0,0,1,0,0
23657016,0.0,1000.0,3.0,,,0,1.7,1.59,0,0,0,0,0,0,0,1,0,0
39931513,1700.0,1000.0,3.0,,,0,1.24,2.79,0,0,0,0,0,0,0,1,0,0
56322832,3000.0,2100.0,10.0,,11.0,0,0.12,0.14,0,1,0,0,0,0,0,1,0,0
59563768,800.0,100.0,2.0,,,0,0.08,0.08,0,0,0,0,0,0,0,1,0,0
60715406,500.0,600.0,2.0,,,0,0.0,0.0,0,0,0,0,0,0,0,0,1,0
98159737,0.0,0.0,1.0,,,0,0.11,0.12,0,0,0,0,0,0,0,0,0,0
87052196,1600.0,2600.0,7.0,,,0,0.13,0.16,0,0,0,0,0,0,0,1,0,0
60942444,600.0,1500.0,4.0,,,0,0.14,0.14,0,0,0,0,0,0,0,1,0,0
73121813,3000.0,0.0,8.0,,,0,0.55,1.66,1,0,0,0,1,0,0,0,0,0
97036149,800.0,1000.0,4.0,,,0,0.08,0.11,0,0,0,0,0,0,0,1,0,0
38030232,3000.0,,,4.0,,4,0.4,0.58,1,0,0,0,0,0,1,0,0,0
24557335,400.0,2000.0,4.0,,,0,0.33,0.22,0,0,0,0,0,0,0,1,0,0
52854600,1600.0,0.0,4.0,,,0,0.22,0.27,0,0,0,0,0,0,0,0,0,0
23431858,1500.0,2500.0,7.0,,,0,0.02,0.09,0,0,0,0,0,0,0,1,0,0
77946022,,,,,,0,0.2,0.24,0,0,0,0,0,0,0,0,0,1
54631834,,,,,,0,0.27,0.21,0,0,0,0,0,0,0,0,0,1
48605591,,,,,,0,0.03,0.08,0,0,0,0,0,0,0,0,0,1
26509612,,,,,,0,0.27,0.23,0,0,0,0,0,0,0,0,0,2
63308047,1200.0,1300.0,4.0,,,0,0.02,0.13,0,0,0,0,0,0,0,0,1,0
73628505,,,,,,0,0.09,0.14,0,0,0,0,0,0,0,0,0,1
56681873,1800.0,1200.0,4.0,,,0,0.05,0.09,0,0,0,0,0,0,0,1,0,0
77428945,1600.0,500.0,3.0,,,0,0.06,0.18,0,0,0,0,0,0,0,1,0,0
69724380,,,,,,0,0.06,0.25,0,0,0,0,0,0,0,0,0,2
48468330,0.0,2000.0,3.0,,,0,0.04,0.1,0,0,0,0,0,0,0,1,0,0
75294187,,,,,,0,0.29,0.18,0,0,0,0,0,0,0,0,0,2
300104002,,,,,,0,0.89,0.62,0,0,0,0,0,0,0,0,0,3
6075533,,,,,,0,0.13,0.21,0,0,0,0,0,0,0,0,0,2
35975813,2000.0,1500.0,4.0,,,0,0.13,0.46,0,0,0,0,0,0,0,1,0,0
78060096,2400.0,1000.0,5.0,,,0,0.02,0.2,0,0,0,0,0,0,0,0,1,0
6589707,,,,,,0,0.02,0.08,0,0,0,0,0,0,0,0,0,1
85698115,,,,,,0,0.05,0.08,0,0,0,0,0,0,0,0,0,2
63086455,,,,,,0,0.07,0.03,0,0,0,0,0,0,0,0,0,2
11110218,,,,,,0,0.05,0.05,0,0,0,0,0,0,0,0,0,2
67584223,800.0,1000.0,1.0,,,0,0.57,0.83,0,0,0,0,0,0,0,1,0,0
3030892,700.0,300.0,2.0,,,0,0.14,0.79,0,0,0,0,0,0,0,1,0,0
62076252,900.0,600.0,4.0,,,0,0.35,0.31,0,0,0,0,0,0,0,1,0,0
66863374,800.0,,,2.0,,2,0.17,0.26,1,0,0,0,0,0,1,0,0,0
92373006,600.0,300.0,3.0,,,0,6.41,7.56,0,0,0,0,0,0,0,1,0,0
501000004,3000.0,3000.0,10.0,,,0,720.91,0.0,0,0,0,0,0,0,0,1,0,0
74952447,0.0,1800.0,1.0,,,0,0.26,0.3,0,0,0,0,0,0,0,1,0,0
87148330,2400.0,1800.0,5.0,,,0,0.25,0.49,0,0,0,0,0,0,0,1,0,0
16469012,2000.0,1500.0,5.0,,,0,2.37,4.31,0,0,0,0,0,0,0,1,0,0
74210057,100.0,100.0,1.0,,,0,0.05,0.14,0,0,0,0,0,0,0,1,0,0
40253382,,,,,,0,0.08,0.15,0,0,0,0,0,0,0,0,0,2
76641981,,,,,,0,0.13,0.12,0,0,0,0,0,0,0,0,0,2
11264180,,,,,,0,0.03,0.09,0,0,0,0,0,0,0,0,0,1
3868277,,,,,,0,0.26,0.42,0,0,0,0,0,0,0,0,0,2
58258899,,,,,,0,0.07,0.22,0,0,0,0,0,0,0,0,0,1
11110587,,,,,,0,0.22,0.16,0,0,0,0,0,0,0,0,0,1
39454112,,,,,,0,0.44,0.66,0,0,0,0,0,0,0,0,0,2
22869904,,,,,,0,0.2,0.07,0,0,0,0,0,0,0,0,0,2
50427388,,,,,,0,0.15,0.04,0,0,0,0,0,0,0,0,0,1
52367652,1200.0,1000.0,4.0,,,0,0.15,0.35,0,0,0,0,0,0,0,0,1,0
97223101,,,,,,0,0.17,0.12,0,0,0,0,0,0,0,0,0,1
32864,1200.0,900.0,3.0,,,0,0.02,0.1,0,0,0,0,0,0,0,0,1,0
403847,,,,,,0,0.07,0.23,0,0,0,0,0,0,0,0,0,1
5141117,3000.0,2900.0,8.0,,,0,0.27,0.29,0,0,0,0,0,0,0,1,0,0
70410002,0.0,0.0,1.0,,,0,0.06,0.01,0,0,0,0,0,0,0,1,0,0
64734921,1600.0,0.0,3.0,,,0,0.08,0.26,0,0,0,0,0,0,0,1,0,0
99054885,0.0,1600.0,3.0,,,0,0.05,0.15,0,0,0,0,0,0,0,0,0,0
97750534,2200.0,1200.0,5.0,,,0,0.1,0.15,0,0,0,0,0,0,0,0,0,0
91123920,0.0,0.0,3.0,,,0,0.12,0.2,0,0,0,0,0,0,0,1,0,0
91345518,2400.0,0.0,6.0,,,0,0.1,0.14,0,0,0,0,0,0,0,1,0,0
38529357,0.0,600.0,1.0,,,0,0.35,0.24,0,0,0,0,0,0,0,1,0,0
28573958,1800.0,1000.0,4.0,,,0,0.24,0.17,0,0,0,0,0,0,0,1,0,0
91188343,1000.0,800.0,2.0,,,0,0.29,0.2,0,0,0,0,0,0,0,0,0,0
38730226,0.0,1700.0,4.0,,,0,0.02,0.11,0,0,0,0,0,0,0,1,0,0
32269855,1300.0,500.0,3.0,,,0,0.02,0.14,0,0,0,0,0,0,0,0,1,0
11738489,0.0,,,6.0,,6,0.25,0.42,1,0,0,0,0,0,1,0,0,0
70493141,2700.0,2400.0,7.0,,,0,0.15,0.31,0,0,0,0,0,0,0,1,0,0
14466224,1000.0,800.0,8.0,,,0,0.09,0.1,0,0,0,0,0,0,0,1,0,0
73680966,,,,,,0,0.12,0.16,0,0,0,0,0,0,0,0,0,1
24348204,700.0,700.0,2.0,,,0,1.88,0.0,0,0,0,0,0,0,0,0,1,0
82386016,,,,,,0,0.04,0.12,0,0,0,0,0,0,0,0,0,1
1689516,,,,,,0,0.1,0.34,0,0,0,0,0,0,0,0,0,1
34004470,2800.0,2200.0,8.0,,,0,0.12,0.48,0,0,0,0,0,0,0,1,0,0
71107816,1800.0,1000.0,4.0,,,0,0.05,0.17,0,0,0,0,0,0,0,1,0,0
49299410,,,,,,0,0.3,0.17,0,0,0,0,0,0,0,0,0,2
66574418,0.0,0.0,1.0,,,0,0.8,1.01,0,0,0,0,0,0,0,1,0,0
15033525,2600.0,2200.0,8.0,,,0,0.04,0.08,0,0,0,0,0,0,0,1,0,0
458748,,,,,,0,0.16,0.28,0,0,0,0,0,0,0,0,0,1
85182315,,,,,,0,0.33,0.2,0,0,0,0,0,0,0,0,0,1
69120785,3500.0,3500.0,12.0,,,0,0.14,0.24,0,0,0,0,0,0,0,1,0,0
45005708,1800.0,0.0,4.0,,,0,0.16,0.26,0,0,0,0,0,0,0,0,0,0
32731036,2500.0,3000.0,8.0,,,0,1.21,0.47,0,0,0,0,0,0,0,1,0,0
51196174,-1.0,0.0,2.0,,,0,0.12,0.11,0,0,0,0,0,0,0,1,0,0
54706054,1500.0,1500.0,4.0,,,0,0.04,0.08,0,0,0,0,0,0,0,1,0,0
90488465,2300.0,3000.0,8.0,,,0,0.43,0.36,0,0,0,0,0,0,0,1,0,0
7894706,5000.0,5000.0,10.0,,,0,4.71,3.57,1,0,1,0,0,0,0,0,0,0
41142615,,,,,,0,0.09,0.19,0,0,0,0,0,0,0,0,0,1
64927055,,,,,,0,0.17,0.2,0,0,0,0,0,0,0,0,0,1
46232525,,,,,,0,0.25,0.52,0,0,0,0,0,0,0,0,0,1
11802691,,,,,,0,0.02,0.14,0,0,0,0,0,0,0,0,0,2
61505339,2300.0,3000.0,8.0,,,0,0.86,0.51,0,0,0,0,0,0,0,1,0,0
97093037,1600.0,1500.0,4.0,,,0,0.2,0.09,0,0,0,0,0,0,0,1,0,0
67809530,3000.0,2500.0,8.0,,,0,9.18,7.29,1,0,0,0,1,0,0,0,0,0
48386462,800.0,1000.0,3.0,,,0,0.03,0.06,0,0,0,0,0,0,0,1,0,0
52101615,1000.0,1600.0,3.0,,,0,1.32,2.78,0,0,0,0,0,0,0,1,0,0
92719314,2300.0,3000.0,8.0,,,0,5.65,2.48,0,0,0,0,0,0,0,1,0,0
30606547,,,,,,0,0.02,0.49,0,0,0,0,0,0,0,0,0,1
100350263,2000.0,2000.0,8.0,,,0,0.0,0.0,0,0,0,0,0,0,0,0,1,0
50237654,2800.0,2300.0,8.0,,,0,0.23,0.51,1,0,1,0,0,0,0,0,0,0
32245230,,,,,,0,0.13,0.16,0,0,0,0,0,0,0,0,0,2
17688543,,,,,,0,0.12,0.21,0,0,0,0,0,0,0,0,0,2
32588805,2900.0,2300.0,8.0,,,0,0.2,0.21,0,0,0,0,0,0,0,1,0,0
27062594,,,,,,0,0.2,0.22,0,0,0,0,0,0,0,0,0,2
93346024,1300.0,2000.0,4.0,,,0,0.06,0.12,0,0,0,0,0,0,0,0,1,0
4404099,1700.0,1400.0,4.0,,,0,0.45,0.47,0,0,0,0,0,0,0,1,0,0
76666602,3000.0,2500.0,8.0,,,0,0.47,0.27,1,0,1,0,0,0,0,0,0,0
92408984,,,,,,0,0.04,0.2,0,0,0,0,0,0,0,0,0,2
8944575,700.0,800.0,3.0,,,0,1.6,0.0,0,0,0,0,0,0,0,0,1,0
45445571,2000.0,1700.0,6.0,,,0,5.75,5.89,1,0,1,0,0,0,0,0,0,0
66989694,2000.0,700.0,5.0,,,0,0.02,0.25,0,0,0,0,0,0,0,0,1,0
88696724,1000.0,1600.0,3.0,,,0,0.35,0.3,0,0,0,0,0,0,0,1,0,0
68400115,,,,,,0,0.02,0.11,0,0,0,0,0,0,0,0,0,2
65403020,2500.0,0.0,6.0,,,0,0.58,0.21,0,0,0,0,0,0,0,1,0,0
37706769,2300.0,0.0,5.0,,,0,0.15,0.22,1,0,0,0,1,0,0,0,0,0
1784686,,,,,,0,0.81,2.6,0,0,0,0,0,0,0,0,0,1
34694160,,,,,,0,0.02,0.28,0,0,0,0,0,0,0,0,0,2
83039608,1000.0,600.0,2.0,,,0,0.03,0.13,0,0,0,0,0,0,0,0,0,0
68897338,1000.0,600.0,2.0,,,0,0.08,0.15,0,0,0,0,0,0,0,0,0,0
56399890,800.0,600.0,1.0,,,0,0.11,0.31,0,0,0,0,0,0,0,0,0,0
82888408,1000.0,400.0,2.0,,,0,0.12,0.18,0,0,0,0,0,0,0,0,0,0
29905795,200.0,100.0,1.0,,,0,0.02,0.23,0,0,0,0,0,0,0,0,0,0
18282103,1600.0,1000.0,3.0,,,0,0.1,0.24,0,0,0,0,0,0,0,1,0,0
26704411,1700.0,1500.0,4.0,,,0,0.08,0.13,0,0,0,0,0,0,0,1,0,0
89194103,2200.0,1100.0,4.0,,,0,0.09,0.14,1,0,0,0,1,0,0,0,0,0
55277252,1200.0,800.0,2.0,,,0,0.09,0.23,0,0,0,0,0,0,0,1,0,0
90616316,100.0,1600.0,1.0,,,0,0.09,0.11,0,0,0,0,0,0,0,0,0,0
94845226,1100.0,800.0,4.0,,,0,0.02,9.7,0,0,0,0,0,0,0,0,0,0
44155002,2300.0,1000.0,4.0,,,0,0.15,0.34,1,0,0,0,1,0,0,0,0,0
30271097,,,,,,0,10.43,9.64,0,0,0,0,0,0,0,0,0,1
11082056,,,,,,0,0.17,0.16,0,0,0,0,0,0,0,0,0,1
66362965,2200.0,1200.0,6.0,,,0,0.1,0.2,0,0,0,0,0,0,0,1,0,0
4167084,4000.0,4000.0,12.0,,,0,0.09,0.24,1,0,1,0,0,0,0,0,0,0
8522996,,,,,,0,0.15,0.11,0,0,0,0,0,0,0,0,0,2
31076103,,,,,,0,0.05,0.19,0,0,0,0,0,0,0,0,0,2
43973174,,,,,,0,0.09,0.11,0,0,0,0,0,0,0,0,0,1
20065322,,,,,,0,0.24,0.15,0,0,0,0,0,0,0,0,0,1
94861297,,,,,,0,0.08,0.13,0,0,0,0,0,0,0,0,0,2
42829885,,,,,,0,1.0,3.65,0,0,0,0,0,0,0,0,0,1
29826127,,,,,,0,0.04,0.08,0,0,0,0,0,0,0,0,0,2
84080939,850.0,2000.0,4.0,,,0,0.02,0.2,0,0,0,0,0,0,0,1,0,0
92223641,,,,,,0,0.13,0.14,0,0,0,0,0,0,0,0,0,1
18710707,800.0,700.0,3.0,,,0,0.04,0.09,0,0,0,0,0,0,0,0,1,0
33017655,,,,,,0,0.28,0.23,0,0,0,0,0,0,0,0,0,1
22283204,,,,,,0,62.75,69.04,0,0,0,0,0,0,0,0,0,1
5915629,,,,,,0,1.44,0.52,0,0,0,0,0,0,0,0,0,2
9362643,,,,,,0,0.0,0.0,0,0,0,0,0,0,0,0,0,2
42671151,,,,,,0,0.05,0.11,0,0,0,0,0,0,0,0,0,2
82489470,1800.0,1500.0,4.0,,,0,0.22,0.3,0,0,0,0,0,0,0,0,0,0
16255173,2500.0,2000.0,8.0,,,0,0.1,0.16,0,0,0,0,0,0,0,1,0,0
33981008,,,,,,0,7.69,4.57,0,0,0,0,0,0,0,0,0,1
84136000,,,,,,0,0.05,0.11,0,0,0,0,0,0,0,0,0,2
88089103,,,,,,0,0.07,0.09,0,0,0,0,0,0,0,0,0,1
83340560,0.0,2600.0,8.0,,,0,0.02,0.08,1,0,1,0,0,0,0,0,0,0
6836211,1800.0,1500.0,5.0,,,0,0.28,0.53,0,0,0,0,0,0,0,1,0,0
24203749,2500.0,2000.0,10.0,,,0,73.52,93.12,0,0,0,0,0,0,0,1,0,0
44649322,,,,,,0,0.06,0.22,0,0,0,0,0,0,0,0,0,1
67906797,,,,,,0,0.03,0.05,0,0,0,0,0,0,0,0,0,2
68049471,1300.0,1800.0,4.0,,,0,0.03,0.01,0,0,0,0,0,0,0,0,1,0
93871599,,,,,,0,0.0,0.0,0,0,0,0,0,0,0,0,0,1
94845588,,,,,,0,0.61,1.34,0,0,0,0,0,0,0,0,0,1
5697558,,,,,,0,0.05,0.12,0,0,0,0,0,0,0,0,0,1
20415050,,,,,,0,2.95,3.52,0,0,0,0,0,0,0,0,0,1
99188141,,,,,,0,0.13,0.31,0,0,0,0,0,0,0,0,0,2
95642274,,,,,,0,0.17,0.07,0,0,0,0,0,0,0,0,0,1
1525329,1000.0,600.0,3.0,,,0,0.12,0.27,0,0,0,0,0,0,0,1,0,0
22748199,,,,,,0,0.12,0.18,0,0,0,0,0,0,0,0,0,2
83764996,1500.0,1600.0,4.0,,,0,0.41,0.27,0,0,0,0,0,0,0,0,1,0
52035300,1200.0,600.0,3.0,,,0,0.05,0.12,0,0,0,0,0,0,0,1,0,0
3461403,,,,,,0,0.02,0.03,0,0,0,0,0,0,0,0,0,1
84926738,1500.0,1300.0,4.0,,,0,0.09,0.11,0,0,0,0,0,0,0,1,0,0
101403051,,,,,,0,0.0,0.0,0,0,0,0,0,0,0,0,0,1
81820689,,,,,,0,0.06,0.1,0,0,0,0,0,0,0,0,0,1
62849088,2500.0,2500.0,8.0,,,0,0.05,0.18,0,0,0,0,0,0,0,1,0,0
28003512,1400.0,700.0,3.0,,,0,0.78,3.65,0,0,0,0,0,0,0,0,1,0
11163040,,,,,,0,0.04,0.09,0,0,0,0,0,0,0,0,0,1
90407382,1300.0,300.0,3.0,,,0,0.08,0.13,0,0,0,0,0,0,0,1,0,0
8978197,1200.0,1100.0,4.0,,,0,0.08,0.17,0,0,0,0,0,0,0,1,0,0
40991587,0.0,2200.0,3.0,,,0,0.2,0.79,0,0,0,0,0,0,0,1,0,0
86099788,2350.0,2300.0,7.0,,,0,1.2,1.7,1,0,1,0,0,0,0,0,0,0
66926224,,,,,,0,0.14,0.15,0,0,0,0,0,0,0,0,0,1
55008284,,,,,,0,0.04,0.21,0,0,0,0,0,0,0,0,0,2
29265962,,,,,,0,0.04,0.13,0,0,0,0,0,0,0,0,0,1
54120521,,,,,,0,0.0,0.0,0,0,0,0,0,0,0,0,0,1
58604027,-1.0,0.0,10.0,,,0,0.33,0.56,0,0,0,0,0,0,0,1,0,0
3643300,1850.0,1600.0,5.0,,,0,0.06,0.12,0,0,0,0,0,0,0,1,0,0
19801646,2200.0,1800.0,5.0,,,0,0.05,0.11,0,0,0,0,0,0,0,1,0,0
44968687,2500.0,2000.0,7.0,,,0,0.06,0.18,0,0,0,0,0,0,0,1,0,0
15717011,1000.0,1600.0,3.0,,,0,0.42,0.42,0,0,0,0,0,0,0,1,0,0
25109950,800.0,1300.0,3.0,,,0,0.09,0.17,0,0,0,0,0,0,0,1,0,0
42026772,1600.0,1600.0,4.0,,,0,0.0,0.0,0,0,0,0,0,0,0,0,1,0
97522863,1000.0,1000.0,4.0,,,0,4.06,3.33,0,0,0,0,0,0,0,1,0,0
22610082,,,,,,0,0.16,0.97,0,0,0,0,0,0,0,0,0,1
49064413,3200.0,1800.0,8.0,,,0,0.14,0.27,0,0,0,1,0,0,0,0,0,0
48800175,,,,,,0,0.08,0.11,0,0,0,0,0,0,0,0,0,1
98898173,500.0,700.0,2.0,,,0,0.0,0.0,0,0,0,0,0,0,0,0,1,0
26822796,,,,,,0,0.09,0.13,0,0,0,0,0,0,0,0,0,2
48716527,,,,,,0,0.22,0.23,0,0,0,0,0,0,0,0,0,2
63899196,,,,,,0,0.08,0.17,0,0,0,0,0,0,0,0,0,1
9283801,,,,,,0,0.28,0.8,0,0,0,0,0,0,0,0,0,1
79844764,,,,,,0,0.03,0.16,0,0,0,0,0,0,0,0,0,1
8794055,,,,,,0,0.11,0.04,0,0,0,0,0,0,0,0,0,1
50433147,,,,,,0,0.14,0.16,0,0,0,0,0,0,0,0,0,1
50470982,,,,,,0,0.43,0.46,0,0,0,0,0,0,0,0,0,2
90432163,800.0,1000.0,3.0,,,0,0.08,0.14,0,0,0,0,0,0,0,1,0,0
62709239,2000.0,1000.0,3.0,,,0,0.1,0.1,1,0,0,0,0,1,0,0,0,0
99315585,1500.0,500.0,4.0,,,0,0.03,0.25,0,0,0,0,0,0,0,1,0,0
12219047,1600.0,0.0,2.0,,,0,0.11,0.22,1,0,0,0,0,1,0,0,0,0
24212820,,,,,,0,0.07,0.23,0,0,0,0,0,0,0,0,0,2
46072770,1000.0,300.0,3.0,,,0,2.82,2.72,0,0,0,0,0,0,0,1,0,0
83566725,400.0,1400.0,3.0,,,0,0.1,0.16,0,0,0,0,0,0,0,1,0,0
36704180,1000.0,2000.0,4.0,,,0,0.04,0.22,0,0,0,0,0,0,0,1,0,0
36247316,,,,,,0,0.08,0.15,0,0,0,0,0,0,0,0,0,2
78449284,1900.0,0.0,3.0,,,0,0.2,0.26,1,0,0,0,0,1,0,0,0,0
9336190,,,,,,0,0.24,0.32,0,0,0,0,0,0,0,0,0,2
63821877,1000.0,500.0,3.0,,,0,0.02,0.14,0,0,0,0,0,0,0,1,0,0
26692769,2100.0,,,3.0,,3,0.77,0.65,1,0,0,0,0,0,1,0,0,0
98827725,,,,,,0,0.03,0.09,0,0,0,0,0,0,0,0,0,2
77462146,,,,,,0,0.07,0.08,0,0,0,0,0,0,0,0,0,2
36426778,200.0,1200.0,3.0,,,0,0.09,0.15,0,0,0,0,0,0,0,1,0,0
88544390,1200.0,600.0,3.0,,,0,0.03,0.22,0,0,0,0,0,0,0,1,0,0
51606429,,,,,,0,0.05,0.27,0,0,0,0,0,0,0,0,0,2
25538345,600.0,1600.0,3.0,,,0,0.66,0.34,0,0,0,0,0,0,0,1,0,0
85257384,,,,,,0,0.1,0.15,0,0,0,0,0,0,0,0,0,2
62645025,,,,,,0,0.06,0.12,0,0,0,0,0,0,0,0,0,2
3298689,,,,,,0,0.07,0.19,0,0,0,0,0,0,0,0,0,1
62104532,,,,,,0,0.12,0.15,0,0,0,0,0,0,0,0,0,1
32541773,1200.0,1500.0,4.0,,,0,0.05,0.2,0,0,0,0,0,0,0,0,1,0
54241725,,,,,,0,0.44,0.35,0,0,0,0,0,0,0,0,0,2
300302019,,,,,,0,0.09,0.07,0,0,0,0,0,0,0,0,0,3
40703393,,,,,,0,0.16,0.14,0,0,0,0,0,0,0,0,0,1
101403068,,,,,,0,0.0,0.0,0,0,0,0,0,0,0,0,0,1
296499,,,,,,0,0.05,0.14,0,0,0,0,0,0,0,0,0,2
16430187,,,,,,0,0.02,0.09,0,0,0,0,0,0,0,0,0,1
59371387,,,,,,0,0.05,0.08,0,0,0,0,0,0,0,0,0,1
56001930,,,,,,0,0.06,0.09,0,0,0,0,0,0,0,0,0,2
17509503,,,,,,0,0.1,0.12,0,0,0,0,0,0,0,0,0,2
59094601,,,,,,0,0.65,0.53,0,0,0,0,0,0,0,0,0,2
300302041,,,,,,0,0.0,0.16,0,0,0,0,0,0,0,0,0,3
76305638,1700.0,1000.0,4.0,,,0,0.08,0.28,0,0,0,0,0,0,0,1,0,0
300302054,,,,,,0,0.0,0.08,0,0,0,0,0,0,0,0,0,3
26684111,,,,,,0,0.39,0.21,0,0,0,0,0,0,0,0,0,1
48152161,,,,,,0,6.33,5.15,0,0,0,0,0,0,0,0,0,2
56433456,,,,,,0,0.16,0.27,0,0,0,0,0,0,0,0,0,1
15449853,,,,,,0,0.23,0.21,0,0,0,0,0,0,0,0,0,1
48179391,,,,,,0,1.3,0.7,0,0,0,0,0,0,0,0,0,1
4081094,,,,,,0,0.09,0.14,0,0,0,0,0,0,0,0,0,1
101403023,0.0,0.0,1.0,,,0,0.0,0.0,0,0,0,0,0,0,0,0,0,0
99351431,,,,,,0,0.13,0.13,0,0,0,0,0,0,0,0,0,1
30888983,,,,,,0,0.4,0.47,0,0,0,0,0,0,0,0,0,2
63125616,800.0,700.0,3.0,,,0,0.14,0.7,0,0,0,0,0,0,0,0,1,0
43434803,,,,,,0,0.05,0.5,0,0,0,0,0,0,0,0,0,1
27782503,1700.0,1200.0,4.0,,,0,0.23,0.42,0,0,0,0,0,0,0,1,0,0
90397998,1500.0,1000.0,3.0,,,0,0.14,0.3,0,0,0,0,0,0,0,1,0,0
31904181,1400.0,700.0,4.0,,,0,0.07,0.14,0,0,0,0,0,0,0,1,0,0
64398890,1300.0,800.0,3.0,,,0,0.22,0.37,0,0,0,0,0,0,0,1,0,0
69025477,1000.0,500.0,3.0,,,0,0.14,0.22,0,0,0,0,0,0,0,1,0,0
95519486,1800.0,1300.0,4.0,,,0,0.18,0.49,0,0,0,0,0,0,0,1,0,0
6357341,,,,,,0,0.15,0.27,0,0,0,0,0,0,0,0,0,2
29491031,1500.0,1200.0,4.0,,,0,0.23,0.35,0,0,0,0,0,0,0,0,1,0
99517131,,,,,,0,0.02,0.46,0,0,0,0,0,0,0,0,0,2
15123983,1000.0,1200.0,3.0,,,0,0.03,0.22,1,0,0,0,1,0,0,0,0,0
46983930,,,,,,0,0.0,0.0,0,0,0,0,0,0,0,0,0,1
10262698,1100.0,1400.0,4.0,,,0,0.13,0.66,0,0,0,0,0,0,0,0,1,0
87557188,1500.0,1200.0,4.0,,,0,0.1,0.18,0,0,0,0,0,0,0,1,0,0
101403052,,,,,,0,0.0,0.0,0,0,0,0,0,0,0,0,0,1
24413299,2600.0,2000.0,8.0,,,0,0.1,0.2,0,0,0,0,0,0,0,1,0,0
51402908,3000.0,3000.0,10.0,,,0,1.72,0.68,0,0,0,0,0,0,0,1,0,0
44771289,,,,,,0,0.34,0.23,0,0,0,0,0,0,0,0,0,1
78243409,1000.0,1200.0,4.0,,,0,0.02,0.15,0,0,0,0,0,0,0,1,0,0
18180762,1200.0,1300.0,4.0,,,0,1.04,0.0,0,0,0,0,0,0,0,0,1,0
78697395,,,,,,0,0.12,0.21,0,0,0,0,0,0,0,0,0,1
74405783,2500.0,2500.0,8.0,,,0,0.3,0.27,1,0,0,0,1,0,0,0,0,0
83404468,,,,,,0,0.04,0.08,0,0,0,0,0,0,0,0,0,2
46652477,,,,,,0,0.23,0.54,0,0,0,0,0,0,0,0,0,2
20036055,,,,,,0,0.4,0.34,0,0,0,0,0,0,0,0,0,2
14778250,2000.0,1200.0,5.0,,,0,0.09,0.1,0,0,0,0,0,0,0,1,0,0
3912064,2000.0,2000.0,8.0,,,0,0.04,0.12,0,0,0,0,0,0,0,1,0,0
38479725,1600.0,1200.0,4.0,,,0,0.05,0.13,0,0,0,0,0,0,0,1,0,0
39913299,,,,,,0,0.07,0.21,0,0,0,0,0,0,0,0,0,1
11587414,,,,,,0,1.89,1.8,0,0,0,0,0,0,0,0,0,1
88071625,0.0,0.0,10.0,,,0,0.48,0.77,0,0,0,0,0,0,0,1,0,0
56920308,,,,,,0,0.06,0.07,0,0,0,0,0,0,0,0,0,2
43355214,2700.0,0.0,7.0,,,0,1.94,3.06,1,0,0,0,0,1,0,0,0,0
65475294,2000.0,1000.0,4.0,,,0,0.04,0.28,0,0,0,0,0,0,0,1,0,0
27618634,400.0,300.0,2.0,,,0,0.18,0.73,0,0,0,0,0,0,0,1,0,0
51275027,0.0,100.0,1.0,,,0,0.09,0.23,0,0,0,0,0,0,0,1,0,0
83257450,-1.0,0.0,10.0,,,0,1.45,2.87,1,0,1,0,0,0,0,0,0,0
93788854,800.0,600.0,2.0,,,0,1.92,0.0,0,0,0,0,0,0,0,0,1,0
95281259,,,,,,0,0.04,0.09,0,0,0,0,0,0,0,0,0,1
52834429,,,,,,0,0.24,0.23,0,0,0,0,0,0,0,0,0,2
53956001,,,,,,0,0.08,0.12,0,0,0,0,0,0,0,0,0,1
18720257,,,,,,0,0.07,0.07,0,0,0,0,0,0,0,0,0,1
27784944,2200.0,2000.0,6.0,,,0,1.25,1.07,0,0,0,0,0,0,0,1,0,0
28806532,1500.0,1000.0,3.0,,,0,4.63,2.38,0,0,0,0,0,0,0,1,0,0
95515518,2400.0,,,3.0,,3,0.12,0.15,1,0,0,0,0,0,1,0,0,0
92411493,1200.0,1400.0,3.0,,,0,0.07,0.19,0,0,0,0,0,0,0,1,0,0
54178659,2400.0,,0.0,3.0,,3,0.22,0.25,1,0,0,0,0,0,1,0,0,0
65017789,0.0,2200.0,3.0,,,0,0.17,0.23,0,0,0,0,0,0,0,1,0,0
54895237,1600.0,400.0,3.0,,,0,1.15,1.18,0,0,0,0,0,0,0,1,0,0
91299846,1700.0,0.0,3.0,,,0,0.12,0.16,0,0,0,0,0,0,0,1,0,0
74218258,,,,,,0,0.13,0.14,0,0,0,0,0,0,0,0,0,2
27561302,,,,,,0,0.64,0.3,0,0,0,0,0,0,0,0,0,1
80577258,,,,,,0,0.02,0.15,0,0,0,0,0,0,0,0,0,1
89355716,,,,,,0,0.19,0.25,0,0,0,0,0,0,0,0,0,1
16849715,,,,,,0,0.15,0.15,0,0,0,0,0,0,0,0,0,2
71039903,600.0,500.0,1.0,,,0,0.02,0.12,0,0,0,0,0,0,0,0,0,0
79814787,300.0,250.0,1.0,,,0,0.09,0.08,0,0,0,0,0,0,0,0,0,0
21208154,-1.0,-1.0,10.0,,,0,0.14,0.34,0,0,0,0,0,0,0,1,0,0
62180201,4000.0,4000.0,10.0,,,0,0.12,0.19,0,0,0,0,0,0,0,1,0,0
57793869,-1.0,-1.0,10.0,,,0,0.13,0.24,0,0,0,0,0,0,0,1,0,0
6285791,1400.0,700.0,3.0,,,0,0.11,0.34,0,0,0,0,0,0,0,1,0,0
10000010,-1.0,-1.0,10.0,,,0,0.48,0.76,0,0,0,0,0,0,0,1,0,0
10000090,4000.0,4000.0,10.0,,,0,0.17,0.29,0,0,0,0,0,0,0,1,0,0
10000080,-1.0,-1.0,10.0,,,0,1.45,2.14,0,0,0,0,0,0,0,1,0,0
101403030,-1.0,-1.0,10.0,,,0,0.0,0.0,1,0,1,0,0,0,0,0,0,0
92562411,,,,,,0,0.06,0.14,0,0,0,0,0,0,0,0,0,1
5973663,,,,,,0,0.24,0.45,0,0,0,0,0,0,0,0,0,1
300102001,,,,,,0,1.54,0.7,0,0,0,0,0,0,0,0,0,3
73082255,3000.0,2800.0,8.0,,,0,0.37,0.31,1,0,0,0,0,1,0,0,0,0
51838385,1500.0,500.0,4.0,,,0,0.05,0.11,0,0,0,0,0,0,0,1,0,0
85687952,3000.0,600.0,11.0,,,0,0.7,1.18,0,0,0,0,0,0,0,1,0,0
87997872,3500.0,3000.0,10.0,,,0,0.33,0.5,0,0,0,0,0,0,0,1,0,0
98986900,3000.0,900.0,8.0,,,0,0.2,0.21,1,0,0,0,0,1,0,0,0,0
48739627,,,,,,0,0.17,0.15,0,0,0,0,0,0,0,0,0,1
27285068,,,,,,0,0.09,0.06,0,0,0,0,0,0,0,0,0,1
94326720,,,,,,0,0.18,0.09,0,0,0,0,0,0,0,0,0,1
36709484,,,,,,0,0.93,1.21,0,0,0,0,0,0,0,0,0,1
90875418,1800.0,1800.0,4.0,,,0,21.97,30.79,0,0,0,0,0,0,0,1,0,0
24207889,,,,,,0,0.08,0.14,0,0,0,0,0,0,0,0,0,2
84332527,2100.0,1600.0,7.0,,,0,0.06,0.08,0,0,0,0,0,0,0,1,0,0
57111330,2100.0,2800.0,8.0,,,0,0.04,0.05,0,0,0,0,0,0,0,1,0,0
48806195,2100.0,2500.0,8.0,,,0,0.04,0.12,0,0,0,0,0,0,0,1,0,0
10604644,2800.0,1600.0,8.0,,,0,0.37,3.07,0,0,0,0,0,0,0,1,0,0
83610035,2400.0,2500.0,8.0,,,0,0.19,0.22,0,0,0,0,0,0,0,1,0,0
21727231,1400.0,2500.0,7.0,,,0,0.03,0.13,0,0,0,0,0,0,0,1,0,0
57285770,,,,,,0,0.07,0.12,0,0,0,0,0,0,0,0,0,1
43270827,,,,,,0,0.05,0.07,0,0,0,0,0,0,0,0,0,2
84792926,,,,,,0,0.27,0.2,0,0,0,0,0,0,0,0,0,1
75290703,1600.0,2800.0,10.0,,,0,0.08,0.05,0,0,0,0,0,0,0,1,0,0
79775821,,,,,,0,0.02,0.07,0,0,0,0,0,0,0,0,0,2
6588580,2400.0,1200.0,8.0,,,0,1.11,0.37,1,0,0,0,1,0,0,0,0,0
26205777,2400.0,1000.0,6.0,,,0,0.38,0.56,0,0,0,0,0,0,0,1,0,0
69230391,2800.0,1000.0,8.0,,,0,0.1,0.17,0,0,0,0,0,0,0,1,0,0
77832858,3000.0,1000.0,10.0,,,0,0.19,0.24,0,0,0,0,0,0,0,1,0,0
4599182,,,,,,0,0.05,0.18,0,0,0,0,0,0,0,0,0,1
30604579,3500.0,2800.0,10.0,,,0,0.13,0.13,1,0,0,0,1,0,0,0,0,0
72374522,,,,,,0,0.0,0.0,0,0,0,0,0,0,0,0,0,1
65079854,,,,,,0,0.05,0.1,0,0,0,0,0,0,0,0,0,1
68798161,1800.0,1500.0,4.0,,,0,0.0,0.0,0,0,0,0,0,0,0,1,0,0
70780151,2700.0,2300.0,8.0,,,0,1.58,1.7,1,0,0,0,1,0,0,0,0,0
41462083,2400.0,2000.0,7.0,,,0,0.06,0.2,1,0,1,0,0,0,0,0,0,0
5703682,,,,,,0,0.09,0.36,0,0,0,0,0,0,0,0,0,1
63391643,,,,,,0,0.05,0.14,0,0,0,0,0,0,0,0,0,1
33977496,1000.0,1800.0,4.0,,,0,0.15,0.11,0,0,0,0,0,0,0,1,0,0
2932235,0.0,0.0,4.0,,,0,0.36,3.65,0,0,0,0,0,0,0,1,0,0
27125110,0.0,0.0,1.0,,,0,0.06,0.09,0,0,0,0,0,0,0,0,1,0
81434470,300.0,2100.0,5.0,,,0,0.15,0.2,0,0,0,0,0,0,0,1,0,0
63519819,0.0,0.0,1.0,,,0,1.0,3.55,1,0,1,0,0,0,0,0,0,0
300204003,,,,,,0,0.22,0.31,0,0,0,0,0,0,0,0,0,3
36361633,,,,,,0,0.32,0.01,0,0,0,0,0,0,0,0,0,2
50838440,,,,,,0,0.1,0.21,0,0,0,0,0,0,0,0,0,2
47594192,,,,,,0,0.1,0.1,0,0,0,0,0,0,0,0,0,2
95081386,,,,,,0,0.03,0.07,0,0,0,0,0,0,0,0,0,2
7852878,3000.0,1800.0,8.0,,,0,0.11,0.11,0,0,0,0,0,0,0,1,0,0
43464884,1000.0,1300.0,3.0,,,0,0.04,0.06,0,0,0,0,0,0,0,0,0,0
31464658,900.0,800.0,3.0,,,0,0.12,0.13,0,0,0,0,0,0,0,1,0,0
78423643,1200.0,1400.0,4.0,,,0,0.02,0.1,0,0,0,0,0,0,0,0,1,0
33734439,1100.0,800.0,3.0,,,0,5.19,1.16,0,0,0,0,0,0,0,0,1,0
31944175,2400.0,2000.0,7.0,,,0,0.02,0.07,0,0,0,0,0,0,0,1,0,0
12332865,1500.0,600.0,4.0,,,0,0.07,0.11,0,0,0,0,0,0,0,1,0,0
63679166,,,,,,0,0.06,0.22,0,0,0,0,0,0,0,0,0,1
76075810,900.0,2000.0,4.0,,,0,0.09,0.15,0,0,0,0,0,0,0,1,0,0
84813516,450.0,400.0,3.0,,,0,0.06,0.11,0,0,0,0,0,0,0,1,0,0
69196160,,,,,,0,0.04,0.11,0,0,0,0,0,0,0,0,0,1
27623932,,,,,,0,0.04,0.08,0,0,0,0,0,0,0,0,0,2
31786629,1600.0,1500.0,5.0,,,0,1.39,1.39,0,0,0,0,0,0,0,1,0,0
15291624,2600.0,2400.0,8.0,,,0,0.65,0.48,1,0,1,0,0,0,0,0,0,0
18444733,,,,,,0,0.1,0.21,0,0,0,0,0,0,0,0,0,2
95238394,,,,,,0,1.3,1.05,0,0,0,0,0,0,0,0,0,1
12081875,2800.0,,,4.0,,4,0.26,0.26,1,0,0,0,0,0,1,0,0,0
41685633,3200.0,3200.0,10.0,,,0,2.59,4.36,1,0,1,0,0,0,0,0,0,0
56713174,1600.0,1500.0,5.0,,,0,0.18,0.21,0,0,0,0,0,0,0,1,0,0
55591586,2800.0,0.0,8.0,,,0,0.28,0.14,0,0,0,0,0,0,0,1,0,0
83107873,1800.0,2200.0,6.0,,,0,0.15,0.19,0,0,0,0,0,0,0,1,0,0
5206415,3000.0,2000.0,9.0,,,0,0.13,0.24,0,0,0,0,0,0,0,1,0,0
20318029,0.0,2000.0,1.0,,,0,0.18,0.25,0,0,0,0,0,0,0,1,0,0
29596581,2400.0,0.0,6.0,,,0,0.11,0.12,0,0,0,0,0,0,0,1,0,0
82045034,,,,,,0,0.09,0.16,0,0,0,0,0,0,0,0,0,2
698785,3000.0,2000.0,8.0,,,0,0.77,1.51,1,0,0,0,0,1,0,0,0,0
16223761,1600.0,1600.0,4.0,,,0,0.04,0.06,0,0,0,0,0,0,0,1,0,0
15510988,700.0,600.0,2.0,,,0,0.69,5.19,0,0,0,0,0,0,0,0,1,0
71564252,1900.0,800.0,4.0,,,0,3.61,4.74,0,0,0,0,0,0,0,1,0,0
48770333,3300.0,2100.0,9.0,,,0,0.15,0.21,0,0,0,0,0,0,0,1,0,0
70797118,1900.0,800.0,4.0,,,0,0.25,0.25,0,0,0,0,0,0,0,1,0,0
91781589,,,,,,0,0.02,0.6,0,0,0,0,0,0,0,0,0,2
14089429,,,,,,0,0.0,0.0,0,0,0,0,0,0,0,0,0,4
48049769,1600.0,1200.0,4.0,,,0,0.46,0.33,0,0,0,0,0,0,0,1,0,0
20264508,,,,,,0,0.06,0.11,0,0,0,0,0,0,0,0,0,1
77506119,2200.0,1800.0,5.0,,,0,2.69,1.5,1,0,0,0,1,0,0,0,0,0
66722103,1900.0,200.0,4.0,,,0,0.24,0.2,0,0,0,0,0,0,0,1,0,0
13683298,2500.0,2000.0,7.0,,,0,0.56,0.25,0,0,0,0,0,0,0,1,0,0
53754391,1600.0,2800.0,8.0,,,0,0.08,0.08,0,0,0,0,0,0,0,1,0,0
42469671,,,,,,0,0.24,0.34,0,0,0,0,0,0,0,0,0,1
55557574,,,,,,0,0.21,0.25,0,0,0,0,0,0,0,0,0,1
26400609,2600.0,2000.0,7.0,,,0,0.14,0.16,0,0,0,0,0,0,0,1,0,0
91588074,3400.0,3600.0,11.0,,,0,0.22,0.19,0,0,0,0,0,0,0,1,0,0
40450317,,,,,,0,0.02,0.11,0,0,0,0,0,0,0,0,0,1
32270212,,,,,,0,0.34,0.34,0,0,0,0,0,0,0,0,0,1
49791927,1300.0,1100.0,4.0,,,0,0.07,0.34,0,0,0,0,0,0,0,0,1,0
10097168,2400.0,1800.0,6.0,,,0,0.04,0.06,0,0,0,0,0,0,0,1,0,0
99630221,1700.0,200.0,3.0,,,0,0.15,0.25,0,0,0,0,0,0,0,1,0,0
3129635,,,,,,0,0.13,0.08,0,0,0,0,0,0,0,0,0,2
14554127,,,,,,0,0.08,0.13,0,0,0,0,0,0,0,0,0,2
49514333,,,,,,0,0.11,0.08,0,0,0,0,0,0,0,0,0,2
20216608,,,,,,0,0.05,0.12,0,0,0,0,0,0,0,0,0,1
77855162,2800.0,1600.0,8.0,,,0,0.03,0.16,1,0,0,0,1,0,0,0,0,0
53315891,-1.0,-1.0,10.0,,,0,0.32,0.38,1,0,1,0,0,0,0,0,0,0
3078380,2800.0,1800.0,8.0,,,0,1.75,3.68,0,0,0,0,0,0,0,1,0,0
85899505,2800.0,1800.0,10.0,,,0,4.8,6.76,1,0,1,0,0,0,0,0,0,0
90615639,,,,,,0,0.0,0.0,0,0,0,0,0,0,0,0,0,2
15216188,,,,,,0,0.08,0.16,0,0,0,0,0,0,0,0,0,2
73625877,500.0,100.0,2.0,,,0,0.11,0.07,0,0,0,0,0,0,0,1,0,0
80987696,,,,,,0,0.13,0.21,0,0,0,0,0,0,0,0,0,2
10960419,500.0,400.0,2.0,,,0,0.07,0.22,1,0,1,0,0,0,0,0,0,0
27107590,0.0,0.0,1.0,,,0,2.25,1.55,0,0,0,0,0,0,0,1,0,0
94068856,,,,,,0,0.05,0.19,0,0,0,0,0,0,0,0,0,1
1344018,,,,,,0,0.32,0.46,0,0,0,0,0,0,0,0,0,2
86346363,1200.0,2400.0,8.0,,,0,0.04,0.03,0,0,0,0,0,0,0,1,0,0
35316708,,,,,,0,0.06,0.84,0,0,0,0,0,0,0,0,0,2
85808813,,,,,,0,0.09,0.18,0,0,0,0,0,0,0,0,0,1
64730881,1200.0,1800.0,4.0,,,0,1.33,0.81,0,0,0,0,0,0,0,1,0,0
82496097,1000.0,2000.0,4.0,,,0,0.04,0.09,0,0,0,0,0,0,0,1,0,0
74578720,1000.0,1000.0,4.0,,,0,0.06,0.05,0,0,0,0,0,0,0,1,0,0
91135480,2200.0,2200.0,4.0,,,0,0.24,0.47,1,0,0,0,0,1,0,0,0,0
18678554,,,,,,0,0.04,0.11,0,0,0,0,0,0,0,0,0,2
81670445,,,,,,0,0.04,0.11,0,0,0,0,0,0,0,0,0,1
59208943,1900.0,2500.0,4.0,,,0,0.06,0.18,1,0,0,0,0,1,0,0,0,0
42620460,,,,,,0,0.1,0.23,0,0,0,0,0,0,0,0,0,2
55285840,2400.0,2000.0,4.0,,,0,0.05,0.11,1,0,0,0,0,1,0,0,0,0
19891131,600.0,200.0,4.0,,,0,0.03,0.12,0,0,0,0,0,0,0,1,0,0
76587747,,,,,,0,0.05,0.12,0,0,0,0,0,0,0,0,0,2
10877309,,,,,,0,0.06,0.12,0,0,0,0,0,0,0,0,0,1
52083044,800.0,1400.0,4.0,,,0,0.11,0.19,0,0,0,0,0,0,0,1,0,0
56308388,1800.0,1300.0,4.0,,,0,0.1,0.13,0,0,0,0,0,0,0,1,0,0
68490573,,,,,,0,0.04,0.11,0,0,0,0,0,0,0,0,0,2
71625222,500.0,400.0,2.0,,,0,0.17,0.4,0,0,0,0,0,0,0,1,0,0
26273196,2000.0,1900.0,5.0,,,0,2.45,8.64,1,0,1,0,0,0,0,0,0,0
2055403,,,,,,0,0.17,0.2,0,0,0,0,0,0,0,0,0,2
19403423,,,,,,0,1.72,3.89,0,0,0,0,0,0,0,0,0,1
44913552,1900.0,1700.0,6.0,,,0,0.19,0.36,0,0,0,0,0,0,0,1,0,0
80335817,1400.0,0.0,3.0,,2.0,0,0.17,0.1,0,1,0,0,0,0,0,1,0,0
20409757,1200.0,600.0,3.0,,8.0,0,0.07,0.1,0,1,0,0,0,0,0,1,0,0
67508932,0.0,0.0,10.0,,,0,1.33,2.49,1,0,0,0,1,0,0,0,0,0
47349116,2400.0,1200.0,4.0,,,0,0.21,0.36,1,0,0,0,0,1,0,0,0,0
40350910,,,,,,0,0.22,0.18,0,0,0,0,0,0,0,0,0,1
66506689,2200.0,1200.0,4.0,,,0,0.16,0.24,1,0,0,0,0,1,0,0,0,0
18063928,800.0,2000.0,4.0,,,0,0.43,1.17,0,0,0,0,0,0,0,1,0,0
75119040,0.0,,0.0,3.0,,3,0.03,0.26,1,0,0,0,0,0,1,0,0,0
68860936,500.0,1800.0,4.0,,,0,0.06,0.23,0,0,0,0,0,0,0,1,0,0
94365540,0.0,2300.0,5.0,,,0,0.07,0.2,0,0,0,0,0,0,0,1,0,0
99157310,,,,,,0,0.02,0.2,0,0,0,0,0,0,0,0,0,2
12678601,1000.0,1000.0,5.0,,,0,0.08,0.2,0,0,0,0,0,0,0,1,0,0
31759689,2500.0,0.0,7.0,,,0,0.05,0.2,0,0,0,0,0,0,0,1,0,0
94142993,2200.0,0.0,6.0,,,0,0.07,0.18,0,0,0,0,0,0,0,1,0,0
24158464,0.0,1800.0,3.0,,,0,0.11,0.26,0,0,0,0,0,0,0,1,0,0
67744384,800.0,1600.0,3.0,,,0,0.07,0.18,0,0,0,0,0,0,0,1,0,0
75119041,,,,,,0,0.0,0.0,0,0,0,0,0,0,0,0,0,4
11375683,0.0,1500.0,4.0,,,0,0.07,0.16,0,0,0,0,0,0,0,1,0,0
85640370,,,,,,0,0.03,0.06,0,0,0,0,0,0,0,0,0,2
31386180,2600.0,1700.0,5.0,,,0,0.02,0.34,1,0,0,0,0,1,0,0,0,0
54387923,2500.0,2400.0,7.0,,2.0,0,3.07,3.53,0,1,0,0,0,0,0,1,0,0
87676171,2000.0,3000.0,10.0,,,0,0.33,0.41,1,0,0,0,0,1,0,0,0,0
41373230,2500.0,2500.0,8.0,,,0,0.19,0.11,1,0,1,0,0,0,0,0,0,0
67037924,,,,,,0,0.09,0.31,0,0,0,0,0,0,0,0,0,2
82319644,2400.0,1000.0,5.0,,,0,0.04,0.08,0,0,0,0,0,0,0,1,0,0
62671448,1000.0,1000.0,3.0,,,0,0.5,0.0,0,0,0,0,0,0,0,0,1,0
90809975,2200.0,0.0,2.0,,,0,0.39,0.22,1,0,0,0,0,1,0,0,0,0
31887806,0.0,0.0,1.0,,,0,0.04,0.16,0,0,0,0,0,0,0,1,0,0
30118701,2100.0,0.0,6.0,,,0,0.02,0.15,0,0,0,0,0,0,0,1,0,0
33878931,1600.0,1800.0,5.0,,,0,0.0,0.0,0,0,0,0,0,0,0,0,1,0
95072744,2450.0,1950.0,7.0,,,0,0.45,0.37,0,0,0,0,0,0,0,1,0,0
43534808,0.0,2000.0,4.0,,,0,0.06,0.12,0,0,0,0,0,0,0,1,0,0
83675475,,,,,,0,0.07,0.2,0,0,0,0,0,0,0,0,0,2
14342283,,,,,,0,0.03,0.11,0,0,0,0,0,0,0,0,0,2
52971673,,,,,,0,0.04,0.12,0,0,0,0,0,0,0,0,0,1
53545926,,,,,,0,0.02,0.09,0,0,0,0,0,0,0,0,0,1
57182235,,,,,,0,0.55,0.44,0,0,0,0,0,0,0,0,0,1
82361206,,,,,,0,0.25,0.21,0,0,0,0,0,0,0,0,0,1
50357013,,,,,,0,1.8,4.62,0,0,0,0,0,0,0,0,0,1
82003859,,,,,,0,0.02,0.18,0,0,0,0,0,0,0,0,0,1
44716890,,,,,,0,0.13,0.12,0,0,0,0,0,0,0,0,0,2
300101005,,,,,,0,1.84,0.6,0,0,0,0,0,0,0,0,0,3
46457856,500.0,400.0,2.0,,,0,0.03,0.25,0,0,0,0,0,0,0,0,1,0
91250514,400.0,300.0,6.0,,,0,10.42,18.51,0,0,0,0,0,0,0,1,0,0
69572024,1350.0,800.0,4.0,,,0,0.11,0.19,0,0,0,0,0,0,0,0,1,0
70508653,,,,,,0,0.07,0.16,0,0,0,0,0,0,0,0,0,1
59383041,800.0,1600.0,4.0,,,0,0.16,0.35,0,0,0,0,0,0,0,0,1,0
7171149,3000.0,3000.0,8.0,,,0,0.2,0.24,0,0,0,0,0,0,0,0,0,0
28112535,2600.0,2200.0,7.0,,,0,0.32,0.53,0,0,0,0,0,0,0,0,0,0
28711704,3000.0,2500.0,8.0,,,0,7.9,9.71,0,0,0,0,0,0,0,0,0,0
91500017,,,,,,0,14.27,16.51,0,0,0,0,0,0,0,0,0,1
5832914,,,,,,0,1.5,1.67,0,0,0,0,0,0,0,0,0,2
61190918,2600.0,2300.0,7.0,,,0,0.48,0.71,0,0,0,0,0,0,0,0,0,0
79875176,1400.0,1300.0,4.0,,,0,1.34,2.39,0,0,0,0,0,0,0,0,0,0
83629030,2100.0,1600.0,5.0,,,0,0.24,0.36,0,0,0,0,0,0,0,0,0,0
21296502,2500.0,2100.0,7.0,,,0,3.36,6.46,0,0,0,0,0,0,0,0,0,0
90960358,2000.0,1700.0,6.0,,,0,0.55,1.39,0,0,0,0,0,0,0,0,0,0
43509019,,,,,,0,0.33,0.65,0,0,0,0,0,0,0,0,0,2
42386471,1900.0,900.0,4.0,,,0,0.34,0.53,0,0,0,0,0,0,0,0,0,0
15270885,2300.0,0.0,4.0,,,0,0.69,0.69,0,0,0,0,0,0,0,0,0,0
64116319,1300.0,1400.0,4.0,,,0,0.25,0.42,0,0,0,0,0,0,0,0,0,0
43175858,,,,,,0,1.8,3.83,0,0,0,0,0,0,0,0,0,1
79447365,,,,,,0,0.57,0.88,0,0,0,0,0,0,0,0,0,2
16392422,900.0,1400.0,4.0,,,0,0.17,0.45,0,0,0,0,0,0,0,0,0,0
300204004,,,,,,0,0.2,0.41,0,0,0,0,0,0,0,0,0,3
65458948,1400.0,1500.0,4.0,,,0,0.16,0.31,0,0,0,0,0,0,0,0,0,0
27699122,,,,,,0,4.13,3.46,0,0,0,0,0,0,0,0,0,1
70560957,,,,,,0,0.29,0.81,0,0,0,0,0,0,0,0,0,1
91842653,2500.0,1200.0,6.0,,,0,0.21,0.19,0,0,0,0,0,0,0,0,0,0
89997728,,,,,,0,0.63,3.91,0,0,0,0,0,0,0,0,0,1
53094821,,,,,,0,0.28,0.47,0,0,0,0,0,0,0,0,0,2
15259703,,,,,,0,0.11,0.16,0,0,0,0,0,0,0,0,0,1
7293697,,,,,,0,0.0,0.0,0,0,0,0,0,0,0,0,0,1
53623827,1100.0,800.0,4.0,,,0,0.05,0.33,0,0,0,0,0,0,0,0,0,0
90359458,,,,,,0,0.06,0.11,0,0,0,0,0,0,0,0,0,1
30064423,3500.0,,,5.0,,5,1.07,0.58,1,0,0,0,0,0,1,0,0,0
5821478,3000.0,,,4.0,,4,0.06,0.14,1,0,0,0,0,0,1,0,0,0
22593417,3000.0,,,4.0,,4,2.21,2.48,1,0,0,0,0,0,1,0,0,0
72529749,2500.0,,0.0,3.0,,3,0.13,0.14,1,0,0,0,0,0,1,0,0,0
66403530,3000.0,,,4.0,,4,0.08,0.15,1,0,0,0,0,0,1,0,0,0
83370323,600.0,600.0,2.0,,,0,0.14,0.54,0,0,0,0,0,0,0,0,0,0
80813021,1200.0,600.0,3.0,,,0,3.09,0.0,0,0,0,0,0,0,0,0,1,0
59160189,,,,,,0,0.3,1.12,0,0,0,0,0,0,0,0,0,4
61068510,,,,,,0,0.02,0.13,0,0,0,0,0,0,0,0,0,1
71283180,1100.0,1000.0,4.0,,,0,0.16,0.19,0,0,0,0,0,0,0,1,0,0
6983839,2100.0,2000.0,4.0,,,0,0.07,0.1,1,0,0,0,0,1,0,0,0,0
18605135,,,,,,0,0.05,0.13,0,0,0,0,0,0,0,0,0,2
90337190,1000.0,1000.0,3.0,,,0,0.05,0.19,0,0,0,0,0,0,0,1,0,0
45943123,,,,,,0,0.07,0.09,0,0,0,0,0,0,0,0,0,1
79538761,0.0,0.0,1.0,,,0,0.1,0.2,0,0,0,0,0,0,0,0,0,0
7092142,,,,,,0,2.17,2.35,0,0,0,0,0,0,0,0,0,2
53582587,,,,,,0,0.15,0.19,0,0,0,0,0,0,0,0,0,2
75372290,1550.0,2500.0,6.0,,,0,0.6,0.24,0,0,0,0,0,0,0,1,0,0
71068247,1900.0,1400.0,3.0,,,0,0.14,0.23,1,0,0,0,0,1,0,0,0,0
564541,400.0,200.0,2.0,,,0,0.59,0.54,0,0,0,0,0,0,0,1,0,0
56346071,500.0,200.0,3.0,,,0,0.05,0.09,0,0,0,0,0,0,0,1,0,0
47873397,,,,,,0,0.1,0.16,0,0,0,0,0,0,0,0,0,2
52823314,1000.0,1000.0,3.0,,,0,0.46,0.5,0,0,0,0,0,0,0,1,0,0
89732524,600.0,1000.0,3.0,,,0,0.11,0.15,0,0,0,0,0,0,0,1,0,0
10802915,1000.0,600.0,3.0,,,0,0.1,0.32,0,0,0,0,0,0,0,1,0,0
62784717,,,,,,0,0.16,0.21,0,0,0,0,0,0,0,0,0,2
94256039,,,,,,0,0.05,0.12,0,0,0,0,0,0,0,0,0,2
48882106,1800.0,800.0,4.0,,,0,0.15,0.21,1,0,0,0,1,0,0,0,0,0
24878656,,,,,,0,0.51,0.72,0,0,0,0,0,0,0,0,0,1
1826676,200.0,1200.0,4.0,,,0,0.05,0.09,0,0,0,0,0,0,0,1,0,0
58132856,1600.0,1500.0,4.0,,,0,0.26,0.96,0,0,0,0,0,0,0,1,0,0
92607427,,,,,,0,0.14,0.3,0,0,0,0,0,0,0,0,0,1
65504487,1500.0,1000.0,4.0,,,0,0.38,0.37,0,0,0,0,0,0,0,1,0,0
69925461,1000.0,2100.0,4.0,,,0,0.31,0.35,0,0,0,0,0,0,0,1,0,0
70245411,,,,,,0,0.08,0.3,0,0,0,0,0,0,0,0,0,1
66226132,1200.0,,,2.0,,2,0.15,0.17,1,0,0,0,0,0,1,0,0,0
38120068,,,,,,0,0.02,0.08,0,0,0,0,0,0,0,0,0,1
23408872,100.0,2000.0,1.0,,,0,0.44,0.54,0,0,0,0,0,0,0,1,0,0
63875853,,,,,,0,0.06,0.07,0,0,0,0,0,0,0,0,0,1
41248270,1800.0,,0.0,3.0,,3,0.13,0.15,1,0,0,0,0,0,1,0,0,0
35686188,,,,,,0,0.05,0.01,0,0,0,0,0,0,0,0,0,2
81143465,,,,,,0,0.09,0.06,0,0,0,0,0,0,0,0,0,1
98777036,-1.0,-1.0,10.0,,,0,0.19,0.2,0,0,0,0,0,0,0,1,0,0
60879050,,,,,,0,0.17,0.28,0,0,0,0,0,0,0,0,0,1
37890974,,,,,,0,0.09,0.24,0,0,0,0,0,0,0,0,0,2
42348802,1300.0,800.0,3.0,,,0,2.91,12.08,0,0,0,0,0,0,0,0,1,0
94283662,1500.0,500.0,4.0,,,0,0.29,0.37,0,0,0,0,0,0,0,1,0,0
14214060,2600.0,200.0,6.0,,,0,0.11,0.17,0,0,0,0,0,0,0,0,1,0
7969770,0.0,0.0,1.0,,,0,0.06,0.06,0,0,0,0,0,0,0,1,0,0
6351147,,,,,,0,0.02,0.18,0,0,0,0,0,0,0,0,0,2
25573054,,,,,,0,0.05,0.55,0,0,0,0,0,0,0,0,0,1
30128445,3000.0,2300.0,6.0,,,0,0.11,0.16,1,0,0,0,0,1,0,0,0,0
56818742,3000.0,,,3.0,,3,0.06,0.18,1,0,0,0,0,0,1,0,0,0
67745632,3800.0,2000.0,12.0,,,0,0.59,0.34,1,0,1,0,0,0,0,0,0,0
94130731,3600.0,2700.0,12.0,,,0,0.07,0.17,1,0,0,0,1,0,0,0,0,0
31241087,3500.0,700.0,12.0,,,0,0.16,0.2,0,0,0,0,0,0,0,1,0,0
1799464,800.0,1000.0,3.0,,,0,0.05,0.05,0,0,0,0,0,0,0,0,0,0
46947713,2300.0,,0.0,3.0,,3,0.69,0.56,1,0,0,0,0,0,1,0,0,0
66094973,100.0,100.0,3.0,,,0,0.21,0.15,0,0,0,0,0,0,0,1,0,0
66100045,,,,,,0,0.25,0.07,0,0,0,0,0,0,0,0,0,2
58297729,,,,,,0,0.18,0.16,0,0,0,0,0,0,0,0,0,2
5288597,,,,,,0,0.12,0.19,0,0,0,0,0,0,0,0,0,1
34072799,0.0,2400.0,4.0,,,0,0.02,0.06,0,0,0,1,0,0,0,1,0,0
64697231,,,,,,0,2.18,1.24,0,0,0,0,0,0,0,0,0,2
13821299,1900.0,1600.0,4.0,,,0,0.23,0.53,0,0,0,0,0,0,0,0,0,0
24839398,,,,,,0,0.04,0.11,0,0,0,0,0,0,0,0,0,1
4206964,,,,,,0,0.02,0.12,0,0,0,0,0,0,0,0,0,2
75902998,,,,,,0,0.14,0.21,0,0,0,0,0,0,0,0,0,2
22377092,,,,,,0,5.46,3.1,0,0,0,0,0,0,0,0,0,2
19252988,,,,,,0,0.09,0.2,0,0,0,0,0,0,0,0,0,2
46461247,500.0,1100.0,3.0,,,0,0.11,0.45,0,0,0,0,0,0,0,1,0,0
3055837,,,,,,0,0.26,0.11,0,0,0,0,0,0,0,0,0,2
79766336,,,,,,0,0.15,0.21,0,0,0,0,0,0,0,0,0,2
80955168,,,,,,0,0.02,0.15,0,0,0,0,0,0,0,0,0,2
212652,,,,,,0,0.0,0.0,0,0,0,0,0,0,0,0,0,2
52286175,800.0,1800.0,4.0,,,0,0.11,0.2,0,0,0,0,0,0,0,1,0,0
2122975,,,,,,0,0.34,0.32,0,0,0,0,0,0,0,0,0,2
59616123,,,,,,0,1.26,3.17,0,0,0,0,0,0,0,0,0,2
70825459,,,,,,0,0.05,0.16,0,0,0,0,0,0,0,0,0,2
80101899,,,,,,0,0.02,0.15,0,0,0,0,0,0,0,0,0,2
48805472,,,,,,0,0.28,0.24,0,0,0,0,0,0,0,0,0,1
12801833,,,,,,0,0.18,0.17,0,0,0,0,0,0,0,0,0,1
59071624,2200.0,600.0,4.0,,,0,0.09,0.15,1,0,0,0,0,1,0,0,0,0
75416738,1300.0,1500.0,4.0,,,0,0.21,0.26,0,0,0,0,0,0,0,1,0,0
55428242,1800.0,1000.0,4.0,,,0,0.13,0.14,0,0,0,0,0,0,0,1,0,0
48183890,1800.0,,,3.0,,3,0.24,0.21,1,0,0,0,0,0,1,0,0,0
952523,1800.0,,,2.0,,2,0.11,0.17,1,0,0,0,0,0,1,0,0,0
45803070,1700.0,1100.0,4.0,,,0,0.21,0.19,0,0,0,0,0,0,0,1,0,0
88078306,1200.0,1600.0,4.0,,,0,0.11,0.14,0,0,0,0,0,0,0,1,0,0
74577599,,,,,,0,0.19,0.33,0,0,0,0,0,0,0,0,0,2
82738277,1500.0,1300.0,4.0,,,0,0.13,0.23,0,0,0,0,0,0,0,1,0,0
91812341,1600.0,1200.0,4.0,,,0,0.24,0.24,0,0,0,0,0,0,0,1,0,0
28201945,800.0,2000.0,4.0,,,0,0.07,0.16,0,0,0,0,0,0,0,1,0,0
1688285,2500.0,300.0,4.0,,,0,0.19,0.21,1,0,0,0,0,1,0,0,0,0
49027020,900.0,1900.0,4.0,,,0,0.27,0.36,0,0,0,0,0,0,0,1,0,0
6511113,300.0,2500.0,4.0,,,0,0.08,0.11,1,0,0,0,0,1,0,0,0,0
73639099,800.0,,,1.0,,1,0.05,0.1,1,0,0,0,0,0,1,0,0,0
29616929,,,,,,0,0.17,0.24,0,0,0,0,0,0,0,0,0,2
28868394,1400.0,1400.0,4.0,,,0,0.09,0.16,0,0,0,0,0,0,0,1,0,0
99590524,,,,,,0,0.08,0.22,0,0,0,0,0,0,0,0,0,2
54762426,,,,,,0,0.36,0.43,0,0,0,0,0,0,0,0,0,2
45221020,1100.0,2000.0,4.0,,,0,0.11,0.15,0,0,0,0,0,0,0,1,0,0
84824728,100.0,100.0,1.0,,,0,0.3,0.28,0,0,0,0,0,0,0,1,0,0
69299029,,,,,,0,6.08,3.17,0,0,0,0,0,0,0,0,0,1
13685271,,,,,,0,0.07,0.08,0,0,0,0,0,0,0,0,0,2
71759912,1200.0,100.0,2.0,,,0,0.25,0.42,0,0,0,0,0,0,0,1,0,0
12538374,100.0,100.0,1.0,,,0,1.91,1.87,0,0,0,0,0,0,0,1,0,0
46918794,,,,,,0,0.05,0.45,0,0,0,0,0,0,0,0,0,1
78780140,1500.0,1800.0,5.0,,,0,0.09,0.17,0,0,0,0,0,0,0,0,1,0
73988674,,,,,,0,1.25,0.43,0,0,0,0,0,0,0,0,0,2
21420702,,,,,,0,0.08,0.16,0,0,0,0,0,0,0,0,0,1
51097887,,,,,,0,0.11,0.27,0,0,0,0,0,0,0,0,0,1
10019086,3500.0,,,5.0,,5,0.47,0.34,1,0,0,0,0,0,1,0,0,0
33781156,1800.0,,,2.0,,2,1.52,1.45,1,0,0,0,0,0,1,0,0,0
47163170,1700.0,,,2.0,,2,0.19,0.22,1,0,0,0,0,0,1,0,0,0
26847978,1600.0,,,2.0,,2,2.64,1.25,1,0,0,0,0,0,1,0,0,0
87209160,1900.0,1600.0,4.0,,,0,0.27,0.22,0,0,0,0,0,0,0,1,0,0
92269002,,,,,,0,0.17,0.26,0,0,0,0,0,0,0,0,0,1
50810455,1200.0,1500.0,2.0,,,0,0.88,0.37,0,0,0,0,0,0,0,1,0,0
56196385,700.0,1000.0,2.0,,,0,0.23,0.18,0,0,0,0,0,0,0,1,0,0
19096726,800.0,0.0,4.0,,,0,0.08,0.13,0,0,0,0,0,0,0,1,0,0
14816857,0.0,2000.0,1.0,,,0,0.12,0.2,0,0,0,0,0,0,0,1,0,0
86379342,,,,,,0,0.04,0.21,0,0,0,0,0,0,0,0,0,2
96378317,,,,,,0,0.05,0.03,0,0,0,0,0,0,0,0,0,1
40975243,,,,,,0,0.04,0.1,0,0,0,0,0,0,0,0,0,2
10793085,,,,,,0,0.18,0.59,0,0,0,0,0,0,0,0,0,1
52331012,2300.0,,,3.0,,3,0.08,0.19,1,0,0,0,0,0,1,0,0,0
7889323,,,,,,0,0.05,0.11,0,0,0,0,0,0,0,0,0,1
99726621,3000.0,,,4.0,,4,0.31,0.25,1,0,0,0,0,0,1,0,0,0
19304410,1700.0,1000.0,4.0,,,0,7.26,6.44,0,0,0,0,0,0,0,1,0,0
25908748,,,,,,0,0.03,0.14,0,0,0,0,0,0,0,0,0,1
68836428,1800.0,1500.0,3.0,,,0,0.84,0.52,1,0,0,0,0,1,0,0,0,0
52445243,2100.0,1800.0,6.0,,,0,0.15,0.15,1,0,0,0,1,0,0,0,0,0
32617464,2200.0,,,3.0,,3,0.15,0.08,1,0,0,0,0,0,1,0,0,0
39111158,2850.0,2350.0,8.0,,,0,0.02,4.4,0,0,0,0,0,0,0,0,1,0
96383838,,,,,,0,0.16,0.25,0,0,0,0,0,0,0,0,0,1
26285788,,,,,,0,1.76,2.66,0,0,0,0,0,0,0,0,0,1
77827521,1300.0,900.0,4.0,,,0,0.05,0.18,0,0,0,0,0,0,0,0,1,0
72709014,,,,,,0,0.08,0.18,0,0,0,0,0,0,0,0,0,1
45383307,,,,,,0,0.26,0.22,0,0,0,0,0,0,0,0,0,1
69529337,600.0,1900.0,3.0,,,0,0.22,0.19,0,0,0,0,0,0,0,1,0,0
9989792,,,,,,0,0.18,0.18,0,0,0,0,0,0,0,0,0,1
95923441,1400.0,1100.0,3.0,,,0,0.24,0.28,0,0,0,0,0,0,0,1,0,0
72772445,,,,,,0,0.45,0.31,0,0,0,0,0,0,0,0,0,1
64576557,,,,,,0,0.12,0.11,0,0,0,0,0,0,0,0,0,1
32912040,1800.0,700.0,4.0,,,0,0.24,0.25,0,0,0,0,0,0,0,1,0,0
96100333,,,,,,0,0.25,0.23,0,0,0,0,0,0,0,0,0,2
68406755,2500.0,2500.0,10.0,,,0,0.23,0.3,0,0,0,0,0,0,0,1,0,0
12181376,,,,,,0,0.07,0.19,0,0,0,0,0,0,0,0,0,1
11489642,,,,,,0,0.07,0.11,0,0,0,0,0,0,0,0,0,1
32298781,,,,,,0,0.1,0.47,0,0,0,0,0,0,0,0,0,1
26866984,1900.0,2900.0,9.0,,,0,0.06,0.13,0,0,0,0,0,0,0,1,0,0
300202009,,,,,,0,0.27,0.3,0,0,0,0,0,0,0,0,0,3
90969892,,,,,,0,0.04,0.07,0,0,0,0,0,0,0,0,0,2
33184167,1600.0,1000.0,4.0,,,0,5.5,9.51,0,0,0,0,0,0,0,1,0,0
86361354,1700.0,1000.0,4.0,,,0,0.07,0.09,0,0,0,0,0,0,0,1,0,0
80230510,,,,,,0,0.4,0.84,0,0,0,0,0,0,0,0,0,1
2903036,,,,,,0,0.06,0.2,0,0,0,0,0,0,0,0,0,1
79759861,,,,,,0,0.03,0.18,0,0,0,0,0,0,0,0,0,1
93983867,,,,,,0,0.06,0.11,0,0,0,0,0,0,0,0,0,2
37405032,0.0,0.0,4.0,,,0,0.15,0.3,0,0,0,0,0,0,0,1,0,0
64804137,2000.0,1000.0,6.0,,,0,0.09,0.17,1,0,1,0,0,0,0,0,0,0
91272072,2200.0,1200.0,7.0,,,0,0.41,0.24,1,0,1,0,0,0,0,0,0,0
41302052,2800.0,,0.0,4.0,,4,0.24,0.2,1,0,0,0,0,0,1,0,0,0
94626871,2000.0,,0.0,2.0,,2,0.52,0.45,1,0,0,0,0,0,1,0,0,0
77307161,100.0,,0.0,1.0,,1,0.15,0.23,1,0,0,0,0,0,1,0,0,0
99890852,,,,,,0,0.08,0.3,0,0,0,0,0,0,0,0,0,1
61283655,1800.0,400.0,4.0,,,0,0.16,2.25,0,0,0,0,0,0,0,1,0,0
298846,200.0,,,1.0,,1,0.31,0.2,1,0,0,0,0,0,1,0,0,0
98169343,2000.0,1000.0,5.0,,,0,0.15,0.92,0,0,0,0,0,0,0,1,0,0
51011872,2000.0,,,2.0,,2,0.8,0.27,1,0,0,0,0,0,1,0,0,0
3792766,2200.0,,0.0,3.0,,3,0.1,0.2,1,0,0,0,0,0,1,0,0,0
63181559,,,,,,0,0.09,0.14,0,0,0,0,0,0,0,0,0,2
14365823,1800.0,,,2.0,,2,5.73,2.91,1,0,0,0,0,0,1,0,0,0
62481203,,,,,,0,0.15,0.11,0,0,0,0,0,0,0,0,0,1
86750474,2200.0,,0.0,3.0,,3,0.43,0.71,1,0,0,0,0,0,1,0,0,0
88693151,,,,,,0,0.11,0.22,0,0,0,0,0,0,0,0,0,1
32448765,2000.0,,,2.0,,2,0.09,0.32,1,0,0,0,0,0,1,0,0,0
1410324,600.0,1800.0,2.0,,,0,0.31,0.21,0,0,0,0,0,0,0,1,0,0
63492244,,,,,,0,0.06,0.1,0,0,0,0,0,0,0,0,0,1
35371948,,,,,,0,0.15,0.42,0,0,0,0,0,0,0,0,0,1
98700941,800.0,2000.0,2.0,,,0,0.11,0.38,0,0,0,0,0,0,0,1,0,0
51208046,,,,,,0,6.44,2.89,0,0,0,0,0,0,0,0,0,1
35199656,1600.0,1200.0,3.0,,,0,0.15,0.25,0,0,0,0,0,0,0,1,0,0
22159429,,,,,,0,0.38,0.43,0,0,0,0,0,0,0,0,0,1
22219822,0.0,1000.0,2.0,,,0,0.07,0.1,0,0,0,0,0,0,0,1,0,0
91505214,1000.0,1800.0,4.0,,,0,0.13,0.13,0,0,0,0,0,0,0,1,0,0
86825114,100.0,0.0,1.0,,,0,0.07,0.23,0,0,0,0,0,0,0,1,0,0
37683441,2000.0,,,2.0,,2,0.21,0.21,1,0,0,0,0,0,1,0,0,0
21076084,,,,,,0,0.02,0.21,0,0,0,0,0,0,0,0,0,2
59604521,1400.0,1900.0,4.0,,,0,0.34,0.38,0,0,0,0,0,0,0,1,0,0
75622824,,,,,,0,0.02,0.06,0,0,0,0,0,0,0,0,0,1
75622825,,,,,,0,0.0,0.0,0,0,0,0,0,0,0,0,0,4
78905039,0.0,0.0,2.0,,,0,0.02,0.08,0,0,0,0,0,0,0,0,0,0
20797524,300.0,300.0,3.0,,,0,0.14,0.13,0,0,0,0,0,0,0,1,0,0
39402797,3000.0,2800.0,10.0,,,0,9.74,12.27,1,0,0,0,1,0,0,0,0,0
20474741,1800.0,1200.0,4.0,,,0,0.04,0.12,0,0,0,0,0,0,0,1,0,0
12275533,1600.0,2800.0,6.0,,,0,0.06,0.11,0,0,0,0,0,0,0,1,0,0
96148285,,,,,,0,0.07,0.12,0,0,0,0,0,0,0,0,0,2
95504778,600.0,600.0,2.0,,,0,0.26,0.21,0,0,0,0,0,0,0,1,0,0
48568432,500.0,1700.0,3.0,,,0,0.06,0.11,0,0,0,0,0,0,0,1,0,0
89875646,,,,,,0,0.0,0.0,0,0,0,0,0,0,0,0,0,1
49725936,2400.0,,0.0,3.0,,3,0.32,0.41,1,0,0,0,0,0,1,0,0,0
34796454,100.0,100.0,1.0,,,0,0.11,0.14,0,0,0,0,0,0,0,1,0,0
25311006,,,,,,0,0.33,0.26,0,0,0,0,0,0,0,0,0,1
35269904,,,,,,0,0.36,0.39,0,0,0,0,0,0,0,0,0,1
72632190,1500.0,1200.0,4.0,,,0,0.05,0.08,0,0,0,0,0,0,0,1,0,0
61254509,300.0,1300.0,3.0,,,0,0.07,0.09,0,0,0,0,0,0,0,1,0,0
45042329,1200.0,1300.0,4.0,,,0,0.02,0.13,0,0,0,0,0,0,0,0,1,0
60811211,3000.0,2400.0,8.0,,,0,0.0,0.0,0,0,0,0,0,0,0,1,0,0
96205925,,,,,,0,0.0,0.0,0,0,0,0,0,0,0,0,0,1
65195679,,,,,,0,0.0,0.0,0,0,0,0,0,0,0,0,0,2
8540055,300.0,2000.0,3.0,,,0,0.0,0.0,0,0,0,0,0,0,0,1,0,0
35761342,100.0,1000.0,1.0,,,0,0.0,0.0,0,0,0,0,0,0,0,1,0,0
34645790,1700.0,400.0,4.0,,,0,0.0,0.0,0,0,0,0,0,0,0,1,0,0
71155456,1200.0,200.0,2.0,,,0,0.0,0.0,0,0,0,0,0,0,0,1,0,0
33700664,,,,,,0,0.0,0.0,0,0,0,0,0,0,0,0,0,1
3957130,2300.0,,,3.0,,3,0.26,0.23,1,0,0,0,0,0,1,0,0,0
52687916,2700.0,2000.0,9.0,,,0,0.07,0.11,1,0,0,0,1,0,0,0,0,0
15661378,2700.0,2000.0,9.0,,,0,1.16,2.85,1,0,1,0,0,0,0,0,0,0
70980824,2700.0,2000.0,11.0,,,0,1.68,2.2,1,0,0,0,1,0,0,0,0,0
61159609,,,,,,0,0.09,0.18,0,0,0,0,0,0,0,0,0,1
96163807,1800.0,0.0,4.0,,,0,0.08,0.28,0,0,0,0,0,0,0,1,0,0
44716748,100.0,1000.0,1.0,,0.0,0,0.06,0.2,0,1,0,0,0,0,0,1,0,0
7436169,,,,,,0,0.87,0.59,0,0,0,0,0,0,0,0,0,2
63323539,,,,,,0,0.42,0.24,0,0,0,0,0,0,0,0,0,2
76384284,,,,,,0,0.08,0.15,0,0,0,0,0,0,0,0,0,2
55013285,700.0,800.0,2.0,,,0,0.02,0.17,0,0,0,0,0,0,0,1,0,0
72144675,2400.0,2000.0,6.0,,,0,24.85,7.1,0,0,0,0,0,0,0,1,0,0
61538782,1000.0,2000.0,4.0,,,0,0.07,0.09,0,0,0,0,0,0,0,1,0,0
61529473,,,,,,0,0.1,0.18,0,0,0,0,0,0,0,0,0,2
49430782,,,,,,0,0.13,0.25,0,0,0,0,0,0,0,0,0,1
37984331,0.0,0.0,1.0,,,0,169.17,0.0,0,0,0,0,0,0,0,1,0,0
96746083,2900.0,1900.0,9.0,,,0,0.02,0.12,0,0,0,0,0,0,0,1,0,0
82321037,1800.0,3000.0,9.0,,,0,0.75,0.5,0,0,0,0,0,0,0,1,0,0
30539496,2500.0,2300.0,9.0,,,0,0.04,0.1,0,0,0,0,0,0,0,1,0,0
88581108,3000.0,3000.0,9.0,,,0,0.23,0.26,1,0,0,0,0,1,0,0,0,0
35125879,,,,,,0,0.17,0.26,0,0,0,0,0,0,0,0,0,2
62089826,,,,,,0,0.14,0.1,0,0,0,0,0,0,0,0,0,2
87319876,0.0,800.0,3.0,,,0,0.54,0.86,0,0,0,0,0,0,0,0,0,0
77092311,2000.0,1800.0,5.0,,,0,1.46,1.7,1,0,0,0,1,0,0,0,0,0
5325155,0.0,2000.0,2.0,,,0,0.2,0.25,0,0,0,0,0,0,0,0,0,0
25334372,,,,,,0,0.17,0.19,0,0,0,0,0,0,0,0,0,1
34853266,1100.0,1400.0,4.0,,,0,1.18,4.91,0,0,0,0,0,0,0,0,0,0
78098950,3000.0,3000.0,11.0,,,0,0.47,0.48,0,0,0,0,0,0,0,0,0,0
84635192,450.0,500.0,2.0,,,0,0.03,0.06,0,0,0,0,0,0,0,1,0,0
27769400,2800.0,2500.0,8.0,,,0,0.26,0.43,0,0,0,0,0,0,0,1,0,0
74093656,1600.0,200.0,3.0,,,0,0.12,0.48,0,0,0,0,0,0,0,0,1,0
47459126,1800.0,1600.0,4.0,,,0,0.16,0.31,0,0,0,0,0,0,0,0,0,0
50951359,,,,,,0,0.1,0.1,0,0,0,0,0,0,0,0,0,2
5609226,,,,,,0,0.31,0.44,0,0,0,0,0,0,0,0,0,2
85821180,,,,,,0,0.14,0.2,0,0,0,0,0,0,0,0,0,1
70284332,,,,,,0,3.19,5.26,0,0,0,0,0,0,0,0,0,2
96363153,,,,,,0,0.07,0.1,0,0,0,0,0,0,0,0,0,1
82744076,400.0,1200.0,1.0,,,0,0.05,0.13,0,0,0,0,0,0,0,0,0,0
54941203,0.0,0.0,1.0,,,0,0.02,0.17,0,0,0,0,0,0,0,0,0,0
92676637,100.0,300.0,1.0,,,0,0.87,1.47,0,0,0,0,0,0,0,1,0,0
60187739,0.0,0.0,1.0,,,0,0.15,0.32,0,0,0,0,0,0,0,1,0,0
13574687,0.0,0.0,3.0,,,0,2.89,1.86,1,0,0,0,1,0,0,0,0,0
6142213,0.0,0.0,2.0,,,0,0.44,0.8,0,0,0,0,0,0,0,0,0,0
67270095,100.0,500.0,1.0,,,0,0.09,0.15,0,0,0,0,0,0,0,0,0,0
46195773,2500.0,1500.0,6.0,,,0,0.57,0.78,1,0,0,0,1,0,0,0,0,0
16769305,500.0,1500.0,3.0,,,0,0.02,0.06,0,0,0,0,0,0,0,1,0,0
5786513,,,,,,0,0.17,0.2,0,0,0,0,0,0,0,0,0,1
74611888,,,,,,0,0.1,0.11,0,0,0,0,0,0,0,0,0,2
95612049,,,,,,0,0.13,0.16,0,0,0,0,0,0,0,0,0,1
88559132,1200.0,2000.0,5.0,,,0,0.12,0.27,0,0,0,0,0,0,0,1,0,0
72929454,1900.0,1700.0,6.0,,,0,6.53,1.79,0,0,0,0,0,0,0,0,1,0
76806714,,,,,,0,0.05,0.1,0,0,0,0,0,0,0,0,0,1
17441953,700.0,900.0,3.0,,,0,0.0,0.0,0,0,0,0,0,0,0,0,1,0
37313348,1000.0,1500.0,4.0,,,0,0.03,0.15,0,0,0,0,0,0,0,0,1,0
59053232,450.0,500.0,2.0,,,0,15.4,6.19,0,0,0,0,0,0,0,0,1,0
3149764,,,,,,0,0.06,0.11,0,0,0,0,0,0,0,0,0,2
83747250,,,,,,0,0.04,0.08,0,0,0,0,0,0,0,0,0,2
57348141,,,,,,0,0.07,0.2,0,0,0,0,0,0,0,0,0,2
76930964,2000.0,3000.0,8.0,,,0,0.07,0.32,0,0,0,0,0,0,0,1,0,0
79441381,2000.0,1000.0,7.0,,1.0,0,0.03,0.15,0,1,0,0,0,0,0,1,0,0
6830480,0.0,2000.0,1.0,,10.0,0,0.05,0.15,0,1,0,0,0,0,0,1,0,0
40945356,2300.0,1000.0,6.0,,,0,0.05,0.1,0,0,0,0,0,0,0,1,0,0
14541657,1500.0,100.0,4.0,,,0,0.08,0.14,0,0,0,0,0,0,0,1,0,0
92595825,1000.0,1000.0,3.0,,,0,0.09,0.24,0,0,0,0,0,0,0,0,0,0
2986553,1000.0,1000.0,3.0,,,0,0.1,0.41,0,0,0,0,0,0,0,0,0,0
71222649,1000.0,1500.0,3.0,,1.0,0,0.06,0.1,0,1,0,0,0,0,0,1,0,0
60431417,,,,,,0,0.07,0.12,0,0,0,0,0,0,0,0,0,1
60589682,900.0,700.0,3.0,,,0,0.0,0.0,0,0,0,0,0,0,0,0,1,0
29692206,850.0,700.0,3.0,,,0,0.05,0.07,0,0,0,0,0,0,0,0,1,0
29455728,2400.0,1000.0,6.0,,,0,0.11,0.25,1,0,1,0,0,0,0,0,0,0
88477149,,,,,,0,0.05,0.15,0,0,0,0,0,0,0,0,0,1
21900719,,,,,,0,0.33,0.41,0,0,0,0,0,0,0,0,0,1
66015185,1200.0,,,2.0,,2,0.02,0.13,1,0,0,0,0,0,1,0,0,0
43898403,,,,,,0,0.02,0.13,0,0,0,0,0,0,0,0,0,1
70050374,1700.0,200.0,4.0,,,0,0.09,0.15,0,0,0,0,0,0,0,1,0,0
43586926,1500.0,1200.0,3.0,,,0,0.06,0.11,0,0,0,0,0,0,0,1,0,0
78984772,2200.0,1700.0,6.0,,,0,0.02,0.17,0,0,0,0,0,0,0,0,1,0
54752875,2800.0,2100.0,7.0,,,0,0.65,0.33,1,0,1,0,0,0,0,0,0,0
88132637,1500.0,1000.0,4.0,,,0,0.15,0.13,0,0,0,0,0,0,0,1,0,0
24025620,700.0,1600.0,4.0,,,0,0.11,0.13,0,0,0,0,0,0,0,1,0,0
40225398,1600.0,1000.0,4.0,,,0,0.04,0.07,0,0,0,0,0,0,0,1,0,0
82035781,1700.0,1900.0,6.0,,,0,1.07,0.97,0,0,0,0,0,0,0,1,0,0
300205004,,,,,,0,0.19,0.42,0,0,0,0,0,0,0,0,0,3
45939841,,,,,,0,0.02,0.11,0,0,0,0,0,0,0,0,0,1
83228073,2000.0,1800.0,5.0,,,0,0.08,0.11,0,0,0,0,0,0,0,1,0,0
6203182,,,,,,0,0.04,0.18,0,0,0,0,0,0,0,0,0,1
44459942,,,,,,0,0.08,0.09,0,0,0,0,0,0,0,0,0,1
89928517,1200.0,1200.0,2.0,,,0,0.02,0.07,0,0,0,0,0,0,0,1,0,0
94119974,1600.0,1200.0,4.0,,,0,0.05,0.49,0,0,0,0,0,0,0,0,1,0
25578802,,,,,,0,0.06,0.17,0,0,0,0,0,0,0,0,0,1
57305373,900.0,700.0,3.0,,,0,0.02,0.09,0,0,0,0,0,0,0,0,1,0
83887306,,,,,,0,0.02,0.19,0,0,0,0,0,0,0,0,0,2
72842870,1200.0,1400.0,4.0,,,0,0.02,0.13,0,0,0,0,0,0,0,0,1,0
56789759,1700.0,1900.0,6.0,,,0,0.02,0.06,0,0,0,0,0,0,0,0,1,0
68811206,3000.0,1500.0,8.0,,,0,0.0,0.0,0,0,0,0,0,0,0,1,0,0
21237481,,,,,,0,0.05,0.1,0,0,0,0,0,0,0,0,0,2
14883228,,,,,,0,0.39,0.87,0,0,0,0,0,0,0,0,0,2
2333365,2000.0,2000.0,4.0,,,0,0.09,0.16,0,0,0,0,0,0,0,1,0,0
83235263,-1.0,0.0,4.0,,,0,0.12,0.15,0,0,0,0,0,0,0,1,0,0
58293343,2900.0,2500.0,8.0,,,0,0.08,0.14,1,0,1,0,0,0,0,0,0,0
15543940,,,,,,0,0.05,0.22,0,0,0,0,0,0,0,0,0,1
94568601,2900.0,2500.0,8.0,,,0,0.27,0.57,0,0,0,0,0,0,0,1,0,0
90814668,,,,,,0,0.03,0.05,0,0,0,0,0,0,0,0,0,1
16172067,3500.0,3000.0,10.0,,,0,0.48,2.27,1,0,0,0,1,0,0,0,0,0
57470761,,,,,,0,0.06,0.1,0,0,0,0,0,0,0,0,0,2
38318146,,,,,,0,0.1,0.16,0,0,0,0,0,0,0,0,0,2
4638410,,,,,,0,1.42,2.5,0,0,0,0,0,0,0,0,0,2
55271628,,,,,,0,1.84,2.96,0,0,0,0,0,0,0,0,0,2
76721030,,,,,,0,0.31,0.72,0,0,0,0,0,0,0,0,0,2
48357738,,,,,,0,0.06,0.21,0,0,0,0,0,0,0,0,0,2
11819616,2800.0,2600.0,8.0,,,0,0.4,0.97,0,0,0,0,0,0,0,1,0,0
34614289,1600.0,2700.0,7.0,,,0,0.3,0.17,0,0,0,0,0,0,0,1,0,0
71279983,2500.0,1800.0,7.0,,,0,0.12,0.13,0,0,0,0,0,0,0,1,0,0
9485511,1000.0,2800.0,6.0,,,0,0.25,0.11,0,0,0,0,0,0,0,1,0,0
12931061,,,,,,0,0.11,0.2,0,0,0,0,0,0,0,0,0,1
11637481,1800.0,1800.0,4.0,,,0,0.06,0.14,0,0,0,0,0,0,0,1,0,0
49936169,,,,,,0,0.05,0.12,0,0,0,0,0,0,0,0,0,1
48636108,,,,,,0,0.08,0.12,0,0,0,0,0,0,0,0,0,2
72491806,1200.0,1000.0,4.0,,,0,1.0,0.19,0,0,0,0,0,0,0,1,0,0
56421754,2300.0,700.0,5.0,,,0,0.31,0.26,0,0,0,0,0,0,0,1,0,0
70043345,,,,,,0,0.21,0.13,0,0,0,0,0,0,0,0,0,2
82419869,1500.0,2500.0,5.0,,,0,0.32,0.37,0,0,0,0,0,0,0,1,0,0
47021196,2000.0,2600.0,8.0,,,0,0.07,0.13,0,0,0,0,0,0,0,1,0,0
98229575,2600.0,2000.0,8.0,,,0,0.29,0.22,0,0,0,0,0,0,0,1,0,0
35884610,,,,,,0,0.13,0.11,0,0,0,0,0,0,0,0,0,1
17264592,2200.0,2300.0,6.0,,,0,0.17,0.13,0,0,0,0,0,0,0,1,0,0
43658697,,,,,,0,0.09,0.12,0,0,0,0,0,0,0,0,0,1
19814508,,,,,,0,0.1,0.16,0,0,0,0,0,0,0,0,0,1
61613388,,,,,,0,0.3,0.24,0,0,0,0,0,0,0,0,0,1
60806437,1400.0,1200.0,4.0,,,0,0.09,0.12,0,0,0,0,0,0,0,1,0,0
9275482,1500.0,1500.0,8.0,,,0,0.02,0.05,0,0,0,0,0,0,0,1,0,0
7602840,1200.0,1200.0,6.0,,,0,0.15,0.13,0,0,0,0,0,0,0,1,0,0
32752319,-1.0,-1.0,10.0,,,0,0.16,0.14,1,0,1,0,0,0,0,0,0,0
49451215,1500.0,,,2.0,,2,0.18,0.13,1,0,0,0,0,0,1,0,0,0
93413793,1500.0,300.0,3.0,,,0,0.1,0.09,0,0,0,0,0,0,0,0,0,0
44708154,3000.0,2800.0,11.0,,,0,0.18,0.24,1,0,0,0,1,0,0,0,0,0
18313046,1000.0,2600.0,8.0,,,0,0.09,0.09,1,0,1,0,0,0,0,0,0,0
13258285,1200.0,600.0,3.0,,,0,0.04,0.07,0,0,0,0,0,0,0,0,0,0
501000000,3000.0,2500.0,10.0,,,0,200.0,0.0,0,0,0,0,0,0,0,1,0,0
12652643,4400.0,3400.0,10.0,,,0,0.19,0.24,1,0,1,0,0,0,0,0,0,0
40101111,2900.0,1700.0,10.0,,,0,3.71,10.47,1,0,1,0,0,0,0,0,0,0
28736826,1500.0,300.0,4.0,,,0,0.0,0.0,0,0,0,0,0,0,0,1,0,0
67934141,500.0,1000.0,3.0,,,0,0.13,0.28,0,0,0,0,0,0,0,1,0,0
14959144,2000.0,700.0,7.0,,,0,0.18,0.39,0,0,0,0,0,0,0,1,0,0
18940556,3500.0,3200.0,10.0,,,0,0.09,0.16,0,0,0,0,0,0,0,1,0,0
36328300,,,,,,0,0.13,0.12,0,0,0,0,0,0,0,0,0,2
84544192,4000.0,0.0,12.0,,,0,0.4,0.2,1,0,1,0,0,0,0,0,0,0
32247099,,,,,,0,0.19,0.32,0,0,0,0,0,0,0,0,0,2
3149401,4500.0,4500.0,12.0,,,0,81.8,94.5,1,0,1,0,0,0,0,0,0,0
75402014,2500.0,2000.0,5.0,,,0,0.24,0.27,1,0,0,0,0,1,0,0,0,0
70109009,,,,,,0,0.09,0.1,0,0,0,0,0,0,0,0,0,2
6713443,,,,,,0,0.32,0.17,0,0,0,0,0,0,0,0,0,2
55538156,,,,,,0,0.39,0.34,0,0,0,0,0,0,0,0,0,2
33250142,2000.0,700.0,7.0,,,0,0.07,0.12,1,0,1,0,0,0,0,0,0,0
324483,2800.0,1600.0,8.0,,,0,0.34,1.69,1,0,1,0,0,0,0,0,0,0
71143015,,,,,,0,0.1,0.11,0,0,0,0,0,0,0,0,0,1
87804747,3000.0,2600.0,9.0,,,0,0.18,0.26,1,0,1,0,0,0,0,0,0,0
49441499,0.0,0.0,1.0,,,0,0.4,0.59,0,0,0,0,0,0,0,1,0,0
34088136,1400.0,900.0,3.0,,,0,0.42,0.48,0,0,0,0,0,0,0,1,0,0
34830502,2300.0,900.0,5.0,,,0,1.8,3.51,0,0,0,0,0,0,0,1,0,0
19877898,2600.0,1200.0,7.0,,,0,1.57,1.43,0,0,0,0,0,0,0,1,0,0
68679595,2500.0,2000.0,5.0,,,0,0.39,0.35,1,0,0,0,0,1,0,0,0,0
32240937,3500.0,3000.0,10.0,,,0,0.1,0.54,0,0,0,0,0,0,0,1,0,0
80604092,,,,,,0,0.02,0.28,0,0,0,0,0,0,0,0,0,2
38891741,,,,,,0,0.15,0.39,0,0,0,0,0,0,0,0,0,2
38817295,,,,,,0,0.0,0.0,0,0,0,0,0,0,0,0,0,1
2263869,,,,,,0,0.3,0.36,0,0,0,0,0,0,0,0,0,1
15894048,3000.0,2200.0,8.0,,,0,0.02,0.15,0,0,0,0,0,0,0,1,0,0
1686814,0.0,0.0,0.0,,,0,0.18,0.26,1,0,0,0,1,0,0,0,0,0
76823930,,,,,,0,0.08,0.14,0,0,0,0,0,0,0,0,0,2
50855622,4000.0,4000.0,11.0,,,0,0.07,0.11,1,0,1,0,0,0,0,0,0,0
22431243,,,,,,0,0.06,0.12,0,0,0,0,0,0,0,0,0,1
76647978,,,,,,0,1.18,1.18,0,0,0,0,0,0,0,0,0,1
59708927,200.0,200.0,2.0,,,0,0.15,0.13,0,0,0,0,0,0,0,1,0,0
7152333,1800.0,0.0,4.0,,,0,0.11,0.2,0,0,0,0,0,0,0,1,0,0
67949764,,,,,,0,0.0,0.0,0,0,0,0,0,0,0,0,0,4
33551032,0.0,0.0,4.0,,,0,0.07,0.18,0,0,0,0,0,0,0,1,0,0
70546737,0.0,0.0,1.0,,,0,0.08,0.17,0,0,0,0,0,0,0,1,0,0
86229493,2000.0,1500.0,7.0,,,0,0.13,0.14,0,0,0,0,0,0,0,1,0,0
59281822,2800.0,2200.0,8.0,,,0,0.15,0.13,0,0,0,0,0,0,0,1,0,0
22702055,,,,,,0,0.02,0.2,0,0,0,0,0,0,0,0,0,1
82999629,,,,,,0,0.05,0.09,0,0,0,0,0,0,0,0,0,1
30464153,1700.0,1000.0,4.0,,,0,0.14,0.13,0,0,0,0,0,0,0,1,0,0
4072687,,,,,,0,0.06,0.2,0,0,0,0,0,0,0,0,0,1
81951640,500.0,0.0,1.0,,,0,0.05,0.1,0,0,0,0,0,0,0,1,0,0
12524259,,,,,,0,1.11,0.9,0,0,0,0,0,0,0,0,0,1
88494120,,,,,,0,0.07,0.12,0,0,0,0,0,0,0,0,0,2
96004535,,,,,,0,0.09,0.14,0,0,0,0,0,0,0,0,0,2
29479265,3000.0,,,4.0,,4,0.39,0.51,1,0,0,0,0,0,1,0,0,0
94014327,3000.0,,,4.0,,4,0.0,0.0,1,0,0,0,0,0,1,0,0,0
68625623,2000.0,2500.0,8.0,,,0,0.0,0.0,0,0,0,0,0,0,0,1,0,0
95136979,1500.0,2000.0,4.0,,,0,0.0,0.0,0,0,0,0,0,0,0,1,0,0
31531914,1500.0,2000.0,4.0,,,0,0.0,0.0,0,0,0,0,0,0,0,1,0,0
24269961,2000.0,,,2.0,,2,8.15,9.04,1,0,0,0,0,0,1,0,0,0
93084621,2400.0,,,3.0,,3,0.15,0.22,1,0,0,0,0,0,1,0,0,0
89019964,0.0,3000.0,8.0,,,0,0.28,0.31,0,0,0,0,0,0,0,1,0,0
67680512,1800.0,,,2.0,,2,0.15,0.12,1,0,0,0,0,0,1,0,0,0
41165831,2000.0,1500.0,6.0,,,0,0.1,0.23,0,0,0,0,0,0,0,1,0,0
88554436,2000.0,1500.0,6.0,,,0,0.07,0.15,0,0,0,0,0,0,0,1,0,0
21419436,2100.0,,,3.0,,3,0.0,0.0,1,0,0,0,0,0,1,0,0,0
93898740,,,,,,0,0.0,0.0,0,0,0,0,0,0,0,0,0,2
26236560,1500.0,1500.0,3.0,,,0,1.25,0.74,0,0,0,0,0,0,0,1,0,0
53624265,1500.0,1500.0,3.0,,,0,0.28,0.64,0,0,0,0,0,0,0,1,0,0
31588572,1500.0,1500.0,3.0,,,0,0.2,0.37,0,0,0,0,0,0,0,1,0,0
8700633,900.0,2000.0,2.0,,,0,0.03,0.08,0,0,0,0,0,0,0,1,0,0
300302055,,,,,,0,0.0,0.04,0,0,0,0,0,0,0,0,0,3
77058170,1000.0,,0.0,2.0,,2,0.04,0.1,1,0,0,0,0,0,1,0,0,0
5779502,,,,,,0,0.48,0.32,0,0,0,0,0,0,0,0,0,2
63465535,2400.0,1200.0,6.0,,,0,0.95,0.38,1,0,0,0,1,0,0,0,0,0
73443672,,,,,,0,0.02,0.23,0,0,0,0,0,0,0,0,0,1
51324455,,,,,,0,0.14,0.2,0,0,0,0,0,0,0,0,0,2
52639377,2100.0,800.0,4.0,,,0,0.28,0.2,1,0,0,0,1,0,0,0,0,0
98127546,3000.0,,,5.0,,5,0.65,0.35,1,0,0,0,0,0,1,0,0,0
8428836,,,,,,0,0.02,0.05,0,0,0,0,0,0,0,0,0,1
69452756,,,,,,0,0.04,0.13,0,0,0,0,0,0,0,0,0,2
911883,,,,,,0,0.13,0.2,0,0,0,0,0,0,0,0,0,1
38180759,0.0,0.0,4.0,,,0,0.28,0.19,1,0,0,0,0,1,0,0,0,0
22318971,0.0,1000.0,2.0,,,0,0.12,0.22,0,0,0,0,0,0,0,0,0,0
12743620,,,,,,0,0.06,0.08,0,0,0,0,0,0,0,0,0,1
49959355,1300.0,0.0,3.0,,,0,0.22,0.58,0,0,0,0,0,0,0,0,0,0
21296383,100.0,600.0,2.0,,,0,0.32,0.16,0,0,0,0,0,0,0,1,0,0
63595262,,,,,,0,0.54,0.28,0,0,0,0,0,0,0,0,0,1
57308711,100.0,100.0,1.0,,,0,0.12,0.17,0,0,0,0,0,0,0,0,1,0
95352218,,,,,,0,0.12,0.15,0,0,0,0,0,0,0,0,0,2
34325937,,,,,,0,0.3,0.36,0,0,0,0,0,0,0,0,0,2
31472884,,,,,,0,0.06,0.25,0,0,0,0,0,0,0,0,0,2
36318200,700.0,500.0,1.0,,,0,0.1,0.17,0,0,0,0,0,0,0,1,0,0
56052205,400.0,400.0,2.0,,,0,0.35,0.7,0,0,0,0,0,0,0,1,0,0
38527680,,,,,,0,0.66,2.64,0,0,0,0,0,0,0,0,0,1
60399954,,,,,,0,0.16,0.11,0,0,0,0,0,0,0,0,0,1
83152482,1000.0,,,2.0,,2,0.7,0.86,1,0,0,0,0,0,1,0,0,0
300302020,,,,,,0,0.21,0.39,0,0,0,0,0,0,0,0,0,3
2133971,2200.0,1900.0,6.0,,,0,0.57,0.69,1,0,1,0,0,0,0,0,0,0
99249638,2100.0,1000.0,5.0,,,0,0.16,0.29,0,0,0,0,0,0,0,1,0,0
66399653,,,,,,0,0.1,0.08,0,0,0,0,0,0,0,0,0,1
89357740,2100.0,1000.0,5.0,,,0,0.08,0.16,0,0,0,0,0,0,0,1,0,0
11743119,1000.0,1000.0,2.0,,,0,0.02,0.18,0,0,0,0,0,0,0,1,0,0
39778366,,,,,,0,0.05,0.09,0,0,0,0,0,0,0,0,0,2
86474024,,,,,,0,0.05,0.05,0,0,0,0,0,0,0,0,0,2
85936485,1000.0,400.0,3.0,,,0,0.02,0.2,0,0,0,0,0,0,0,0,1,0
56747793,,,,,,0,0.02,0.37,0,0,0,0,0,0,0,0,0,1
14731897,,,,,,0,17.85,14.81,0,0,0,0,0,0,0,0,0,1
53077251,,,,,,0,0.06,0.06,0,0,0,0,0,0,0,0,0,2
15310033,0.0,0.0,1.0,,,0,0.03,0.18,0,0,0,0,0,0,0,0,0,0
97360116,1000.0,500.0,3.0,,,0,0.12,0.43,0,0,0,0,0,0,0,0,1,0
73567374,,,,,,0,0.16,0.05,0,0,0,0,0,0,0,0,0,1
300302073,,,,,,0,0.0,0.1,0,0,0,0,0,0,0,0,0,3
24218047,1400.0,1100.0,3.0,,,0,0.04,0.05,0,0,0,0,0,0,0,1,0,0
25704359,,,,,,0,0.02,0.09,0,0,0,0,0,0,0,0,0,2
92084010,1500.0,1600.0,4.0,,,0,0.08,0.17,0,0,0,0,0,0,0,1,0,0
62991886,,,,,,0,0.08,0.15,0,0,0,0,0,0,0,0,0,1
87800375,,,,,,0,0.03,0.14,0,0,0,0,0,0,0,0,0,2
72648810,,,,,,0,0.08,0.2,0,0,0,0,0,0,0,0,0,2
88093706,2000.0,,,2.0,,2,0.07,0.1,1,0,0,0,0,0,1,0,0,0
90557975,,,,,,0,0.92,0.4,0,0,0,0,0,0,0,0,0,2
70368879,,,,,,0,0.49,0.39,0,0,0,0,0,0,0,0,0,1
58911105,500.0,1800.0,4.0,,,0,0.12,0.22,0,0,0,0,0,0,0,1,0,0
1784619,1500.0,800.0,4.0,,,0,0.02,0.1,0,0,0,0,0,0,0,0,1,0
27753563,,,,,,0,0.08,0.14,0,0,0,0,0,0,0,0,0,1
38844957,,,,,,0,0.14,0.2,0,0,0,0,0,0,0,0,0,2
25274141,,,,,,0,0.19,0.13,0,0,0,0,0,0,0,0,0,1
99002135,,,,,,0,0.05,0.11,0,0,0,0,0,0,0,0,0,1
94634433,,,,,,0,0.07,0.31,0,0,0,0,0,0,0,0,0,2
6007213,0.0,0.0,10.0,,,0,0.16,0.13,0,0,0,0,0,0,0,1,0,0
89264428,,,,,,0,3.34,2.95,0,0,0,0,0,0,0,0,0,1
16471775,,,,,,0,0.11,0.16,0,0,0,0,0,0,0,0,0,1
89771220,,,,,,0,0.1,0.19,0,0,0,0,0,0,0,0,0,1
80086070,2700.0,700.0,7.0,,,0,1.82,0.77,1,0,0,0,1,0,0,0,0,0
81108658,2800.0,700.0,8.0,,,0,0.06,0.15,0,0,0,0,0,0,0,0,0,0
28715905,2500.0,700.0,8.0,,,0,0.05,0.19,0,0,0,0,0,0,0,0,0,0
54700519,2400.0,700.0,8.0,,,0,0.07,0.17,0,0,0,0,0,0,0,0,0,0
81321206,700.0,1400.0,7.0,,,0,0.16,0.18,0,0,0,0,0,0,0,1,0,0
29537493,700.0,2000.0,7.0,,,0,0.13,0.22,0,0,0,0,0,0,0,1,0,0
55936191,700.0,1700.0,7.0,,,0,0.13,0.18,0,0,0,0,0,0,0,1,0,0
62714453,700.0,2000.0,1.0,,,0,0.13,0.16,1,0,0,0,1,0,0,0,0,0
27693363,700.0,1000.0,1.0,,,0,1.92,1.19,1,0,0,0,1,0,0,0,0,0
15758127,,,,,,0,0.07,0.18,0,0,0,0,0,0,0,0,0,2
32692693,,,,,,0,0.06,0.13,0,0,0,0,0,0,0,0,0,1
53087962,3000.0,700.0,7.0,,,0,1.76,1.34,1,0,0,0,1,0,0,0,0,0
53865474,,,,,,0,0.09,0.15,0,0,0,0,0,0,0,0,0,1
47077697,2000.0,800.0,5.0,,,0,0.06,0.12,0,0,0,0,0,0,0,1,0,0
48649353,2150.0,1950.0,6.0,,,0,24.56,8.75,0,0,0,0,0,0,0,0,1,0
90884404,,,,,,0,0.0,0.0,0,0,0,0,0,0,0,0,0,4
744887,2200.0,2700.0,9.0,,,0,0.13,0.24,0,0,0,0,0,0,0,1,0,0
30341772,,,,,,0,0.37,0.45,0,0,0,0,0,0,0,0,0,1
59070329,,,,,,0,0.07,0.11,0,0,0,0,0,0,0,0,0,2
8512558,1500.0,1500.0,4.0,,,0,0.11,0.08,0,0,0,0,0,0,0,1,0,0
57566760,0.0,0.0,3.0,,,0,1.55,0.93,1,0,0,0,0,1,0,0,0,0
33725002,1500.0,1300.0,4.0,,,0,0.12,0.23,0,0,0,0,0,0,0,1,0,0
39053882,500.0,1500.0,4.0,,,0,0.12,0.28,0,0,0,0,0,0,0,1,0,0
13536606,1900.0,,,3.0,,3,0.03,0.11,1,0,0,0,0,0,1,0,0,0
13536607,,,,,,0,0.0,0.0,0,0,0,0,0,0,0,0,0,4
51638941,1600.0,1800.0,4.0,,,0,0.11,0.18,0,0,0,0,0,0,0,0,1,0
31971040,,,,,,0,0.08,0.21,0,0,0,0,0,0,0,0,0,2
98167225,,,,,,0,0.11,0.21,0,0,0,0,0,0,0,0,0,2
65496951,,,,,,0,0.06,0.21,0,0,0,0,0,0,0,0,0,1
14972952,,,,,,0,0.15,0.19,0,0,0,0,0,0,0,0,0,2
4582942,,,,,,0,0.09,0.21,0,0,0,0,0,0,0,0,0,2
78598237,,,,,,0,0.11,0.29,0,0,0,0,0,0,0,0,0,1
38491852,,,,,,0,0.07,0.25,0,0,0,0,0,0,0,0,0,1
5605529,,,,,,0,5.51,5.84,0,0,0,0,0,0,0,0,0,1
42193638,,,,,,0,0.14,0.25,0,0,0,0,0,0,0,0,0,1
39210885,,,,,,0,3.68,3.15,0,0,0,0,0,0,0,0,0,1
9839115,1500.0,1500.0,7.0,,,0,0.08,0.06,1,0,0,0,1,0,0,0,0,0
9929399,,,,,,0,0.0,0.0,0,0,0,0,0,0,0,0,0,4
61272280,2500.0,2900.0,8.0,,,0,0.22,0.31,1,0,0,0,1,0,0,0,0,0
94933468,,,,,,0,0.07,0.14,0,0,0,0,0,0,0,0,0,2
91749600,2500.0,2500.0,9.0,,,0,0.05,0.1,0,0,0,0,0,0,0,1,0,0
24096499,400.0,900.0,2.0,,,0,0.08,0.22,0,0,0,0,0,0,0,0,0,0
1353770,,,,,,0,0.09,0.16,0,0,0,0,0,0,0,0,0,1
23672629,2500.0,1600.0,5.0,,,0,0.07,0.14,1,0,0,0,0,1,0,0,0,0
99348756,1900.0,1200.0,4.0,,,0,0.15,0.09,0,0,0,0,0,0,0,1,0,0
2204038,1800.0,2000.0,7.0,,,0,12.17,35.03,0,0,0,0,0,0,0,1,0,0
19190082,500.0,1000.0,3.0,,,0,0.06,0.09,0,0,0,0,0,0,0,1,0,0
3026686,1000.0,1600.0,4.0,,,0,0.16,0.32,0,0,0,0,0,0,0,1,0,0
83705073,2000.0,2200.0,8.0,,,0,0.27,0.28,0,0,0,0,0,0,0,1,0,0
66809920,1600.0,1800.0,6.0,,,0,0.16,0.32,0,0,0,0,0,0,0,1,0,0
46701379,800.0,1200.0,2.0,,,0,0.08,0.17,0,0,0,0,0,0,0,1,0,0
40844552,400.0,800.0,2.0,,,0,0.15,0.37,0,0,0,0,0,0,0,0,0,0
44163252,0.0,2000.0,1.0,,,0,0.35,0.23,0,0,0,0,0,0,0,1,0,0
97854941,2200.0,2400.0,9.0,,,0,0.17,0.4,0,0,0,0,0,0,0,1,0,0
81558967,1400.0,1400.0,3.0,,,0,0.18,0.19,0,0,0,0,0,0,0,1,0,0
30411385,1600.0,1600.0,5.0,,,0,0.2,0.31,0,0,0,0,0,0,0,1,0,0
45584727,,,,,,0,0.18,0.29,0,0,0,0,0,0,0,0,0,1
75347539,3500.0,3850.0,8.0,,,0,0.18,0.6,0,0,0,0,0,0,0,1,0,0
40673853,2500.0,2200.0,5.0,,,0,0.19,0.21,1,0,0,0,0,1,0,0,0,0
31189536,,,,,,0,0.09,0.27,0,0,0,0,0,0,0,0,0,2
56387350,700.0,1000.0,3.0,,,0,0.07,0.18,0,0,0,0,0,0,0,1,0,0
68688135,,,,,,0,0.13,0.25,0,0,0,0,0,0,0,0,0,2
36352429,2400.0,0.0,5.0,,,0,1.14,1.64,0,0,0,0,0,0,0,1,0,0
58947797,2000.0,0.0,5.0,,,0,0.02,0.17,0,0,0,0,0,0,0,1,0,0
34250214,500.0,0.0,1.0,,,0,0.05,0.17,0,0,0,0,0,0,0,1,0,0
72860663,2400.0,,,3.0,,3,0.35,0.64,1,0,0,0,0,0,1,0,0,0
6039967,600.0,2000.0,5.0,,,0,1.75,1.97,0,0,0,0,0,0,0,1,0,0
22056710,3000.0,2100.0,8.0,,,0,0.19,0.24,0,0,0,0,0,0,0,1,0,0
90299015,1500.0,0.0,3.0,,,0,4.77,0.8,0,0,0,0,0,0,0,1,0,0
40607210,2000.0,1200.0,6.0,,,0,0.06,0.14,0,0,0,0,0,0,0,1,0,0
33438666,2000.0,1400.0,5.0,,,0,0.1,0.28,0,0,0,0,0,0,0,1,0,0
80485722,1600.0,1600.0,4.0,,,0,0.06,0.26,0,0,0,0,0,0,0,1,0,0
62188962,,,,,,0,0.09,0.09,0,0,0,0,0,0,0,0,0,1
26495087,1550.0,1550.0,4.0,,,0,0.12,0.25,0,0,0,0,0,0,0,1,0,0
53839837,2000.0,1500.0,5.0,,,0,0.02,0.13,0,0,0,0,0,0,0,1,0,0
6917479,2400.0,1000.0,6.0,,,0,0.07,0.21,0,0,0,0,0,0,0,1,0,0
70645913,1200.0,0.0,2.0,,,0,0.08,0.17,0,0,0,0,0,0,0,1,0,0
79523365,2200.0,2200.0,6.0,,,0,0.05,0.18,0,0,0,0,0,0,0,1,0,0
88728507,1500.0,1500.0,4.0,,,0,0.07,0.15,0,0,0,0,0,0,0,1,0,0
37129797,1600.0,,0.0,2.0,,2,0.02,0.08,1,0,0,0,0,0,1,0,0,0
22900598,,,,,,0,0.26,0.17,0,0,0,0,0,0,0,0,0,2
82962242,2000.0,2000.0,7.0,,,0,0.2,0.36,0,0,0,0,0,0,0,1,0,0
4918855,2800.0,2100.0,8.0,,,0,1.32,2.49,0,0,0,0,0,0,0,1,0,0
34294855,2000.0,800.0,6.0,,,0,0.07,0.18,0,0,0,0,0,0,0,1,0,0
69700783,,,,,,0,0.1,0.24,0,0,0,0,0,0,0,0,0,1
5795882,,,,,,0,0.13,0.5,0,0,0,0,0,0,0,0,0,1
300302074,,,,,,0,0.0,0.12,0,0,0,0,0,0,0,0,0,3
1371589,1800.0,1500.0,4.0,,,0,0.02,0.14,0,0,0,0,0,0,0,1,0,0
46571052,1700.0,1000.0,4.0,,,0,0.02,0.11,0,0,0,0,0,0,0,1,0,0
24857466,2800.0,2500.0,8.0,,,0,0.71,1.06,0,0,0,0,0,0,0,1,0,0
61777313,1200.0,400.0,4.0,,,0,0.62,0.47,0,0,0,0,0,0,0,0,0,0
77135531,1700.0,1300.0,4.0,,,0,0.09,0.11,0,0,0,0,0,0,0,1,0,0
84366728,2600.0,2200.0,8.0,,,0,0.03,0.03,0,0,0,0,0,0,0,1,0,0
24838456,,,,,,0,0.11,0.23,0,0,0,0,0,0,0,0,0,2
5851097,,,,,,0,1.58,0.98,0,0,0,0,0,0,0,0,0,2
47084486,2400.0,1200.0,6.0,,,0,1.3,0.97,0,0,0,0,0,0,0,1,0,0
72634965,2500.0,1600.0,8.0,,,0,0.5,0.89,0,0,0,0,0,0,0,1,0,0
27345070,,,,,,0,0.13,0.26,0,0,0,0,0,0,0,0,0,1
91073013,3000.0,1500.0,8.0,,,0,0.07,0.12,0,0,0,0,0,0,0,1,0,0
80738884,,,,,,0,0.09,0.1,0,0,0,0,0,0,0,0,0,2
29280200,1200.0,2000.0,4.0,,,0,0.12,0.16,0,0,0,0,0,0,0,1,0,0
91951471,,,,,,0,0.19,0.34,0,0,0,0,0,0,0,0,0,1
92895501,2500.0,1500.0,7.0,,,0,6.5,8.04,0,0,0,0,0,0,0,1,0,0
93156774,500.0,2200.0,5.0,,,0,2.25,1.3,0,0,0,0,0,0,0,1,0,0
9091064,2400.0,2100.0,5.0,,,0,0.25,0.2,0,0,0,0,0,0,0,1,0,0
66401502,1700.0,1900.0,4.0,,,0,0.08,0.12,0,0,0,0,0,0,0,1,0,0
55688914,0.0,0.0,6.0,,,0,0.13,0.23,0,0,0,0,0,0,0,1,0,0
29302858,1800.0,1500.0,4.0,,,0,0.09,0.11,0,0,0,0,0,0,0,1,0,0
77894049,2000.0,2500.0,4.0,,,0,0.15,0.25,1,0,0,0,0,1,0,0,0,0
60883493,,,,,,0,0.06,0.27,0,0,0,0,0,0,0,0,0,2
53330789,,,,,,0,0.06,0.2,0,0,0,0,0,0,0,0,0,2
35550352,,,,,,0,0.12,0.2,0,0,0,0,0,0,0,0,0,1
32233746,,,,,,0,0.05,0.1,0,0,0,0,0,0,0,0,0,2
1340142,3000.0,,,2.0,,2,0.1,0.13,1,0,0,0,0,0,1,0,0,0
19743887,2100.0,800.0,11.0,,,0,0.05,0.08,0,0,0,0,0,0,0,1,0,0
64038662,,,,,,0,0.07,0.11,0,0,0,0,0,0,0,0,0,2
65196094,,,,,,0,0.06,0.09,0,0,0,0,0,0,0,0,0,1
70636044,3000.0,3000.0,10.0,,,0,0.44,0.37,1,0,0,0,0,1,0,0,0,0
22404676,,,,,,0,15.01,0.0,0,0,0,0,0,0,0,0,0,4
14418464,800.0,800.0,2.0,,1.0,0,0.09,0.16,0,1,0,0,0,0,0,1,0,0
13291886,2000.0,2000.0,8.0,,1.0,0,0.06,0.08,0,1,0,0,0,0,0,1,0,0
76075139,2500.0,2500.0,10.0,,10.0,0,0.13,0.14,1,1,1,0,0,0,0,1,0,0
87897777,1700.0,1700.0,6.0,,1.0,0,0.04,0.1,0,1,0,0,0,0,0,1,0,0
41802073,1400.0,1400.0,4.0,,1.0,0,0.07,0.07,0,1,0,0,0,0,0,1,0,0
60095092,,,,,,0,0.53,0.47,0,0,0,0,0,0,0,0,0,1
13179234,,,,,,0,0.43,0.43,0,0,0,0,0,0,0,0,0,1
84281045,,,,,,0,0.1,0.11,0,0,0,0,0,0,0,0,0,2
75952542,,,,,,0,0.18,0.25,0,0,0,0,0,0,0,0,0,1
49568943,,,,,,0,0.22,0.2,0,0,0,0,0,0,0,0,0,1
69512157,1850.0,0.0,4.0,,3.0,0,0.32,0.46,0,1,0,0,0,0,0,0,1,0
13452889,2400.0,,0.0,3.0,,3,0.11,0.17,1,0,0,0,0,0,1,0,0,0
27015862,2500.0,2100.0,8.0,,,0,0.03,0.09,0,0,0,0,0,0,0,1,0,0
40785230,0.0,4000.0,12.0,,0.0,0,0.1,0.15,0,1,0,0,0,0,0,1,0,0
23299957,,,,,,0,0.09,0.14,0,0,0,0,0,0,0,0,0,1
8540986,3000.0,1700.0,10.0,,,0,0.05,0.23,1,0,1,0,0,0,0,0,0,0
78783557,2800.0,1500.0,9.0,,,0,10.78,8.57,0,0,0,0,0,0,0,1,0,0
90434926,,,,,,0,0.06,0.12,0,0,0,0,0,0,0,0,0,1
613013,1800.0,1100.0,4.0,,,0,0.26,0.29,0,0,0,0,0,0,0,1,0,0
70491682,0.0,0.0,1.0,,,0,0.05,0.22,0,0,0,0,0,0,0,1,0,0
3909436,2700.0,0.0,7.0,,,0,0.22,0.41,0,0,0,1,0,0,0,1,0,0
76798740,,,,,,0,0.27,0.61,0,0,0,0,0,0,0,0,0,1
13482075,2300.0,0.0,5.0,,,0,0.48,0.38,0,0,0,1,0,0,0,1,0,0
49394035,0.0,500.0,1.0,,,0,0.15,0.42,0,0,0,0,0,0,0,1,0,0
60375194,,,,,,0,0.09,0.1,0,0,0,0,0,0,0,0,0,2
67267333,0.0,2100.0,3.0,,,0,0.13,0.59,0,0,0,0,0,0,0,1,0,0
33971095,,,,,,0,0.04,0.17,0,0,0,0,0,0,0,0,0,1
76871889,,,,,,0,0.32,0.32,0,0,0,0,0,0,0,0,0,1
30650147,,,,,,0,0.39,0.4,0,0,0,0,0,0,0,0,0,2
2266498,,,,,,0,0.12,0.28,0,0,0,0,0,0,0,0,0,2
31772684,1800.0,200.0,4.0,,,0,0.11,0.22,0,0,0,0,0,0,0,1,0,0
2287848,,,,,,0,0.12,0.18,0,0,0,0,0,0,0,0,0,2
29348048,2800.0,0.0,8.0,,,0,0.12,0.2,0,0,0,1,0,0,0,1,0,0
49477180,500.0,2000.0,2.0,,,0,0.07,0.23,0,0,0,0,0,0,0,1,0,0
95220856,,,,,,0,0.05,0.16,0,0,0,0,0,0,0,0,0,1
21702241,,,,,,0,0.11,0.19,0,0,0,0,0,0,0,0,0,1
26046205,400.0,800.0,2.0,,,0,0.07,0.06,0,0,0,0,0,0,0,1,0,0
66100116,1100.0,1200.0,4.0,,,0,0.46,0.69,0,0,0,0,0,0,0,1,0,0
8062132,0.0,0.0,10.0,,,0,0.03,0.14,0,0,0,0,0,0,0,1,0,0
72677437,0.0,0.0,8.0,,,0,0.08,0.16,0,0,0,0,0,0,0,1,0,0
10441498,2800.0,2000.0,8.0,,,0,0.1,0.07,0,0,0,1,0,0,0,1,0,0
9284723,1600.0,1200.0,5.0,,,0,0.26,0.33,0,0,0,0,0,0,0,1,0,0
4466015,,,,,,0,0.27,0.15,0,0,0,0,0,0,0,0,0,2
22499463,100.0,2000.0,4.0,,,0,0.16,0.38,0,0,0,0,0,0,0,0,1,0
36278828,1000.0,800.0,4.0,,,0,0.08,0.18,0,0,0,0,0,0,0,1,0,0
60728397,,,,,,0,0.26,0.27,0,0,0,0,0,0,0,0,0,1
73899015,1200.0,600.0,3.0,,,0,0.25,0.23,0,0,0,0,0,0,0,1,0,0
54306223,,,,,,0,0.22,0.34,0,0,0,0,0,0,0,0,0,1
93298460,2000.0,800.0,5.0,,,0,0.06,0.12,0,0,0,0,0,0,0,1,0,0
55125728,2400.0,3000.0,8.0,,,0,0.51,0.37,0,0,0,0,0,0,0,1,0,0
80402389,,,,,,0,0.08,0.24,0,0,0,0,0,0,0,0,0,1
59576447,,,,,,0,1.59,1.45,0,0,0,0,0,0,0,0,0,2
66698383,2700.0,1800.0,9.0,,,0,0.29,0.24,1,0,0,0,1,0,0,0,0,0
35752363,1900.0,1500.0,5.0,,,0,5.01,6.23,1,0,1,0,0,0,0,0,0,0
37313338,,,,,,0,0.05,0.04,0,0,0,0,0,0,0,0,0,2
63708033,,,,,,0,0.02,0.04,0,0,0,0,0,0,0,0,0,2
14108995,,,,,,0,0.17,0.18,0,0,0,0,0,0,0,0,0,1
7206349,,,,,,0,0.09,0.12,0,0,0,0,0,0,0,0,0,1
36745317,900.0,1800.0,4.0,,,0,0.26,0.33,0,0,0,0,0,0,0,1,0,0
9350312,200.0,2000.0,4.0,,,0,3.89,3.98,0,0,0,0,0,0,0,1,0,0
62133026,600.0,1600.0,3.0,,,0,0.09,0.04,0,0,0,0,0,0,0,1,0,0
81519836,400.0,800.0,3.0,,,0,1.56,0.8,0,0,0,0,0,0,0,1,0,0
9238125,1100.0,0.0,3.0,,,0,0.1,0.06,0,0,0,0,0,0,0,1,0,0
73664385,,,,,,0,3.29,2.11,0,0,0,0,0,0,0,0,0,1
22623509,500.0,1400.0,4.0,,,0,2.68,10.04,0,0,0,0,0,0,0,1,0,0
50259460,1100.0,900.0,3.0,,,0,0.37,1.08,0,0,0,0,0,0,0,1,0,0
904185,,,,,,0,0.07,0.1,0,0,0,0,0,0,0,0,0,1
97345699,,,,,,0,0.04,0.12,0,0,0,0,0,0,0,0,0,1
65124425,,,,,,0,0.07,0.13,0,0,0,0,0,0,0,0,0,1
10642488,1200.0,800.0,4.0,,,0,0.1,0.13,0,0,0,0,0,0,0,1,0,0
78910832,1200.0,800.0,4.0,,,0,0.06,0.2,0,0,0,0,0,0,0,1,0,0
43014054,1000.0,1000.0,4.0,,,0,0.1,0.28,0,0,0,0,0,0,0,1,0,0
54343893,2000.0,2400.0,5.0,,,0,0.07,0.1,0,0,0,0,0,0,0,1,0,0
65815684,3000.0,3000.0,8.0,,,0,0.88,1.17,1,0,1,0,0,0,0,0,0,0
75524092,,,,,,0,0.32,0.86,0,0,0,0,0,0,0,0,0,1
75162696,1800.0,1500.0,4.0,,,0,1.66,0.5,0,0,0,0,0,0,0,1,0,0
79928401,1400.0,800.0,4.0,,,0,0.12,0.26,0,0,0,0,0,0,0,1,0,0
44910027,2400.0,3000.0,8.0,,,0,0.02,7.88,0,0,0,0,0,0,0,1,0,0
300302075,,,,,,0,0.0,0.1,0,0,0,0,0,0,0,0,0,3
93130021,1200.0,1000.0,4.0,,,0,0.04,0.29,0,0,0,0,0,0,0,1,0,0
70488851,5000.0,0.0,12.0,,11.0,0,1.86,1.36,0,1,0,0,0,0,0,1,0,0
15610297,0.0,0.0,1.0,,,0,0.72,0.52,0,0,0,0,0,0,0,1,0,0
39774685,,,,,,0,0.03,0.13,0,0,0,0,0,0,0,0,0,1
73219648,1200.0,200.0,2.0,,,0,0.02,0.17,0,0,0,0,0,0,0,1,0,0
73483491,2400.0,1000.0,8.0,,,0,0.05,0.29,1,0,0,0,1,0,0,0,0,0
75493362,,,,,,0,0.12,0.13,0,0,0,0,0,0,0,0,0,1
94042337,1550.0,800.0,4.0,,,0,0.56,2.75,0,0,0,0,0,0,0,0,1,0
15052462,,,,,,0,0.02,0.11,0,0,0,0,0,0,0,0,0,1
62379337,1100.0,1200.0,4.0,,,0,0.26,0.79,0,0,0,0,0,0,0,1,0,0
14556954,2400.0,1000.0,6.0,,,0,0.05,0.09,0,0,0,0,0,0,0,1,0,0
1683982,,,,,,0,0.03,0.13,0,0,0,0,0,0,0,0,0,2
64973456,,,,,,0,0.06,0.11,0,0,0,0,0,0,0,0,0,1
10673071,1000.0,1000.0,3.0,,,0,0.24,0.23,0,0,0,0,0,0,0,1,0,0
300102005,,,,,,0,1.53,2.36,0,0,0,0,0,0,0,0,0,3
601193,2500.0,1000.0,6.0,,,0,0.28,0.51,1,0,0,0,1,0,0,0,0,0
35252119,2400.0,1700.0,6.0,,,0,0.09,0.19,1,0,0,0,1,0,0,0,0,0
14886190,,,,,,0,0.09,0.17,0,0,0,0,0,0,0,0,0,1
61641818,2400.0,2000.0,3.0,,,0,0.05,0.16,1,0,0,0,0,1,0,0,0,0
13364097,,,,,,0,0.14,0.18,0,0,0,0,0,0,0,0,0,2
50275295,,,,,,0,0.05,0.07,0,0,0,0,0,0,0,0,0,1
18249921,,,,,,0,0.07,0.13,0,0,0,0,0,0,0,0,0,2
8736823,1500.0,1500.0,3.0,,,0,0.05,0.09,0,0,0,0,0,0,0,1,0,0
49966326,1800.0,600.0,6.0,,,0,0.05,0.09,0,0,0,0,0,0,0,1,0,0
92519087,2800.0,2400.0,9.0,,,0,0.14,0.25,1,0,0,0,1,0,0,0,0,0
49088914,1600.0,600.0,3.0,,,0,0.25,0.3,0,0,0,0,0,0,0,0,0,0
20799347,1200.0,1800.0,6.0,,,0,0.1,0.11,0,0,0,0,0,0,0,1,0,0
27069566,2600.0,2000.0,6.0,,,0,0.07,0.18,1,0,0,0,0,1,0,0,0,0
86483512,0.0,2400.0,6.0,,,0,0.17,0.15,0,0,0,0,0,0,0,0,0,0
90664857,1000.0,2400.0,3.0,,,0,0.02,0.09,1,0,0,0,0,1,0,0,0,0
95243515,2600.0,2800.0,9.0,,,0,0.06,0.16,1,0,0,0,0,1,0,0,0,0
12571621,1000.0,1600.0,3.0,,,0,0.05,0.1,0,0,0,0,0,0,0,1,0,0
80534031,,,,,,0,0.14,0.17,0,0,0,0,0,0,0,0,0,2
54591086,,,,,,0,0.09,0.18,0,0,0,0,0,0,0,0,0,2
821049,2500.0,2100.0,8.0,,,0,3.16,5.3,1,0,0,0,1,0,0,0,0,0
14391625,1500.0,2100.0,4.0,,,0,0.02,0.13,0,0,0,0,0,0,0,0,0,0
56099748,2100.0,1500.0,6.0,,,0,0.09,0.26,0,0,0,0,0,0,0,0,0,0
56043447,500.0,1200.0,4.0,,,0,0.12,0.05,0,0,0,0,0,0,0,1,0,0
101403004,800.0,1200.0,4.0,,,0,0.0,0.0,0,0,0,0,0,0,0,1,0,0
78556320,900.0,700.0,3.0,,,0,0.0,0.0,0,0,0,0,0,0,0,0,1,0
57425061,,,,,,0,0.06,0.19,0,0,0,0,0,0,0,0,0,1
45170821,2800.0,2100.0,8.0,,,0,0.09,0.15,1,0,1,0,0,0,0,0,0,0
18094166,1600.0,1800.0,5.0,,,0,0.12,0.25,0,0,0,0,0,0,0,1,0,0
54185227,500.0,2000.0,4.0,,,0,0.05,0.17,0,0,0,0,0,0,0,1,0,0
22865492,900.0,1100.0,3.0,,,0,0.36,0.61,0,0,0,0,0,0,0,1,0,0
61320914,1200.0,700.0,3.0,,,0,0.07,0.17,0,0,0,0,0,0,0,1,0,0
96693371,800.0,700.0,3.0,,,0,0.05,0.19,0,0,0,0,0,0,0,1,0,0
83414006,900.0,700.0,3.0,,,0,0.06,0.16,0,0,0,0,0,0,0,1,0,0
46759931,2500.0,2000.0,8.0,,,0,0.19,0.25,1,0,1,0,0,0,0,0,0,0
27780618,1000.0,1200.0,4.0,,,0,0.19,0.27,0,0,0,0,0,0,0,1,0,0
82697428,2700.0,1900.0,8.0,,,0,0.12,0.2,0,0,0,0,0,0,0,1,0,0
19186123,,,,,,0,0.03,0.17,0,0,0,0,0,0,0,0,0,1
98396890,400.0,400.0,2.0,,,0,0.79,0.98,0,0,0,0,0,0,0,0,0,0
35659410,,,,,,0,0.24,0.33,0,0,0,0,0,0,0,0,0,1
52575195,1700.0,800.0,4.0,,,0,0.02,0.09,0,0,0,0,0,0,0,1,0,0
7608148,,,,,,0,0.06,0.09,0,0,0,0,0,0,0,0,0,2
68378605,2000.0,2100.0,10.0,,,0,0.04,0.13,0,0,0,0,0,0,0,1,0,0
41773061,,,,,,0,8.07,6.44,0,0,0,0,0,0,0,0,0,1
7337976,,,,,,0,4.09,2.69,0,0,0,0,0,0,0,0,0,1
96235944,,,,,,0,0.08,0.2,0,0,0,0,0,0,0,0,0,1
45313724,,,,,,0,0.15,0.17,0,0,0,0,0,0,0,0,0,2
34822850,,,,,,0,0.29,0.15,0,0,0,0,0,0,0,0,0,1
31548814,,,,,,0,0.16,0.11,0,0,0,0,0,0,0,0,0,2
31444249,,,,,,0,0.4,0.31,0,0,0,0,0,0,0,0,0,1
94432298,,,,,,0,0.37,0.12,0,0,0,0,0,0,0,0,0,2
81020646,3000.0,3000.0,8.0,,,0,0.37,0.7,1,0,0,0,1,0,0,0,0,0
61965407,,,,,,0,0.2,0.17,0,0,0,0,0,0,0,0,0,2
60830240,,,,,,0,0.19,0.21,0,0,0,0,0,0,0,0,0,1
8437145,,,,,,0,0.54,0.94,0,0,0,0,0,0,0,0,0,1
1005587,,,,,,0,0.14,0.19,0,0,0,0,0,0,0,0,0,2
61345801,,,,,,0,6.64,3.95,0,0,0,0,0,0,0,0,0,1
78748366,,,,,,0,1.13,0.46,0,0,0,0,0,0,0,0,0,1
38026562,3000.0,3000.0,8.0,,,0,0.12,0.12,1,0,0,0,0,1,0,0,0,0
81020140,1200.0,600.0,3.0,,,0,0.15,0.11,0,0,0,0,0,0,0,1,0,0
85250352,,,,,,0,1.04,1.06,0,0,0,0,0,0,0,0,0,1
300302042,,,,,,0,0.0,0.19,0,0,0,0,0,0,0,0,0,3
66436257,300.0,1300.0,3.0,,,0,3.37,1.3,0,0,0,0,0,0,0,1,0,0
32543380,3000.0,1800.0,8.0,,,0,0.06,0.11,0,0,0,0,0,0,0,1,0,0
58143766,,,,,,0,0.32,0.43,0,0,0,0,0,0,0,0,0,2
46412900,3100.0,2400.0,8.0,,,0,2.6,2.1,0,0,0,0,0,0,0,1,0,0
42175079,,,,,,0,0.04,0.14,0,0,0,0,0,0,0,0,0,2
54514594,2400.0,1500.0,5.0,,,0,0.08,0.12,0,0,0,0,0,0,0,1,0,0
84138874,,,,,,0,0.34,0.35,0,0,0,0,0,0,0,0,0,2
63014935,2500.0,1200.0,6.0,,,0,0.08,0.13,0,0,0,0,0,0,0,1,0,0
33112041,500.0,500.0,1.0,,,0,0.15,0.23,0,0,0,0,0,0,0,0,1,0
33725271,,,,,,0,0.12,0.34,0,0,0,0,0,0,0,0,0,2
59805313,300.0,0.0,1.0,,,0,0.12,0.19,0,0,0,0,0,0,0,1,0,0
76459806,1900.0,1400.0,4.0,,,0,0.15,0.17,0,0,0,0,0,0,0,1,0,0
69750546,500.0,0.0,2.0,,,0,0.17,0.26,0,0,0,0,0,0,0,1,0,0
33365932,100.0,0.0,1.0,,,0,0.06,0.14,0,0,0,0,0,0,0,1,0,0
17415895,1800.0,1200.0,4.0,,,0,2.38,2.46,0,0,0,0,0,0,0,1,0,0
22411609,1000.0,1000.0,3.0,,,0,2.05,2.56,0,0,0,0,0,0,0,1,0,0
38694052,2500.0,2100.0,7.0,,,0,0.26,0.44,1,0,0,0,0,1,0,0,0,0
20951752,2800.0,1400.0,8.0,,,0,4.24,5.0,0,0,0,0,0,0,0,1,0,0
18585765,2500.0,1000.0,7.0,,,0,0.04,0.14,0,0,0,0,0,0,0,1,0,0
13995824,2500.0,2000.0,7.0,,,0,1.94,2.02,1,0,0,0,1,0,0,0,0,0
93151201,1800.0,1000.0,4.0,,,0,0.14,0.11,0,0,0,0,0,0,0,1,0,0
14898066,1900.0,1200.0,4.0,,,0,0.09,0.16,0,0,0,0,0,0,0,0,1,0
42138622,,,,,,0,0.26,0.32,0,0,0,0,0,0,0,0,0,1
25373678,2100.0,700.0,5.0,,,0,0.3,0.22,1,0,0,0,1,0,0,0,0,0
7736719,0.0,600.0,3.0,,,0,0.26,0.25,0,0,0,0,0,0,0,1,0,0
739444,1000.0,,0.0,3.0,,3,0.07,0.15,1,0,0,0,0,0,1,0,0,0
75311421,1700.0,1900.0,4.0,,,0,0.11,0.14,0,0,0,0,0,0,0,1,0,0
36974120,3000.0,0.0,10.0,,,0,0.03,0.11,0,0,0,0,0,0,0,1,0,0
77387463,0.0,0.0,3.0,,,0,0.2,0.22,0,0,0,0,0,0,0,1,0,0
98012938,2000.0,1600.0,6.0,,,0,0.41,0.28,1,0,0,0,1,0,0,0,0,0
58354899,1600.0,0.0,4.0,,,0,0.04,0.21,0,0,0,0,0,0,0,0,0,0
93683815,200.0,1800.0,2.0,,1.0,0,0.02,0.11,0,1,0,0,0,0,0,1,0,0
58859575,2000.0,2100.0,6.0,,,0,0.13,0.12,1,0,1,0,0,0,0,0,0,0
84243274,3000.0,2800.0,8.0,,,0,0.1,0.23,1,0,1,0,0,0,0,0,0,0
56768355,2200.0,1100.0,9.0,,,0,0.96,0.25,1,0,0,0,1,0,0,0,0,0
13220032,1000.0,1000.0,4.0,,,0,0.12,0.16,0,0,0,0,0,0,0,1,0,0
55046718,,,,,,0,0.22,0.29,0,0,0,0,0,0,0,0,0,1
41431329,800.0,800.0,3.0,,,0,0.18,0.18,0,0,0,0,0,0,0,0,0,0
45215453,1700.0,2800.0,7.0,,,0,3.09,1.5,1,0,0,0,1,0,0,0,0,0
39987164,2500.0,2100.0,4.0,,,0,4.22,2.75,1,0,0,0,0,1,0,0,0,0
92035412,,,,,,0,0.16,0.29,0,0,0,0,0,0,0,0,0,1
75779210,2800.0,1200.0,8.0,,,0,1.3,1.51,1,0,0,0,1,0,0,0,0,0
90592429,,,,,,0,0.12,0.3,0,0,0,0,0,0,0,0,0,1
168917,1800.0,800.0,4.0,,,0,0.22,0.21,0,0,0,0,0,0,0,1,0,0
74657662,,,,,,0,0.19,0.14,0,0,0,0,0,0,0,0,0,1
41858121,,,,,,0,0.18,0.14,0,0,0,0,0,0,0,0,0,1
5237827,1500.0,200.0,4.0,,,0,0.07,0.14,0,0,0,0,0,0,0,1,0,0
93157004,3200.0,1900.0,10.0,,,0,2.04,0.15,1,0,0,0,1,0,0,0,0,0
47228077,500.0,400.0,4.0,,,0,0.16,0.23,0,0,0,0,0,0,0,1,0,0
65659181,,,,,,0,0.28,0.1,0,0,0,0,0,0,0,0,0,1
74064212,1500.0,1500.0,4.0,,,0,0.13,0.08,0,0,0,0,0,0,0,0,0,0
1644289,,,,,,0,0.68,0.24,0,0,0,0,0,0,0,0,0,1
48370501,1800.0,1000.0,7.0,,,0,0.6,0.57,1,0,0,0,1,0,0,0,0,0
40619741,1700.0,1000.0,4.0,,,0,0.08,0.19,0,0,0,0,0,0,0,1,0,0
75886890,400.0,400.0,1.0,,,0,0.16,0.35,0,0,0,0,0,0,0,0,0,0
38679204,1400.0,200.0,3.0,,,0,0.11,0.1,0,0,0,0,0,0,0,0,0,0
10712320,1600.0,1000.0,4.0,,,0,0.15,0.23,0,0,0,0,0,0,0,1,0,0
84313685,800.0,600.0,4.0,,,0,0.15,0.18,0,0,0,0,0,0,0,1,0,0
1281505,900.0,900.0,2.0,,,0,0.14,0.11,0,0,0,0,0,0,0,0,0,0
87836938,1400.0,1000.0,4.0,,,0,0.09,0.13,0,0,0,0,0,0,0,1,0,0
90075978,,,,,,0,0.37,0.52,0,0,0,0,0,0,0,0,0,2
96300057,1300.0,1500.0,4.0,,,0,0.12,0.15,0,0,0,0,0,0,0,1,0,0
4993187,2400.0,,,3.0,,3,0.89,0.94,1,0,0,0,0,0,1,0,0,0
12607053,,,,,,0,0.02,0.37,0,0,0,0,0,0,0,0,0,2
54807656,,,,,,0,0.52,0.25,0,0,0,0,0,0,0,0,0,1
85586937,2700.0,400.0,7.0,,,0,0.1,0.17,0,0,0,0,0,0,0,1,0,0
6361316,400.0,2700.0,7.0,,,0,0.11,0.15,0,0,0,0,0,0,0,1,0,0
71410542,1000.0,100.0,3.0,,,0,0.1,0.13,0,0,0,0,0,0,0,1,0,0
91818544,1000.0,100.0,3.0,,,0,0.09,0.13,0,0,0,0,0,0,0,1,0,0
92907248,,,,,,0,0.47,0.27,0,0,0,0,0,0,0,0,0,1
32828466,2500.0,2100.0,10.0,,,0,0.26,2.88,1,0,1,0,0,0,0,0,0,0
10813327,,,,,,0,0.15,0.16,0,0,0,0,0,0,0,0,0,2
58169731,,,,,,0,0.04,0.14,0,0,0,0,0,0,0,0,0,2
13945283,1000.0,1850.0,4.0,,,0,0.19,0.54,0,0,0,0,0,0,0,1,0,0
30069398,300.0,1200.0,2.0,,,0,0.09,0.2,0,0,0,0,0,0,0,1,0,0
17078030,,,,,,0,0.51,1.19,0,0,0,0,0,0,0,0,0,2
2779999,,,,,,0,0.82,1.47,0,0,0,0,0,0,0,0,0,2
63162310,1600.0,3000.0,7.0,,,0,0.05,0.16,0,0,0,0,0,0,0,1,0,0
26984177,,,,,,0,0.49,0.77,0,0,0,0,0,0,0,0,0,1
15629802,,,,,,0,0.0,0.0,0,0,0,0,0,0,0,0,0,4
2563463,2000.0,2800.0,7.0,,,0,0.19,0.22,0,0,0,0,0,0,0,1,0,0
52589809,1700.0,1300.0,4.0,,,0,0.12,0.18,0,0,0,0,0,0,0,1,0,0
42994702,1500.0,1500.0,4.0,,,0,0.75,0.24,0,0,0,0,0,0,0,1,0,0
43363035,2600.0,0.0,9.0,,,0,0.09,0.16,0,0,0,0,0,0,0,1,0,0
3248469,0.0,0.0,2.0,,,0,0.37,0.29,0,0,0,0,0,0,0,1,0,0
80845034,,,,,,0,6.31,9.45,0,0,0,0,0,0,0,0,0,1
18558867,2700.0,2700.0,8.0,,,0,0.52,0.43,0,0,0,0,0,0,0,1,0,0
46660187,,,,,,0,0.06,0.18,0,0,0,0,0,0,0,0,0,2
47882774,,,,,,0,0.69,0.56,0,0,0,0,0,0,0,0,0,1
83286340,1700.0,1700.0,4.0,,,0,0.08,0.22,0,0,0,0,0,0,0,1,0,0
19771459,1900.0,1900.0,4.0,,,0,0.14,0.26,0,0,0,0,0,0,0,1,0,0
19275188,,,,,,0,0.04,0.19,0,0,0,0,0,0,0,0,0,2
84903021,2000.0,2000.0,5.0,,,0,0.06,0.16,0,0,0,0,0,0,0,1,0,0
81613061,,,,,,0,0.07,0.13,0,0,0,0,0,0,0,0,0,1
10497636,2600.0,2600.0,7.0,,,0,1.12,2.05,0,0,0,0,0,0,0,1,0,0
45943516,,,,,,0,0.93,0.93,0,0,0,0,0,0,0,0,0,1
71331215,,,,,,0,0.11,0.14,0,0,0,0,0,0,0,0,0,1
46169154,2100.0,2100.0,5.0,,,0,0.06,0.14,0,0,0,0,0,0,0,1,0,0
72554862,2200.0,2200.0,6.0,,,0,0.05,0.18,0,0,0,0,0,0,0,1,0,0
83880473,,,,,,0,0.14,0.27,0,0,0,0,0,0,0,0,0,1
47504322,1800.0,1800.0,4.0,,,0,0.1,0.29,0,0,0,0,0,0,0,1,0,0
54539105,,,,,,0,0.13,0.13,0,0,0,0,0,0,0,0,0,1
90098000,2100.0,1400.0,5.0,,,0,2.16,9.17,0,0,0,0,0,0,0,1,0,0
18482591,400.0,1000.0,3.0,,,0,0.08,0.18,0,0,0,0,0,0,0,1,0,0
16751086,600.0,1400.0,3.0,,,0,3.44,24.15,0,0,0,0,0,0,0,1,0,0
11429811,,,,,,0,0.06,0.09,0,0,0,0,0,0,0,0,0,2
75953262,1700.0,1600.0,4.0,,,0,0.1,0.07,0,0,0,0,0,0,0,0,1,0
90873992,,,,,,0,0.15,0.11,0,0,0,0,0,0,0,0,0,1
5438492,1100.0,1200.0,4.0,,,0,0.12,0.23,0,0,0,0,0,0,0,1,0,0
43797906,1900.0,1200.0,4.0,,,0,0.84,0.81,0,0,0,0,0,0,0,1,0,0
56413937,1900.0,1700.0,6.0,,,0,188.26,94.99,1,0,1,0,0,0,0,0,0,0
66073051,1600.0,1600.0,4.0,,,0,0.18,0.81,0,0,0,0,0,0,0,0,1,0
23424603,,,,,,0,0.05,0.13,0,0,0,0,0,0,0,0,0,1
87774234,200.0,300.0,1.0,,,0,0.65,0.55,0,0,0,0,0,0,0,1,0,0
70975131,0.0,1800.0,1.0,,,0,0.02,0.16,0,0,0,0,0,0,0,1,0,0
86889202,0.0,0.0,1.0,,,0,0.1,0.15,0,0,0,0,0,0,0,1,0,0
85066822,2800.0,2600.0,8.0,,,0,0.05,0.16,0,0,0,0,0,0,0,1,0,0
6022371,2800.0,2600.0,10.0,,,0,0.08,0.14,0,0,0,0,0,0,0,1,0,0
3732747,900.0,700.0,3.0,,,0,0.0,0.0,0,0,0,0,0,0,0,0,1,0
30680659,1500.0,1200.0,3.0,,,0,0.5,0.7,0,0,0,0,0,0,0,1,0,0
55014050,1250.0,1000.0,4.0,,,0,4.6,0.0,0,0,0,0,0,0,0,0,1,0
49669730,,,,,,0,0.1,0.1,0,0,0,0,0,0,0,0,0,1
37061511,2300.0,2000.0,7.0,,,0,0.12,0.16,0,0,0,1,0,0,0,1,0,0
93343894,1400.0,1000.0,4.0,,,0,0.29,2.56,0,0,0,0,0,0,0,0,1,0
7133305,,,,,,0,0.06,0.17,0,0,0,0,0,0,0,0,0,1
2483611,1400.0,1200.0,4.0,,,0,0.03,0.16,0,0,0,0,0,0,0,0,1,0
487395,400.0,1200.0,1.0,,,0,0.03,0.32,0,0,0,0,0,0,0,0,1,0
66836598,1100.0,700.0,3.0,,,0,0.0,0.0,0,0,0,0,0,0,0,0,1,0
23068051,,,,,,0,0.14,0.13,0,0,0,0,0,0,0,0,0,2
87151205,2500.0,1000.0,6.0,,,0,0.02,0.13,0,0,0,0,0,0,0,0,1,0
5554990,300.0,0.0,3.0,,,0,0.02,0.11,0,0,0,0,0,0,0,0,0,0
18407024,100.0,0.0,2.0,,,0,0.06,0.14,0,0,0,0,0,0,0,0,0,0
56993276,,,,,,0,0.02,0.24,0,0,0,0,0,0,0,0,0,2
95084054,,,,,,0,0.1,0.14,0,0,0,0,0,0,0,0,0,2
58924378,,,,,,0,1.06,0.6,0,0,0,0,0,0,0,0,0,1
2772236,1400.0,1200.0,6.0,,,0,0.09,0.24,1,0,0,0,1,0,0,0,0,0
1834107,,,,,,0,0.13,0.16,0,0,0,0,0,0,0,0,0,1
88205593,1000.0,500.0,4.0,,,0,0.02,0.65,0,0,0,0,0,0,0,1,0,0
65612454,,,,,,0,0.12,0.27,0,0,0,0,0,0,0,0,0,1
97885363,900.0,100.0,2.0,,,0,0.02,0.1,0,0,0,0,0,0,0,1,0,0
46897277,800.0,100.0,2.0,,,0,0.02,0.18,0,0,0,0,0,0,0,0,0,0
402568,1200.0,100.0,4.0,,,0,0.16,0.16,0,0,0,0,0,0,0,1,0,0
61380658,0.0,0.0,1.0,,,0,0.02,0.51,0,0,0,0,0,0,0,1,0,0
29765339,1500.0,1500.0,7.0,,,0,0.02,2.69,1,0,0,0,1,0,0,0,0,0
84428023,,,,,,0,0.1,0.1,0,0,0,0,0,0,0,0,0,1
32061744,,,,,,0,0.02,0.19,0,0,0,0,0,0,0,0,0,2
53193261,,,,,,0,0.02,0.13,0,0,0,0,0,0,0,0,0,1
27324313,1000.0,500.0,3.0,,,0,0.19,0.28,0,0,0,0,0,0,0,0,1,0
88392300,1800.0,0.0,4.0,,,0,0.08,0.09,0,0,0,0,0,0,0,1,0,0
41790641,,,,,,0,0.03,0.06,0,0,0,0,0,0,0,0,0,1
24996659,600.0,100.0,3.0,,,0,0.13,0.14,0,0,0,0,0,0,0,0,0,0
67752972,1600.0,1700.0,8.0,,,0,0.05,0.12,1,0,0,0,1,0,0,0,0,0
45801022,800.0,100.0,2.0,,,0,0.09,0.23,0,0,0,0,0,0,0,1,0,0
32548609,0.0,100.0,3.0,,,0,0.02,0.19,0,0,0,0,0,0,0,1,0,0
81896771,1000.0,800.0,4.0,,,0,0.02,0.28,0,0,0,0,0,0,0,1,0,0
56577312,,,,,,0,0.08,0.16,0,0,0,0,0,0,0,0,0,1
23274061,700.0,100.0,3.0,,,0,0.02,0.84,0,0,0,0,0,0,0,1,0,0
81028112,1500.0,300.0,3.0,,,0,0.1,0.18,0,0,0,0,0,0,0,1,0,0
51303014,,,,,,0,0.04,0.12,0,0,0,0,0,0,0,0,0,1
10113611,800.0,700.0,4.0,,,0,0.07,0.13,0,0,0,0,0,0,0,0,0,0
12296376,1000.0,100.0,3.0,,,0,0.02,0.11,0,0,0,0,0,0,0,1,0,0
38992735,,,,,,0,0.1,0.35,0,0,0,0,0,0,0,0,0,1
63665606,,,,,,0,5.52,3.66,0,0,0,0,0,0,0,0,0,1
31222701,,,,,,0,0.06,0.11,0,0,0,0,0,0,0,0,0,1
91880660,,,,,,0,0.11,0.17,0,0,0,0,0,0,0,0,0,1
10035717,,,,,,0,0.06,0.14,0,0,0,0,0,0,0,0,0,1
37243151,600.0,400.0,2.0,,,0,0.0,0.0,0,0,0,0,0,0,0,0,1,0
72053645,950.0,1500.0,4.0,,,0,0.05,0.07,0,0,0,0,0,0,0,1,0,0
23147658,2000.0,1200.0,4.0,,,0,0.08,0.19,0,0,0,0,0,0,0,1,0,0
78021082,1850.0,1000.0,4.0,,,0,0.23,0.21,1,0,1,0,0,0,0,0,0,0
63017368,,,,,,0,1.87,1.38,0,0,0,0,0,0,0,0,0,1
71384012,1400.0,,0.0,2.0,,2,0.27,0.35,1,0,0,0,0,0,1,0,0,0
28604635,,,,,,0,0.09,0.16,0,0,0,0,0,0,0,0,0,2
81005500,0.0,0.0,4.0,,,0,0.06,0.15,0,0,0,0,0,0,0,1,0,0
5763020,0.0,500.0,2.0,,,0,0.11,0.13,0,0,0,0,0,0,0,1,0,0
39103226,,,,,,0,1.0,0.98,0,0,0,0,0,0,0,0,0,2
42548470,,,,,,0,0.11,0.14,0,0,0,0,0,0,0,0,0,1
96576187,0.0,1700.0,4.0,,,0,0.08,0.18,0,0,0,0,0,0,0,0,0,0
5380979,,,,,,0,3.76,5.04,0,0,0,0,0,0,0,0,0,2
300302076,,,,,,0,0.0,0.2,0,0,0,0,0,0,0,0,0,3
96643568,1000.0,900.0,3.0,,,0,0.11,0.21,0,0,0,0,0,0,0,0,1,0
2084239,,,,,,0,0.11,0.21,0,0,0,0,0,0,0,0,0,1
65961085,2700.0,1700.0,8.0,,,0,0.1,0.17,0,0,0,0,0,0,0,1,0,0
60283232,800.0,1000.0,5.0,,,0,0.08,0.09,0,0,0,0,0,0,0,0,0,0
51405049,,,,,,0,0.06,0.09,0,0,0,0,0,0,0,0,0,1
91996584,1650.0,1600.0,4.0,,,0,0.02,0.07,0,0,0,0,0,0,0,0,1,0
53557529,,,,,,0,0.02,0.15,0,0,0,0,0,0,0,0,0,1
91822647,,,,,,0,0.61,0.25,0,0,0,0,0,0,0,0,0,2
15090429,1500.0,1600.0,4.0,,,0,0.07,0.12,0,0,0,0,0,0,0,1,0,0
93730409,500.0,1500.0,3.0,,,0,0.07,0.5,0,0,0,0,0,0,0,1,0,0
85523502,3000.0,2400.0,8.0,,,0,1.62,1.28,0,0,0,0,0,0,0,1,0,0
89907227,3300.0,3000.0,10.0,,,0,0.1,0.25,1,0,0,0,1,0,0,0,0,0
78229193,2400.0,1000.0,6.0,,,0,0.16,0.24,1,0,0,0,1,0,0,0,0,0
63731062,2500.0,1500.0,7.0,,,0,0.28,0.3,1,0,0,0,1,0,0,0,0,0
46956301,2000.0,1300.0,6.0,,,0,0.08,0.19,1,0,0,0,1,0,0,0,0,0
5614808,2800.0,2000.0,8.0,,,0,1.08,0.42,1,0,0,0,1,0,0,0,0,0
21579049,,,,,,0,0.03,0.14,0,0,0,0,0,0,0,0,0,1
92409659,500.0,400.0,2.0,,,0,0.0,0.0,0,0,0,0,0,0,0,0,1,0
99212922,2700.0,1200.0,7.0,,,0,0.06,0.13,0,0,0,0,0,0,0,1,0,0
9786492,,,,,,0,0.02,0.37,0,0,0,0,0,0,0,0,0,1
99234526,1700.0,1800.0,4.0,,,0,0.06,0.11,0,0,0,0,0,0,0,1,0,0
3557275,0.0,1000.0,1.0,,,0,0.8,0.65,0,0,0,0,0,0,0,0,1,0
18756904,,,,,,0,0.04,0.05,0,0,0,0,0,0,0,0,0,1
43487744,,,,,,0,0.09,0.28,0,0,0,0,0,0,0,0,0,2
62487836,,,,,,0,0.21,0.28,0,0,0,0,0,0,0,0,0,2
14732294,2000.0,2000.0,7.0,,,0,0.0,0.0,0,0,0,0,0,0,0,1,0,0
40352445,500.0,2500.0,8.0,,,0,0.15,0.26,0,0,0,1,0,0,0,1,0,0
15150365,1000.0,700.0,3.0,,,0,0.1,0.23,0,0,0,0,0,0,0,1,0,0
81383947,1200.0,0.0,2.0,,,0,0.07,0.14,0,0,0,0,0,0,0,1,0,0
19885332,,,,,,0,0.17,0.22,0,0,0,0,0,0,0,0,0,1
32825095,600.0,200.0,2.0,,,0,0.05,0.06,0,0,0,0,0,0,0,1,0,0
79473793,3000.0,2500.0,8.0,,,0,0.21,0.31,0,0,0,0,0,0,0,1,0,0
20193924,2100.0,800.0,7.0,,,0,0.15,0.16,0,0,0,0,0,0,0,1,0,0
1571945,1500.0,800.0,4.0,,,0,0.05,0.17,0,0,0,0,0,0,0,1,0,0
98024118,100.0,200.0,1.0,,,0,0.02,0.09,0,0,0,0,0,0,0,1,0,0
91434208,,,,,,0,0.06,0.1,0,0,0,0,0,0,0,0,0,1
48654323,500.0,2500.0,4.0,,,0,0.39,0.32,0,0,0,1,0,0,0,1,0,0
84335863,,,,,,0,0.14,0.13,0,0,0,0,0,0,0,0,0,1
12213463,1200.0,1000.0,4.0,,,0,0.07,0.11,0,0,0,0,0,0,0,1,0,0
98684051,800.0,0.0,2.0,,,0,0.1,0.16,0,0,0,0,0,0,0,1,0,0
11426487,2400.0,1800.0,6.0,,,0,0.06,0.23,0,0,0,0,0,0,0,1,0,0
49930315,1400.0,1000.0,4.0,,,0,0.1,0.2,0,0,0,0,0,0,0,1,0,0
52596406,1200.0,1200.0,4.0,,,0,0.08,0.07,0,0,0,0,0,0,0,1,0,0
28348939,1000.0,1700.0,3.0,,,0,0.06,0.11,0,0,0,0,0,0,0,1,0,0
49306994,,,,,,0,0.62,0.34,0,0,0,0,0,0,0,0,0,1
11067666,1600.0,1400.0,4.0,,1.0,0,0.28,0.41,0,1,0,0,0,0,0,1,0,0
73891874,2200.0,1400.0,6.0,,,0,0.52,0.67,0,0,0,0,0,0,0,1,0,0
31374201,1500.0,1000.0,4.0,,,0,0.97,0.4,0,0,0,0,0,0,0,0,0,0
63509474,,,,,,0,0.15,0.14,0,0,0,0,0,0,0,0,0,1
27103517,2500.0,0.0,8.0,,,0,0.04,0.07,0,0,0,0,0,0,0,1,0,0
100461002,,,,,,0,0.0,0.0,0,0,0,0,0,0,0,0,0,1
2957055,900.0,900.0,3.0,,,0,0.0,0.0,0,0,0,0,0,0,0,0,1,0
12965762,,,,,,0,0.0,0.0,0,0,0,0,0,0,0,0,0,4
23440062,,,,,,0,0.16,0.13,0,0,0,0,0,0,0,0,0,2
81476402,2350.0,2400.0,7.0,,,0,0.09,0.19,0,0,0,0,0,0,0,1,0,0
65810490,,,,,,0,0.0,0.0,0,0,0,0,0,0,0,0,0,4
68427465,,,,,,0,0.09,0.19,0,0,0,0,0,0,0,0,0,1
42167046,,,,,,0,0.19,0.19,0,0,0,0,0,0,0,0,0,2
77754944,,,,,,0,0.1,0.2,0,0,0,0,0,0,0,0,0,2
10705656,1500.0,900.0,3.0,,,0,0.12,0.26,0,0,0,0,0,0,0,1,0,0
39848658,,,,,,0,0.13,0.11,0,0,0,0,0,0,0,0,0,1
6128460,300.0,200.0,1.0,,,0,0.15,0.26,0,0,0,0,0,0,0,1,0,0
22970795,300.0,200.0,1.0,,,0,0.07,0.18,0,0,0,0,0,0,0,1,0,0
22339232,300.0,200.0,1.0,,,0,0.2,0.25,0,0,0,0,0,0,0,1,0,0
57473560,0.0,0.0,1.0,,,0,0.29,0.41,0,0,0,0,0,0,0,1,0,0
90243945,1600.0,0.0,3.0,,,0,0.25,0.41,0,0,0,0,0,0,0,1,0,0
68815401,,,,,,0,0.05,0.14,0,0,0,0,0,0,0,0,0,1
68815402,,,,,,0,0.0,0.0,0,0,0,0,0,0,0,0,0,4
61166988,,,,,,0,0.08,0.2,0,0,0,0,0,0,0,0,0,1
47766694,,,,,,0,0.08,0.15,0,0,0,0,0,0,0,0,0,2
64178424,,,,,,0,0.07,0.07,0,0,0,0,0,0,0,0,0,1
92391084,1000.0,1200.0,4.0,,,0,32.73,32.51,0,0,0,0,0,0,0,0,1,0
99865167,1800.0,200.0,4.0,,,0,0.09,0.19,0,0,0,0,0,0,0,1,0,0
98506199,2300.0,1500.0,7.0,,,0,0.25,1.2,1,0,0,0,1,0,0,0,0,0
39016067,2000.0,2000.0,6.0,,2.0,0,0.16,0.24,0,1,0,0,0,0,0,1,0,0
77334267,2600.0,1900.0,5.0,,,0,0.02,0.22,1,0,0,0,0,1,0,0,0,0
42328171,300.0,350.0,1.0,,,0,0.08,0.19,0,0,0,0,0,0,0,1,0,0
81122844,1500.0,1500.0,3.0,,,0,0.67,0.56,1,0,0,0,0,1,0,0,0,0
12076263,1200.0,900.0,3.0,,,0,0.1,0.16,0,0,0,0,0,0,0,1,0,0
95714077,,,,,,0,3.08,4.92,0,0,0,0,0,0,0,0,0,1
93451636,100.0,300.0,1.0,,,0,0.08,0.1,0,0,0,0,0,0,0,1,0,0
16923472,1600.0,500.0,3.0,,,0,1.84,0.91,0,0,0,0,0,0,0,1,0,0
85682655,1700.0,1000.0,4.0,,,0,0.19,0.18,0,0,0,0,0,0,0,1,0,0
25716180,800.0,500.0,2.0,,,0,0.38,0.4,0,0,0,0,0,0,0,1,0,0
80538728,1800.0,1200.0,4.0,,,0,0.24,0.2,0,0,0,0,0,0,0,1,0,0
59297550,600.0,1800.0,4.0,,,0,0.37,0.37,0,0,0,0,0,0,0,1,0,0
42874792,1400.0,600.0,3.0,,,0,0.26,0.28,0,0,0,0,0,0,0,1,0,0
57962537,600.0,600.0,3.0,,,0,10.7,19.94,0,0,0,0,0,0,0,1,0,0
25484449,1500.0,1300.0,4.0,,,0,0.4,0.29,0,0,0,0,0,0,0,1,0,0
58475908,100.0,2000.0,2.0,,,0,0.16,0.25,0,0,0,0,0,0,0,1,0,0
12299841,1800.0,1200.0,4.0,,,0,0.08,0.27,0,0,0,0,0,0,0,1,0,0
53540729,1200.0,1800.0,4.0,,,0,0.11,0.18,0,0,0,0,0,0,0,1,0,0
78156759,1500.0,2100.0,3.0,,,0,0.55,0.46,1,0,0,0,0,1,0,0,0,0
1735088,1800.0,,0.0,2.0,,2,0.23,0.24,1,0,0,0,0,0,1,0,0,0
68597372,1900.0,1500.0,4.0,,,0,0.18,0.1,1,0,0,0,0,1,0,0,0,0
54455435,1000.0,400.0,2.0,,,0,0.33,0.48,0,0,0,0,0,0,0,1,0,0
27944249,2000.0,1000.0,6.0,,,0,0.14,0.1,0,0,0,0,0,0,0,1,0,0
43925870,2000.0,1600.0,7.0,,,0,0.55,0.23,1,0,0,0,1,0,0,0,0,0
53027855,2800.0,2200.0,8.0,,,0,0.16,0.23,0,0,0,0,0,0,0,1,0,0
37301660,,,,,,0,75.97,169.77,0,0,0,0,0,0,0,0,0,1
17197110,,,,,,0,0.3,0.37,0,0,0,0,0,0,0,0,0,1
59744639,,,,,,0,0.02,0.1,0,0,0,0,0,0,0,0,0,2
84851250,1800.0,1800.0,5.0,,,0,0.06,0.06,0,0,0,0,0,0,0,0,0,0
25793414,2800.0,2400.0,8.0,,,0,0.14,0.3,1,0,1,0,0,0,0,0,0,0
73667937,2800.0,2400.0,8.0,,,0,0.11,0.13,1,0,0,0,1,0,0,0,0,0
20246864,1200.0,1200.0,3.0,,,0,0.1,0.08,0,0,0,0,0,0,0,1,0,0
71007216,1500.0,1500.0,4.0,,,0,1.62,2.41,0,0,0,0,0,0,0,0,0,0
43722862,1000.0,1000.0,3.0,,,0,0.22,0.24,0,0,0,0,0,0,0,1,0,0
70117860,100.0,100.0,1.0,,,0,0.62,1.43,0,0,0,0,0,0,0,0,0,0
14577226,2400.0,2000.0,7.0,,,0,0.15,0.34,1,0,0,0,1,0,0,0,0,0
96156729,,,,,,0,0.08,0.07,0,0,0,0,0,0,0,0,0,1
47319141,1800.0,1500.0,5.0,,,0,0.0,0.0,0,0,0,0,0,0,0,0,1,0
98582704,500.0,1300.0,3.0,,,0,0.63,0.0,0,0,0,0,0,0,0,0,1,0
8843569,,,,,,0,0.51,0.4,0,0,0,0,0,0,0,0,0,1
39175982,700.0,700.0,2.0,,,0,0.12,0.25,0,0,0,0,0,0,0,0,1,0
87796900,1400.0,1200.0,4.0,,,0,0.02,0.1,0,0,0,0,0,0,0,0,1,0
57405307,1200.0,1000.0,4.0,,,0,3.83,28.84,0,0,0,0,0,0,0,0,1,0
42418084,1400.0,1700.0,5.0,,,0,0.0,0.0,0,0,0,0,0,0,0,0,1,0
57116033,300.0,200.0,1.0,,,0,0.06,0.16,0,0,0,0,0,0,0,1,0,0
98585345,300.0,200.0,10.0,,,0,0.66,1.77,0,0,0,0,0,0,0,1,0,0
48486809,300.0,200.0,6.0,,,0,0.29,2.41,0,0,0,0,0,0,0,1,0,0
33776734,-1.0,-1.0,9.0,,,0,0.91,1.31,0,0,0,0,0,0,0,1,0,0
40237839,300.0,200.0,10.0,,,0,0.77,1.26,0,0,0,0,0,0,0,1,0,0
89258225,700.0,700.0,2.0,,,0,0.07,0.07,0,0,0,0,0,0,0,1,0,0
18430390,1800.0,500.0,4.0,,,0,0.14,0.12,0,0,0,0,0,0,0,1,0,0
87523462,1700.0,1200.0,4.0,,,0,0.13,0.17,0,0,0,0,0,0,0,1,0,0
82190203,,,,,,0,0.25,0.5,0,0,0,0,0,0,0,0,0,1
92944626,700.0,600.0,2.0,,,0,18.5,10.71,0,0,0,0,0,0,0,0,1,0
10132124,1500.0,1400.0,3.0,,,0,0.14,0.22,0,0,0,0,0,0,0,1,0,0
31447217,2750.0,2400.0,7.0,,,0,0.1,0.15,0,0,0,0,0,0,0,0,1,0
34507039,,,,,,0,0.15,0.29,0,0,0,0,0,0,0,0,0,2
72714461,1500.0,1500.0,4.0,,5.0,0,0.31,0.43,0,1,0,0,0,0,0,1,0,0
35262428,,,,,,0,0.44,0.49,0,0,0,0,0,0,0,0,0,1
64583600,700.0,100.0,2.0,,,0,0.08,0.25,0,0,0,0,0,0,0,1,0,0
80326401,,,,,,0,0.33,0.42,0,0,0,0,0,0,0,0,0,1
75946257,500.0,500.0,2.0,,,0,0.05,0.14,0,0,0,0,0,0,0,1,0,0
30525991,400.0,2000.0,4.0,,,0,0.15,0.28,0,0,0,0,0,0,0,1,0,0
78010363,1100.0,1200.0,4.0,,,0,0.06,0.23,0,0,0,0,0,0,0,1,0,0
17720747,1700.0,1200.0,4.0,,,0,0.12,0.12,0,0,0,0,0,0,0,0,0,0
4398189,,,,,,0,7.53,9.73,0,0,0,0,0,0,0,0,0,1
80741828,550.0,500.0,2.0,,,0,0.1,0.28,0,0,0,0,0,0,0,1,0,0
36458063,,,,,,0,0.2,0.24,0,0,0,0,0,0,0,0,0,2
83289866,,,,,,0,0.61,0.94,0,0,0,0,0,0,0,0,0,1
6958567,,,,,,0,0.0,0.0,0,0,0,0,0,0,0,0,0,1
10805153,,,,,,0,0.21,0.46,0,0,0,0,0,0,0,0,0,1
35098357,,,,,,0,0.02,0.32,0,0,0,0,0,0,0,0,0,1
57916305,,,,,,0,0.2,0.22,0,0,0,0,0,0,0,0,0,1
69748261,,,,,,0,0.0,0.0,0,0,0,0,0,0,0,0,0,2
56894757,,,,,,0,0.08,0.31,0,0,0,0,0,0,0,0,0,1
58139997,2000.0,2300.0,5.0,,,0,0.88,0.86,0,0,0,0,0,0,0,1,0,0
64756282,300.0,500.0,1.0,,,0,0.05,0.26,0,0,0,0,0,0,0,1,0,0
71074418,2800.0,0.0,8.0,,,0,0.17,0.24,0,0,0,0,0,0,0,1,0,0
84523092,2400.0,1000.0,7.0,,,0,0.3,0.31,0,0,0,0,0,0,0,1,0,0
83301414,,,,,,0,1.24,1.28,0,0,0,0,0,0,0,0,0,1
33475154,3800.0,2800.0,8.0,,,0,0.0,0.0,1,0,1,0,0,0,0,0,0,0
21522601,1000.0,2800.0,8.0,,,0,0.09,0.18,0,0,0,0,0,0,0,1,0,0
6071005,2500.0,0.0,6.0,,,0,0.0,0.0,0,0,0,0,0,0,0,1,0,0
55072170,,,,,,0,0.2,0.4,0,0,0,0,0,0,0,0,0,2
94553671,,,,,,0,0.06,0.17,0,0,0,0,0,0,0,0,0,2
95245544,1000.0,1500.0,3.0,,,0,1.52,1.21,0,0,0,0,0,0,0,1,0,0
59851535,0.0,2000.0,2.0,,,0,0.31,0.33,0,0,0,0,0,0,0,1,0,0
69964858,1800.0,2100.0,8.0,,,0,0.0,0.0,1,0,1,0,0,0,0,0,0,0
21744288,1800.0,600.0,4.0,,,0,0.53,0.67,0,0,0,0,0,0,0,1,0,0
19673561,,,,,,0,0.27,0.29,0,0,0,0,0,0,0,0,0,1
59106048,1300.0,1500.0,4.0,,,0,0.0,0.0,0,0,0,0,0,0,0,1,0,0
70686400,0.0,2000.0,2.0,,,0,0.0,0.0,0,0,0,0,0,0,0,1,0,0
70226289,,,,,,0,0.16,0.26,0,0,0,0,0,0,0,0,0,1
9603252,2700.0,2800.0,8.0,,,0,0.02,0.69,1,0,1,0,0,0,0,0,0,0
32353566,,,,,,0,0.0,0.0,0,0,0,0,0,0,0,0,0,1
54577949,0.0,3000.0,8.0,,,0,3.83,2.43,0,0,0,0,0,0,0,0,0,0
36304921,1400.0,1300.0,4.0,,,0,0.02,0.09,0,0,0,0,0,0,0,0,1,0
1527418,1600.0,2800.0,7.0,,,0,0.16,0.25,0,0,0,0,0,0,0,1,0,0
3723262,1800.0,800.0,4.0,,,0,0.28,0.29,0,0,0,0,0,0,0,1,0,0
2602411,1200.0,900.0,3.0,,,0,0.14,0.35,0,0,0,0,0,0,0,1,0,0
42883273,900.0,1200.0,3.0,,,0,1.06,2.74,0,0,0,0,0,0,0,1,0,0
62995268,,,,,,0,0.08,0.24,0,0,0,0,0,0,0,0,0,2
49417509,1200.0,800.0,3.0,,,0,2.89,5.7,0,0,0,0,0,0,0,0,1,0
56369281,1650.0,1000.0,4.0,,,0,0.4,0.21,0,0,0,0,0,0,0,0,1,0
83546647,,,,,,0,0.28,0.11,0,0,0,0,0,0,0,0,0,2
45935145,2400.0,1300.0,6.0,,,0,0.08,0.17,1,0,0,0,0,1,0,0,0,0
78574395,,,,,,0,0.05,0.14,0,0,0,0,0,0,0,0,0,1
38568567,,,,,,0,0.09,0.12,0,0,0,0,0,0,0,0,0,1
50684552,,,,,,0,0.1,0.14,0,0,0,0,0,0,0,0,0,2
67775894,,,,,,0,0.17,0.2,0,0,0,0,0,0,0,0,0,1
73860462,,,,,,0,0.02,0.08,0,0,0,0,0,0,0,0,0,2
17832359,1100.0,1600.0,4.0,,,0,0.14,0.15,0,0,0,0,0,0,0,1,0,0
47195442,0.0,2600.0,4.0,,,0,0.18,0.15,1,0,0,0,0,1,0,0,0,0
17511156,800.0,1200.0,3.0,,,0,0.0,0.0,0,0,0,0,0,0,0,0,1,0
17733394,1000.0,900.0,3.0,,,0,2.26,0.0,0,0,0,0,0,0,0,0,1,0
35322812,500.0,2500.0,5.0,,,0,0.14,0.08,0,0,0,0,0,0,0,0,1,0
9848939,1400.0,1300.0,3.0,,,0,0.11,0.16,0,0,0,0,0,0,0,1,0,0
6979239,900.0,400.0,3.0,,,0,0.2,0.11,0,0,0,0,0,0,0,1,0,0
44928016,1900.0,0.0,4.0,,,0,0.1,0.11,0,0,0,0,0,0,0,1,0,0
84899094,400.0,400.0,1.0,,,0,0.1,0.23,0,0,0,0,0,0,0,1,0,0
95793022,3000.0,2600.0,9.0,,,0,0.15,0.18,1,0,1,0,0,0,0,0,0,0
90173539,,,,,,0,0.07,0.19,0,0,0,0,0,0,0,0,0,1
57282724,3500.0,,,3.0,,3,0.09,0.1,1,0,0,0,0,0,1,0,0,0
42388271,2500.0,500.0,7.0,,,0,0.11,0.16,0,0,0,0,0,0,0,1,0,0
83477829,2500.0,2500.0,7.0,,,0,0.1,0.3,0,0,0,0,0,0,0,1,0,0
57288708,0.0,0.0,5.0,,,0,0.23,0.31,0,0,0,0,0,0,0,1,0,0
27918365,2000.0,2000.0,6.0,,,0,0.06,0.15,0,0,0,0,0,0,0,1,0,0
40441990,0.0,0.0,1.0,,,0,0.05,0.11,0,0,0,0,0,0,0,1,0,0
46647144,3000.0,0.0,8.0,,,0,0.04,0.04,0,0,0,0,0,0,0,1,0,0
55787576,0.0,3000.0,6.0,,,0,0.03,0.08,0,0,0,0,0,0,0,1,0,0
93920420,500.0,2500.0,8.0,,,0,0.08,0.14,0,0,0,0,0,0,0,1,0,0
12989604,,,,,,0,0.07,0.12,0,0,0,0,0,0,0,0,0,2
59778096,,,,,,0,0.05,0.19,0,0,0,0,0,0,0,0,0,2
93236220,,,,,,0,0.08,0.11,0,0,0,0,0,0,0,0,0,1
73192600,,,,,,0,0.03,0.04,0,0,0,0,0,0,0,0,0,2
36197902,,,,,,0,0.1,0.11,0,0,0,0,0,0,0,0,0,2
61654098,,,,,,0,0.08,0.09,0,0,0,0,0,0,0,0,0,1
87571563,,,,,,0,0.24,0.24,0,0,0,0,0,0,0,0,0,1
35183584,2600.0,3000.0,9.0,,,0,0.04,0.1,0,0,0,0,0,0,0,1,0,0
67831115,,,,,,0,0.11,0.14,0,0,0,0,0,0,0,0,0,1
2930675,,,,,,0,0.27,0.28,0,0,0,0,0,0,0,0,0,1
21254443,,,,,,0,0.05,0.13,0,0,0,0,0,0,0,0,0,2
14604710,,,,,,0,1.07,0.49,0,0,0,0,0,0,0,0,0,1
89320376,,,,,,0,0.08,0.16,0,0,0,0,0,0,0,0,0,2
35546670,,,,,,0,0.16,0.17,0,0,0,0,0,0,0,0,0,1
58374719,,,,,,0,0.05,0.2,0,0,0,0,0,0,0,0,0,2
99674361,,,,,,0,1.14,1.97,0,0,0,0,0,0,0,0,0,1
31706048,,,,,,0,0.13,0.13,0,0,0,0,0,0,0,0,0,1
46647145,,,,,,0,3.35,3.18,0,0,0,0,0,0,0,0,0,4
16329071,,,,,,0,0.12,0.19,0,0,0,0,0,0,0,0,0,2
62530723,,,,,,0,0.21,0.44,0,0,0,0,0,0,0,0,0,2
62279666,,,,,,0,0.03,0.1,0,0,0,0,0,0,0,0,0,1
97648103,,,,,,0,0.05,0.03,0,0,0,0,0,0,0,0,0,1
68191756,,,,,,0,0.21,0.2,0,0,0,0,0,0,0,0,0,1
27705190,,,,,,0,0.09,0.09,0,0,0,0,0,0,0,0,0,2
25163979,,,,,,0,0.03,0.1,0,0,0,0,0,0,0,0,0,1
98935722,,,,,,0,0.4,0.51,0,0,0,0,0,0,0,0,0,2
85763457,,,,,,0,0.13,0.19,0,0,0,0,0,0,0,0,0,2
29146185,2900.0,2400.0,9.0,,,0,0.91,0.99,0,0,0,0,0,0,0,1,0,0
5414777,,,,,,0,0.06,0.18,0,0,0,0,0,0,0,0,0,1
42172465,,,,,,0,0.1,0.07,0,0,0,0,0,0,0,0,0,2
15079028,0.0,0.0,4.0,,,0,0.03,0.13,0,0,0,0,0,0,0,1,0,0
12253117,,,,,,0,0.03,0.07,0,0,0,0,0,0,0,0,0,2
45112597,2500.0,,,4.0,,4,0.13,0.13,1,0,0,0,0,0,1,0,0,0
88650530,300.0,200.0,1.0,,,0,0.08,0.14,0,0,0,0,0,0,0,1,0,0
43140791,,,,,,0,0.1,0.17,0,0,0,0,0,0,0,0,0,1
15658249,1400.0,1500.0,3.0,,,0,0.06,0.15,0,0,0,0,0,0,0,1,0,0
28506708,,,,,,0,0.06,0.14,0,0,0,0,0,0,0,0,0,1
51043243,1200.0,500.0,4.0,,,0,0.18,0.18,0,0,0,0,0,0,0,1,0,0
88438982,1700.0,1400.0,4.0,,,0,0.17,0.15,0,0,0,0,0,0,0,1,0,0
73216412,1400.0,1500.0,4.0,,,0,0.02,0.13,0,0,0,0,0,0,0,0,1,0
14936691,2400.0,1200.0,6.0,,,0,0.31,0.28,0,0,0,0,0,0,0,1,0,0
58760121,500.0,800.0,2.0,,,0,0.16,0.22,0,0,0,0,0,0,0,1,0,0
85754829,1500.0,300.0,4.0,,,0,0.14,0.32,0,0,0,0,0,0,0,1,0,0
11159464,800.0,1500.0,1.0,,,0,0.12,0.23,0,0,0,0,0,0,0,1,0,0
57543573,2000.0,1800.0,5.0,,,0,0.04,0.11,0,0,0,0,0,0,0,1,0,0
84932271,1200.0,0.0,3.0,,,0,0.09,0.13,0,0,0,0,0,0,0,1,0,0
10026986,2700.0,1100.0,8.0,,,0,1.3,0.78,0,0,0,0,0,0,0,1,0,0
44811425,300.0,1000.0,2.0,,,0,0.12,0.26,0,0,0,0,0,0,0,1,0,0
71315423,400.0,1600.0,4.0,,,0,0.3,0.21,0,0,0,0,0,0,0,1,0,0
7700132,1500.0,2400.0,6.0,,,0,0.37,0.18,0,0,0,0,0,0,0,1,0,0
28465301,400.0,800.0,2.0,,,0,0.41,0.22,0,0,0,0,0,0,0,1,0,0
54860010,2200.0,400.0,6.0,,,0,0.34,0.19,0,0,0,0,0,0,0,1,0,0
81254059,2700.0,1100.0,8.0,,,0,0.35,0.61,0,0,0,0,0,0,0,1,0,0
17649753,2100.0,1200.0,4.0,,,0,0.32,0.15,0,0,0,0,0,0,0,1,0,0
3204467,1000.0,1600.0,4.0,,,0,0.46,0.15,0,0,0,0,0,0,0,1,0,0
30299166,1700.0,700.0,4.0,,,0,0.38,0.22,0,0,0,0,0,0,0,1,0,0
43140792,,,,,,0,0.0,0.0,0,0,0,0,0,0,0,0,0,4
76683171,100.0,100.0,1.0,,,0,0.32,0.15,0,0,0,0,0,0,0,1,0,0
2088870,0.0,2500.0,7.0,,,0,0.51,0.5,0,0,0,0,0,0,0,1,0,0
35638627,2350.0,1800.0,6.0,,,0,0.34,0.22,0,0,0,0,0,0,0,1,0,0
11722335,1800.0,1000.0,4.0,,,0,1.23,0.57,0,0,0,0,0,0,0,1,0,0
47111934,1000.0,1800.0,4.0,,,0,0.81,0.53,0,0,0,0,0,0,0,1,0,0
74506079,-1.0,0.0,10.0,,,0,2.97,0.81,1,0,1,0,0,0,0,0,0,0
69750536,1250.0,900.0,4.0,,,0,1.36,4.68,0,0,0,0,0,0,0,0,1,0
52098461,,,,,,0,0.18,0.25,0,0,0,0,0,0,0,0,0,1
28139785,800.0,800.0,2.0,,,0,0.06,0.13,0,0,0,0,0,0,0,1,0,0
17238333,550.0,400.0,2.0,,,0,2.55,27.73,0,0,0,0,0,0,0,0,1,0
6480253,800.0,1200.0,3.0,,,0,0.16,0.21,0,0,0,0,0,0,0,1,0,0
58996430,2100.0,300.0,4.0,,,0,0.88,1.22,0,0,0,0,0,0,0,1,0,0
86395581,1850.0,1500.0,5.0,,,0,0.05,0.1,0,0,0,0,0,0,0,1,0,0
37744402,500.0,1500.0,3.0,,,0,0.09,0.14,0,0,0,0,0,0,0,1,0,0
30674956,1850.0,,,2.0,,2,0.02,0.14,1,0,0,0,0,0,1,0,0,0
70860415,1800.0,1500.0,4.0,,,0,0.44,7.34,0,0,0,0,0,0,0,1,0,0
62651957,1800.0,1500.0,4.0,,,0,0.1,0.23,0,0,0,0,0,0,0,0,1,0
66393507,1900.0,,0.0,2.0,,2,0.09,0.12,1,0,0,0,0,0,1,0,0,0
92781606,2000.0,,0.0,2.0,,2,0.24,0.22,1,0,0,0,0,0,1,0,0,0
39998992,1800.0,,0.0,2.0,,2,0.08,0.15,1,0,0,0,0,0,1,0,0,0
90508760,1600.0,200.0,3.0,,,0,0.1,0.16,0,0,0,0,0,0,0,0,0,0
23115241,1800.0,1100.0,4.0,,,0,0.33,0.29,0,0,0,0,0,0,0,0,1,0
53100061,400.0,100.0,1.0,,,0,0.17,0.21,0,0,0,0,0,0,0,1,0,0
45462306,1200.0,1100.0,3.0,,,0,0.1,0.11,0,0,0,0,0,0,0,0,0,0
50604950,1800.0,800.0,4.0,,,0,0.14,0.17,0,0,0,0,0,0,0,1,0,0
8252010,2600.0,2100.0,7.0,,,0,0.22,0.14,1,0,0,0,1,0,0,0,0,0
96099959,200.0,300.0,1.0,,,0,0.08,0.11,0,0,0,0,0,0,0,0,0,0
23093604,100.0,0.0,2.0,,,0,0.06,0.11,0,0,0,0,0,0,0,0,0,0
9978697,1700.0,300.0,4.0,,,0,0.09,0.1,0,0,0,0,0,0,0,0,0,0
63612442,2500.0,1600.0,7.0,,,0,0.05,0.1,1,0,0,0,1,0,0,0,0,0
80108118,2200.0,1300.0,7.0,,,0,0.16,0.14,1,0,0,0,1,0,0,0,0,0
26993374,1600.0,1000.0,4.0,,,0,0.09,0.16,0,0,0,0,0,0,0,1,0,0
83810690,2100.0,400.0,5.0,,,0,0.43,0.67,1,0,0,0,1,0,0,0,0,0
5852388,2000.0,200.0,6.0,,,0,0.21,0.18,0,0,0,0,0,0,0,0,0,0
71692913,2500.0,500.0,7.0,,3.0,0,0.25,0.62,0,1,0,0,0,0,0,1,0,0
17086528,500.0,1500.0,4.0,,8.0,0,0.15,0.33,0,1,0,0,0,0,0,1,0,0
76515293,,,,,,0,0.22,0.32,0,0,0,0,0,0,0,0,0,2
40736921,,,,,,0,0.32,0.19,0,0,0,0,0,0,0,0,0,2
58004362,1600.0,,,2.0,,2,0.1,0.18,1,0,0,0,0,0,1,0,0,0
63813056,2500.0,,,3.0,,3,0.25,0.26,1,0,0,0,0,0,1,0,0,0
19324993,1700.0,,,2.0,,2,3.34,7.24,1,0,0,0,0,0,1,0,0,0
1948619,1900.0,,0.0,2.0,,2,0.6,0.81,1,0,0,0,0,0,1,0,0,0
31213049,,,,,,0,0.02,0.08,0,0,0,0,0,0,0,0,0,2
5998840,1900.0,1000.0,4.0,,,0,0.06,0.1,0,0,0,0,0,0,0,1,0,0
31383545,100.0,100.0,3.0,,,0,0.07,0.12,0,0,0,0,0,0,0,1,0,0
42737833,1300.0,800.0,3.0,,,0,0.15,0.18,0,0,0,0,0,0,0,1,0,0
51808422,2400.0,1800.0,6.0,,,0,0.02,0.12,0,0,0,0,0,0,0,1,0,0
78422252,1300.0,1000.0,3.0,,,0,0.14,0.18,0,0,0,0,0,0,0,0,0,0
42024143,2100.0,1400.0,5.0,,,0,3.58,4.74,0,0,0,0,0,0,0,1,0,0
77330185,1400.0,400.0,4.0,,,0,0.11,0.11,0,0,0,0,0,0,0,1,0,0
52352005,3100.0,2600.0,9.0,,,0,0.13,0.21,1,0,0,0,1,0,0,0,0,0
2203790,2300.0,1300.0,6.0,,,0,0.11,0.11,1,0,0,0,1,0,0,0,0,0
87292536,200.0,1000.0,1.0,,,0,0.09,0.16,0,0,0,0,0,0,0,1,0,0
2111707,2200.0,1900.0,6.0,,,0,0.31,0.36,1,0,1,0,0,0,0,0,0,0
72502414,900.0,300.0,2.0,,,0,0.07,0.15,0,0,0,0,0,0,0,1,0,0
60623203,,,,,,0,0.05,0.05,0,0,0,0,0,0,0,0,0,1
20145685,2500.0,1800.0,5.0,,,0,0.72,0.75,1,0,0,0,0,1,0,0,0,0
94151981,2500.0,800.0,3.0,,,0,0.38,0.79,1,0,0,0,0,1,0,0,0,0
86062400,1800.0,700.0,4.0,,,0,0.05,0.11,0,0,0,0,0,0,0,1,0,0
19272658,,,,,,0,0.09,0.14,0,0,0,0,0,0,0,0,0,2
44487250,,,,,,0,0.1,0.23,0,0,0,0,0,0,0,0,0,2
30600344,,,,,,0,0.06,0.11,0,0,0,0,0,0,0,0,0,1
11705261,,,,,,0,0.21,0.19,0,0,0,0,0,0,0,0,0,1
95471006,,,,,,0,0.04,0.09,0,0,0,0,0,0,0,0,0,1
71541986,,,,,,0,0.07,0.14,0,0,0,0,0,0,0,0,0,2
57836546,,,,,,0,0.1,0.12,0,0,0,0,0,0,0,0,0,1
58628539,,,,,,0,0.04,0.08,0,0,0,0,0,0,0,0,0,2
78610936,,,,,,0,0.24,0.13,0,0,0,0,0,0,0,0,0,1
85839825,,,,,,0,0.02,0.11,0,0,0,0,0,0,0,0,0,1
81978611,,,,,,0,0.05,0.08,0,0,0,0,0,0,0,0,0,1
31398842,,,,,,0,0.04,0.08,0,0,0,0,0,0,0,0,0,1
72355441,,,,,,0,2.44,1.19,0,0,0,0,0,0,0,0,0,1
21723081,,,,,,0,0.16,0.2,0,0,0,0,0,0,0,0,0,2
14602126,,,,,,0,0.02,0.14,0,0,0,0,0,0,0,0,0,1
43150717,,,,,,0,0.07,0.14,0,0,0,0,0,0,0,0,0,1
32999573,,,,,,0,0.05,0.1,0,0,0,0,0,0,0,0,0,1
16938770,,,,,,0,0.05,0.15,0,0,0,0,0,0,0,0,0,2
26708437,,,,,,0,0.09,0.16,0,0,0,0,0,0,0,0,0,2
74728028,,,,,,0,0.13,0.15,0,0,0,0,0,0,0,0,0,1
2371506,,,,,,0,0.13,0.61,0,0,0,0,0,0,0,0,0,2
43138260,800.0,800.0,4.0,,,0,0.08,0.19,0,0,0,0,0,0,0,1,0,0
10275411,,,,,,0,0.06,0.09,0,0,0,0,0,0,0,0,0,1
31554054,,,,,,0,0.19,0.11,0,0,0,0,0,0,0,0,0,2
66604523,,,,,,0,0.06,0.16,0,0,0,0,0,0,0,0,0,2
32764863,,,,,,0,0.13,0.4,0,0,0,0,0,0,0,0,0,2
8339504,,,,,,0,0.11,0.09,0,0,0,0,0,0,0,0,0,1
7850740,1200.0,1800.0,4.0,,,0,0.03,0.13,0,0,0,0,0,0,0,1,0,0
11228035,,,,,,0,0.11,0.17,0,0,0,0,0,0,0,0,0,2
4545854,,,,,,0,0.54,0.2,0,0,0,0,0,0,0,0,0,1
32086564,,,,,,0,0.08,0.11,0,0,0,0,0,0,0,0,0,2
13032689,,,,,,0,0.06,0.13,0,0,0,0,0,0,0,0,0,1
11109820,,,,,,0,0.11,0.13,0,0,0,0,0,0,0,0,0,2
96457619,,,,,,0,0.17,0.42,0,0,0,0,0,0,0,0,0,2
99064191,,,,,,0,0.08,0.12,0,0,0,0,0,0,0,0,0,2
57319935,,,,,,0,0.07,0.06,0,0,0,0,0,0,0,0,0,2
91998119,2800.0,2600.0,8.0,,,0,0.09,0.18,1,0,1,0,0,0,0,0,0,0
75748977,3000.0,2800.0,9.0,,,0,0.89,2.09,1,0,1,0,0,0,0,0,0,0
86559484,1700.0,200.0,4.0,,,0,0.12,0.18,0,0,0,0,0,0,0,1,0,0
99724761,2400.0,2100.0,6.0,,,0,0.45,0.24,1,0,1,0,0,0,0,0,0,0
65622692,1500.0,1600.0,4.0,,,0,0.06,0.19,0,0,0,0,0,0,0,1,0,0
6355563,1500.0,1600.0,4.0,,,0,0.15,0.26,0,0,0,0,0,0,0,1,0,0
29792472,,,,,,0,0.11,0.13,0,0,0,0,0,0,0,0,0,2
29380133,900.0,1700.0,4.0,,,0,0.09,0.14,0,0,0,0,0,0,0,1,0,0
13298352,2000.0,2000.0,5.0,,,0,0.14,0.17,1,0,1,0,0,0,0,0,0,0
10315429,1000.0,1300.0,4.0,,,0,0.1,0.49,0,0,0,0,0,0,0,0,1,0
10852583,2200.0,0.0,5.0,,,0,0.04,0.08,0,0,0,0,0,0,0,1,0,0
94215860,1900.0,1500.0,4.0,,,0,0.13,0.15,0,0,0,0,0,0,0,0,0,0
90583279,2000.0,2000.0,8.0,,,0,0.08,0.19,0,0,0,0,0,0,0,1,0,0
70345785,1600.0,1800.0,5.0,,,0,4.26,0.86,0,0,0,0,0,0,0,0,1,0
76862289,2600.0,3100.0,7.0,,,0,1.77,1.99,0,0,0,0,0,0,0,0,0,0
4632019,0.0,800.0,1.0,,,0,0.02,0.13,0,0,0,0,0,0,0,0,0,0
76704943,900.0,300.0,2.0,,,0,0.0,0.0,0,0,0,0,0,0,0,0,1,0
82841979,2200.0,1200.0,6.0,,,0,0.27,0.36,0,0,0,0,0,0,0,0,0,0
59197169,,,,,,0,0.05,0.2,0,0,0,0,0,0,0,0,0,1
24181936,,,,,,0,0.06,0.15,0,0,0,0,0,0,0,0,0,1
51474037,0.0,0.0,2.0,,,0,0.04,0.07,0,0,0,0,0,0,0,1,0,0
67249508,,,,,,0,0.05,0.09,0,0,0,0,0,0,0,0,0,2
30398342,,,,,,0,0.21,0.66,0,0,0,0,0,0,0,0,0,2
17183908,,,,,,0,1.16,0.92,0,0,0,0,0,0,0,0,0,1
43577607,,,,,,0,0.05,0.07,0,0,0,0,0,0,0,0,0,1
77783947,,,,,,0,0.09,0.11,0,0,0,0,0,0,0,0,0,2
71280811,1300.0,1500.0,4.0,,,0,4.37,1.35,0,0,0,0,0,0,0,0,1,0
77714963,2000.0,0.0,5.0,,,0,0.2,0.27,0,0,0,0,0,0,0,1,0,0
41061625,800.0,600.0,2.0,,,0,0.0,0.0,0,0,0,0,0,0,0,0,1,0
3078576,200.0,100.0,2.0,,,0,0.15,0.12,0,0,0,0,0,0,0,0,0,0
43202238,2600.0,2100.0,7.0,,,0,0.16,0.19,1,0,0,0,1,0,0,0,0,0
65303664,2600.0,1800.0,7.0,,,0,1.99,1.57,0,0,0,0,0,0,0,1,0,0
90247311,3000.0,1500.0,8.0,,,0,0.24,0.32,0,0,0,0,0,0,0,1,0,0
16366810,0.0,1000.0,1.0,,,0,0.26,0.21,0,0,0,0,0,0,0,1,0,0
13839120,1200.0,1200.0,4.0,,,0,0.04,0.09,0,0,0,0,0,0,0,1,0,0
4542651,,,,,,0,0.05,0.13,0,0,0,0,0,0,0,0,0,1
64749612,1900.0,1800.0,4.0,,,0,0.06,0.1,0,0,0,0,0,0,0,1,0,0
53090623,1000.0,1000.0,4.0,,,0,0.09,0.09,0,0,0,0,0,0,0,1,0,0
1710647,2400.0,1500.0,7.0,,,0,0.13,0.25,0,0,0,0,0,0,0,1,0,0
40516623,2400.0,1000.0,5.0,,1.0,0,0.04,0.1,0,0,0,0,0,0,0,0,0,0
3486020,2900.0,2400.0,9.0,,,0,4.38,3.76,1,0,0,0,1,0,0,0,0,0
27750191,800.0,600.0,1.0,,,0,0.05,0.15,0,0,0,0,0,0,0,0,0,0
17350692,3300.0,0.0,10.0,,,0,0.09,0.1,0,0,0,0,0,0,0,1,0,0
51534754,800.0,1400.0,3.0,,,0,0.13,0.17,0,0,0,0,0,0,0,1,0,0
57511992,700.0,2000.0,4.0,,,0,0.06,0.12,0,0,0,0,0,0,0,1,0,0
17115745,1200.0,900.0,3.0,,,0,0.0,0.0,0,0,0,0,0,0,0,0,1,0
27918963,,,,,,0,0.19,0.08,0,0,0,0,0,0,0,0,0,1
79861914,,,,,,0,0.1,0.11,0,0,0,0,0,0,0,0,0,1
85970321,800.0,1200.0,4.0,,,0,0.05,0.12,0,0,0,0,0,0,0,1,0,0
65247798,1600.0,500.0,4.0,,,0,0.17,0.15,0,0,0,0,0,0,0,1,0,0
92246806,1800.0,200.0,4.0,,,0,0.21,0.18,0,0,0,0,0,0,0,1,0,0
28630501,1500.0,800.0,4.0,,,0,0.11,0.24,0,0,0,0,0,0,0,1,0,0
23740893,0.0,0.0,1.0,,,0,0.09,0.1,0,0,0,0,0,0,0,1,0,0
49249907,2000.0,100.0,6.0,,,0,0.09,0.15,0,0,0,0,0,0,0,1,0,0
39853199,2300.0,200.0,6.0,,,0,0.2,0.23,0,0,0,0,0,0,0,1,0,0
61884774,,,,,,0,0.06,0.14,0,0,0,0,0,0,0,0,0,1
69838592,-1.0,-1.0,6.0,,,0,0.15,0.19,0,0,0,0,0,0,0,1,0,0
58981727,1700.0,400.0,4.0,,,0,0.02,0.11,0,0,0,0,0,0,0,1,0,0
65025250,0.0,2100.0,4.0,,3.0,0,0.15,0.2,0,1,0,0,0,0,0,1,0,0
91420254,0.0,2100.0,4.0,,5.0,0,0.13,0.09,0,1,0,0,0,0,0,1,0,0
25244515,1000.0,0.0,4.0,,,0,0.16,0.11,0,0,0,0,0,0,0,1,0,0
54880296,,,,,,0,0.06,0.09,0,0,0,0,0,0,0,0,0,1
54903668,,,,,,0,0.21,0.11,0,0,0,0,0,0,0,0,0,2
10612222,,,,,,0,0.06,0.12,0,0,0,0,0,0,0,0,0,2
32056070,,,,,,0,0.05,0.07,0,0,0,0,0,0,0,0,0,1
88346805,,,,,,0,0.15,0.16,0,0,0,0,0,0,0,0,0,2
10312660,,,,,,0,0.08,0.16,0,0,0,0,0,0,0,0,0,2
33393090,500.0,500.0,3.0,,,0,0.28,0.2,0,0,0,0,0,0,0,1,0,0
81332143,,,,,,0,77.67,93.13,0,0,0,0,0,0,0,0,0,1
78371393,0.0,0.0,10.0,,,0,2.0,2.07,0,0,0,0,0,0,0,1,0,0
4779091,0.0,0.0,11.0,,,0,1.15,1.06,0,0,0,0,0,0,0,1,0,0
47172959,0.0,0.0,12.0,,,0,1.58,1.17,1,0,1,0,0,0,0,0,0,0
31764700,0.0,0.0,12.0,,,0,1.0,0.63,0,0,0,0,0,0,0,1,0,0
72700231,0.0,1900.0,1.0,,,0,0.04,0.09,0,0,0,0,0,0,0,1,0,0
2645637,2900.0,,,4.0,,4,0.06,0.1,1,0,0,0,0,0,1,0,0,0
66870733,1900.0,,,2.0,,2,0.02,3.07,1,0,0,0,0,0,1,0,0,0
36114945,2400.0,,,3.0,,3,0.02,0.24,1,0,0,0,0,0,1,0,0,0
56870908,,,,,,0,0.2,0.16,0,0,0,0,0,0,0,0,0,1
65853758,,,,,,0,0.02,0.09,0,0,0,0,0,0,0,0,0,2
30581601,600.0,,,1.0,,1,1.14,0.76,1,0,0,0,0,0,1,0,0,0
29369059,,,,,,0,0.16,0.17,0,0,0,0,0,0,0,0,0,1
93360904,,,,,,0,0.02,0.15,0,0,0,0,0,0,0,0,0,1
66975205,,,,,,0,0.07,0.09,0,0,0,0,0,0,0,0,0,1
25119460,2100.0,2200.0,6.0,,,0,0.28,0.33,1,0,1,0,0,0,0,0,0,0
64500000,1500.0,1300.0,4.0,,,0,0.1,0.18,0,0,0,0,0,0,0,1,0,0
62499965,,,,,,0,0.05,0.06,0,0,0,0,0,0,0,0,0,1
33744268,1500.0,1300.0,4.0,,,0,0.18,0.22,0,0,0,0,0,0,0,1,0,0
87602890,2800.0,1000.0,8.0,,,0,0.32,0.56,0,0,0,0,0,0,0,1,0,0
51945556,2400.0,1000.0,5.0,,,0,0.84,0.94,0,0,0,0,0,0,0,1,0,0
40460013,1600.0,200.0,4.0,,,0,0.14,0.17,0,0,0,0,0,0,0,1,0,0
4891376,2800.0,2100.0,7.0,,,0,1.03,2.11,1,0,0,0,1,0,0,0,0,0
101403037,2600.0,1700.0,5.0,,,0,0.0,0.0,1,0,0,0,1,0,0,0,0,0
30090452,1500.0,1700.0,5.0,,,0,0.0,0.0,0,0,0,0,0,0,0,0,1,0
97466438,0.0,2000.0,2.0,,7.0,0,0.13,0.1,0,1,0,0,0,0,0,1,0,0
29951323,1600.0,1500.0,4.0,,,0,0.03,0.11,0,0,0,0,0,0,0,1,0,0
28929131,0.0,0.0,10.0,,,0,0.68,0.34,0,0,0,0,0,0,0,1,0,0
92744676,1000.0,1200.0,2.0,,,0,0.06,0.17,1,0,0,0,1,0,0,0,0,0
64230128,,,,,,0,0.09,0.1,0,0,0,0,0,0,0,0,0,1
10598400,600.0,700.0,2.0,,,0,0.0,0.0,0,0,0,0,0,0,0,0,1,0
2815176,2500.0,,,1.0,,1,0.14,0.27,1,0,0,0,0,0,1,0,0,0
35561352,,,,,,0,0.2,0.22,0,0,0,0,0,0,0,0,0,2
85216896,2500.0,,0.0,3.0,,3,0.25,0.28,1,0,0,0,0,0,1,0,0,0
5255013,,,,,,0,0.12,0.1,0,0,0,0,0,0,0,0,0,1
74580251,,,,,,0,0.23,0.1,0,0,0,0,0,0,0,0,0,1
96073342,,,,,,0,0.16,0.22,0,0,0,0,0,0,0,0,0,2
29432356,3450.0,2950.0,11.0,,5.0,0,0.15,0.24,0,1,0,0,0,0,0,1,0,0
58990362,0.0,2600.0,6.0,,7.0,0,0.06,0.09,0,1,0,0,0,0,0,1,0,0
84388461,1500.0,800.0,4.0,,1.0,0,0.05,0.16,0,1,0,0,0,0,0,1,0,0
20773176,2000.0,1000.0,5.0,,7.0,0,0.06,0.13,0,1,0,0,0,0,0,1,0,0
21495657,1500.0,0.0,3.0,,1.0,0,0.05,0.17,0,1,0,0,0,0,0,1,0,0
74854609,,,,,,0,0.29,0.2,0,0,0,0,0,0,0,0,0,2
97946536,,,,,,0,0.32,0.28,0,0,0,0,0,0,0,0,0,1
22858242,2500.0,1800.0,7.0,,,0,0.29,0.25,1,0,0,0,1,0,0,0,0,0
12555008,,,,,,0,0.0,0.0,0,0,0,0,0,0,0,0,0,2
72278590,,,,,,0,0.0,0.0,0,0,0,0,0,0,0,0,0,1
10007434,0.0,1500.0,4.0,,,0,0.0,0.0,0,0,0,0,0,0,0,1,0,0
84512726,0.0,1000.0,4.0,,,0,14.95,0.0,0,0,0,0,0,0,0,1,0,0
48940617,,,,,,0,0.0,0.0,0,0,0,0,0,0,0,0,0,2
10884847,2800.0,1500.0,6.0,,,0,0.0,0.0,0,0,0,1,0,0,0,1,0,0
47095439,5000.0,2500.0,12.0,,,0,4.9,0.0,0,0,0,1,0,0,0,1,0,0
83319610,,,,,,0,0.1,0.15,0,0,0,0,0,0,0,0,0,2
61011311,,,,,,0,0.08,0.17,0,0,0,0,0,0,0,0,0,1
91422370,,,,,,0,0.11,0.09,0,0,0,0,0,0,0,0,0,2
29999161,,,,,,0,0.07,0.1,0,0,0,0,0,0,0,0,0,2
7594154,0.0,,,5.0,,5,3.24,3.69,1,0,0,0,0,0,1,0,0,0
76133574,0.0,1000.0,2.0,,,0,1.92,1.51,0,0,0,0,0,0,0,0,0,0
81756897,,,,,,0,0.1,0.11,0,0,0,0,0,0,0,0,0,1
69123138,2800.0,2300.0,8.0,,,0,0.13,0.26,0,0,0,1,0,0,0,0,0,0
12171659,2100.0,800.0,4.0,,,0,0.1,0.33,0,0,0,0,0,0,0,1,0,0
60162470,,,,,,0,0.02,0.08,0,0,0,0,0,0,0,0,0,1
17521642,,,,,,0,0.15,0.13,0,0,0,0,0,0,0,0,0,2
93816465,0.0,0.0,4.0,,,0,0.1,0.17,0,0,0,0,0,0,0,1,0,0
83133491,,,,,,0,0.05,0.09,0,0,0,0,0,0,0,0,0,2
93014827,,,,,,0,0.09,0.2,0,0,0,0,0,0,0,0,0,2
30562585,,,,,,0,2.67,2.8,0,0,0,0,0,0,0,0,0,1
85446833,,,,,,0,0.12,0.12,0,0,0,0,0,0,0,0,0,1
17739335,2600.0,,,3.0,,3,0.1,0.18,1,0,0,0,0,0,1,0,0,0
64382839,2400.0,2100.0,7.0,,,0,9.6,13.9,0,0,0,0,0,0,0,1,0,0
31712840,,,,,,0,0.04,0.04,0,0,0,0,0,0,0,0,0,2
95664204,,,,,,0,0.06,0.21,0,0,0,0,0,0,0,0,0,1
62623659,,,,,,0,0.12,0.16,0,0,0,0,0,0,0,0,0,1
4017398,,,,,,0,0.04,0.08,0,0,0,0,0,0,0,0,0,1
95856586,,,,,,0,0.15,0.25,0,0,0,0,0,0,0,0,0,1
24311372,2600.0,1900.0,7.0,,,0,5.15,5.78,0,0,0,0,0,0,0,0,1,0
53753697,2600.0,1900.0,7.0,,,0,0.15,0.24,0,0,0,0,0,0,0,1,0,0
675319,,,,,,0,0.06,0.22,0,0,0,0,0,0,0,0,0,1
35998832,1500.0,1700.0,4.0,,,0,0.1,0.19,0,0,0,0,0,0,0,1,0,0
16268841,1700.0,1200.0,4.0,,,0,0.03,0.09,0,0,0,0,0,0,0,1,0,0
31525442,1700.0,1200.0,4.0,,,0,0.1,0.2,0,0,0,0,0,0,0,1,0,0
88001391,,,,,,0,0.05,0.23,0,0,0,0,0,0,0,0,0,2
79852326,,,,,,0,0.02,0.14,0,0,0,0,0,0,0,0,0,2
43642620,1900.0,0.0,4.0,,,0,0.1,0.31,0,0,0,0,0,0,0,1,0,0
17259470,1800.0,0.0,4.0,,,0,0.25,0.51,0,0,0,0,0,0,0,1,0,0
300104001,,,,,,0,0.0,0.0,0,0,0,0,0,0,0,0,0,3
38363525,,,,,,0,0.85,1.68,0,0,0,0,0,0,0,0,0,1
65357623,,,,,,0,0.24,0.58,0,0,0,0,0,0,0,0,0,1
19942835,,,,,,0,0.09,0.2,0,0,0,0,0,0,0,0,0,1
47693640,1400.0,1600.0,3.0,,,0,0.02,0.12,0,0,0,0,0,0,0,1,0,0
31339260,1200.0,900.0,3.0,,,0,1.78,61.4,1,0,1,0,0,0,0,0,0,0
4064256,,,,,,0,0.11,0.19,0,0,0,0,0,0,0,0,0,1
81616639,1400.0,1500.0,4.0,,,0,0.07,0.1,0,0,0,0,0,0,0,1,0,0
14575467,2000.0,0.0,4.0,,,0,0.11,0.26,0,0,0,0,0,0,0,0,1,0
27971137,1000.0,1000.0,2.0,,,0,0.21,0.22,0,0,0,0,0,0,0,1,0,0
52915304,2100.0,500.0,4.0,,,0,0.0,0.0,0,0,0,0,0,0,0,1,0,0
88472456,2100.0,500.0,4.0,,,0,0.08,0.92,0,0,0,0,0,0,0,1,0,0
86100785,250.0,200.0,1.0,,,0,7.86,0.78,0,0,0,0,0,0,0,1,0,0
46060017,,,,,,0,0.1,0.11,0,0,0,0,0,0,0,0,0,1
74393852,-1.0,-1.0,4.0,,,0,0.78,0.37,1,0,0,0,0,1,0,0,0,0
85115440,-1.0,-1.0,4.0,,,0,1.09,0.99,1,0,0,0,0,1,0,0,0,0
4367330,800.0,800.0,4.0,,,0,0.05,0.31,0,0,0,0,0,0,0,1,0,0
41375811,-1.0,-1.0,4.0,,,0,0.76,0.38,1,0,0,0,0,1,0,0,0,0
73881652,,,,,,0,0.05,0.19,0,0,0,0,0,0,0,0,0,2
48905153,-1.0,-1.0,4.0,,,0,0.45,0.28,1,0,0,0,0,1,0,0,0,0
98918572,,,,,,0,0.1,0.22,0,0,0,0,0,0,0,0,0,2
14970113,-1.0,-1.0,4.0,,,0,0.11,0.31,1,0,0,0,0,1,0,0,0,0
20155904,800.0,1200.0,4.0,,,0,0.12,0.19,0,0,0,0,0,0,0,1,0,0
4145852,400.0,2000.0,4.0,,,0,0.04,0.29,0,0,0,0,0,0,0,1,0,0
78872731,0.0,0.0,4.0,,,0,0.26,0.38,0,0,0,0,0,0,0,1,0,0
77150143,1600.0,0.0,4.0,,,0,1.32,1.27,0,0,0,0,0,0,0,1,0,0
11510448,-1.0,-1.0,4.0,,,0,0.9,0.71,1,0,0,0,0,1,0,0,0,0
31755044,1200.0,400.0,4.0,,,0,0.16,0.5,0,0,0,0,0,0,0,1,0,0
95911373,2900.0,1500.0,8.0,,,0,0.06,0.09,1,0,0,0,1,0,0,0,0,0
36099130,1500.0,1500.0,4.0,,,0,0.13,0.24,0,0,0,0,0,0,0,0,0,0
37260677,2900.0,2900.0,8.0,,,0,0.71,0.75,1,0,1,0,0,0,0,0,0,0
68258355,300.0,900.0,4.0,,,0,0.05,0.18,0,0,0,0,0,0,0,1,0,0
4647954,900.0,300.0,4.0,,,0,0.47,0.28,0,0,0,0,0,0,0,1,0,0
32281491,600.0,0.0,3.0,,,0,0.16,0.2,0,0,0,0,0,0,0,1,0,0
31123642,2000.0,2500.0,4.0,,,0,0.41,0.25,1,0,0,0,0,1,0,0,0,0
51865604,500.0,100.0,1.0,,,0,0.18,0.12,0,0,0,0,0,0,0,1,0,0
57036718,1800.0,600.0,3.0,,,0,0.08,0.11,0,0,0,0,0,0,0,1,0,0
31563350,2000.0,1000.0,4.0,,,0,0.09,0.28,1,0,0,0,0,1,0,0,0,0
97896503,1600.0,900.0,3.0,,,0,0.06,0.05,0,0,0,0,0,0,0,1,0,0
62006866,1600.0,900.0,3.0,,,0,0.31,0.29,0,0,0,0,0,0,0,1,0,0
23720856,1800.0,100.0,4.0,,,0,0.16,0.41,0,0,0,0,0,0,0,1,0,0
43256007,500.0,300.0,2.0,,,0,0.2,0.31,0,0,0,0,0,0,0,1,0,0
7459013,1800.0,1500.0,4.0,,,0,0.05,0.1,0,0,0,0,0,0,0,0,1,0
67547370,0.0,0.0,10.0,,,0,0.09,0.14,0,0,0,0,0,0,0,1,0,0
24454387,500.0,400.0,2.0,,,0,0.07,0.14,0,0,0,0,0,0,0,1,0,0
40941889,1000.0,1000.0,4.0,,,0,0.3,0.51,0,0,0,0,0,0,0,1,0,0
2896663,3000.0,1200.0,5.0,,,0,0.16,0.14,1,0,0,0,0,1,0,0,0,0
29353756,2000.0,1200.0,5.0,,,0,0.05,0.24,0,0,0,0,0,0,0,1,0,0
60992364,3000.0,1200.0,5.0,,,0,0.11,0.15,1,0,0,0,0,1,0,0,0,0
45082499,1200.0,2000.0,5.0,,,0,1.75,0.69,0,0,0,0,0,0,0,1,0,0
32164201,1000.0,2100.0,5.0,,,0,0.09,0.16,0,0,0,0,0,0,0,1,0,0
87008374,1100.0,0.0,3.0,,,0,0.34,0.2,0,0,0,0,0,0,0,1,0,0
2648201,1000.0,1000.0,4.0,,,0,0.13,0.1,0,0,0,0,0,0,0,1,0,0
95886782,800.0,1600.0,4.0,,,0,0.12,0.17,0,0,0,0,0,0,0,1,0,0
81471108,1300.0,1800.0,5.0,,,0,0.08,0.1,0,0,0,0,0,0,0,1,0,0
18865703,0.0,2000.0,4.0,,,0,0.03,0.11,0,0,0,0,0,0,0,1,0,0
76080032,1900.0,0.0,4.0,,,0,0.04,0.21,0,0,0,0,0,0,0,1,0,0
